route,edition,resolution,scale,family,group,canonical_source_group,name,jp,ko,state,metadata_record,metadata_rect,metadata_third,logical_rect,logical_size,atlas_clip_rect,boundary_clipped,bc3_block_rect
base_low,base,low,1,base_detail,0,0,county_info,郡情報,군정보,1,18,"[1460,1188,96,88]",0,"[1458,1182,1558,1277]","[100,95]","[1458,1182,1558,1277]",False,"[364,295,390,320]"
base_low,base,low,1,base_detail,0,0,county_info,郡情報,군정보,2,19,"[1564,1188,96,88]",0,"[1562,1182,1662,1277]","[100,95]","[1562,1182,1662,1277]",False,"[390,295,416,320]"
base_low,base,low,1,base_detail,0,0,county_info,郡情報,군정보,3,20,"[1668,1188,96,88]",0,"[1666,1182,1766,1277]","[100,95]","[1666,1182,1766,1277]",False,"[416,295,442,320]"
base_low,base,low,1,base_detail,0,0,county_info,郡情報,군정보,4,21,"[1772,1188,96,88]",0,"[1770,1182,1870,1277]","[100,95]","[1770,1182,1870,1277]",False,"[442,295,468,320]"
base_low,base,low,1,base_detail,0,0,county_info,郡情報,군정보,5,22,"[1876,1188,96,88]",0,"[1874,1182,1974,1277]","[100,95]","[1874,1182,1974,1277]",False,"[468,295,494,320]"
base_low,base,low,1,base_detail,0,0,county_info,郡情報,군정보,6,23,"[4,1236,96,88]",0,"[2,1230,102,1325]","[100,95]","[2,1230,102,1325]",False,"[0,307,26,332]"
base_low,base,low,1,base_detail,1,1,battle_info,合戦情報,합전정보,1,24,"[108,1268,96,88]",0,"[106,1262,206,1357]","[100,95]","[106,1262,206,1357]",False,"[26,315,52,340]"
base_low,base,low,1,base_detail,1,1,battle_info,合戦情報,합전정보,2,25,"[212,1284,96,88]",0,"[210,1278,310,1373]","[100,95]","[210,1278,310,1373]",False,"[52,319,78,344]"
base_low,base,low,1,base_detail,1,1,battle_info,合戦情報,합전정보,3,26,"[316,1284,96,88]",0,"[314,1278,414,1373]","[100,95]","[314,1278,414,1373]",False,"[78,319,104,344]"
base_low,base,low,1,base_detail,1,1,battle_info,合戦情報,합전정보,4,27,"[420,1284,96,88]",0,"[418,1278,518,1373]","[100,95]","[418,1278,518,1373]",False,"[104,319,130,344]"
base_low,base,low,1,base_detail,1,1,battle_info,合戦情報,합전정보,5,28,"[524,1284,96,88]",0,"[522,1278,622,1373]","[100,95]","[522,1278,622,1373]",False,"[130,319,156,344]"
base_low,base,low,1,base_detail,1,1,battle_info,合戦情報,합전정보,6,29,"[628,1284,96,88]",0,"[626,1278,726,1373]","[100,95]","[626,1278,726,1373]",False,"[156,319,182,344]"
base_low,base,low,1,base_detail,2,2,fief,知行,지행,1,30,"[732,1284,96,88]",0,"[730,1278,830,1373]","[100,95]","[730,1278,830,1373]",False,"[182,319,208,344]"
base_low,base,low,1,base_detail,2,2,fief,知行,지행,2,31,"[836,1284,96,88]",0,"[834,1278,934,1373]","[100,95]","[834,1278,934,1373]",False,"[208,319,234,344]"
base_low,base,low,1,base_detail,2,2,fief,知行,지행,3,32,"[940,1284,96,88]",0,"[938,1278,1038,1373]","[100,95]","[938,1278,1038,1373]",False,"[234,319,260,344]"
base_low,base,low,1,base_detail,2,2,fief,知行,지행,4,33,"[1044,1284,96,88]",0,"[1042,1278,1142,1373]","[100,95]","[1042,1278,1142,1373]",False,"[260,319,286,344]"
base_low,base,low,1,base_detail,2,2,fief,知行,지행,5,34,"[1148,1284,96,88]",0,"[1146,1278,1246,1373]","[100,95]","[1146,1278,1246,1373]",False,"[286,319,312,344]"
base_low,base,low,1,base_detail,2,2,fief,知行,지행,6,35,"[1252,1284,96,88]",0,"[1250,1278,1350,1373]","[100,95]","[1250,1278,1350,1373]",False,"[312,319,338,344]"
base_low,base,low,1,base_detail,3,3,magistrate,代官,대관,1,36,"[1356,1284,96,88]",0,"[1354,1278,1454,1373]","[100,95]","[1354,1278,1454,1373]",False,"[338,319,364,344]"
base_low,base,low,1,base_detail,3,3,magistrate,代官,대관,2,37,"[1460,1284,96,88]",0,"[1458,1278,1558,1373]","[100,95]","[1458,1278,1558,1373]",False,"[364,319,390,344]"
base_low,base,low,1,base_detail,3,3,magistrate,代官,대관,3,38,"[1564,1284,96,88]",0,"[1562,1278,1662,1373]","[100,95]","[1562,1278,1662,1373]",False,"[390,319,416,344]"
base_low,base,low,1,base_detail,3,3,magistrate,代官,대관,4,39,"[1668,1284,96,88]",0,"[1666,1278,1766,1373]","[100,95]","[1666,1278,1766,1373]",False,"[416,319,442,344]"
base_low,base,low,1,base_detail,3,3,magistrate,代官,대관,5,40,"[1772,1284,96,88]",0,"[1770,1278,1870,1373]","[100,95]","[1770,1278,1870,1373]",False,"[442,319,468,344]"
base_low,base,low,1,base_detail,3,3,magistrate,代官,대관,6,41,"[1876,1284,96,88]",0,"[1874,1278,1974,1373]","[100,95]","[1874,1278,1974,1373]",False,"[468,319,494,344]"
base_low,base,low,1,base_detail,4,4,county_develop,郡開発,군개발,1,42,"[4,1332,96,88]",0,"[2,1326,102,1421]","[100,95]","[2,1326,102,1421]",False,"[0,331,26,356]"
base_low,base,low,1,base_detail,4,4,county_develop,郡開発,군개발,2,43,"[108,1364,96,88]",0,"[106,1358,206,1453]","[100,95]","[106,1358,206,1453]",False,"[26,339,52,364]"
base_low,base,low,1,base_detail,4,4,county_develop,郡開発,군개발,3,44,"[212,1380,96,88]",0,"[210,1374,310,1469]","[100,95]","[210,1374,310,1469]",False,"[52,343,78,368]"
base_low,base,low,1,base_detail,4,4,county_develop,郡開発,군개발,4,45,"[316,1380,96,88]",0,"[314,1374,414,1469]","[100,95]","[314,1374,414,1469]",False,"[78,343,104,368]"
base_low,base,low,1,base_detail,4,4,county_develop,郡開発,군개발,5,46,"[420,1380,96,88]",0,"[418,1374,518,1469]","[100,95]","[418,1374,518,1469]",False,"[104,343,130,368]"
base_low,base,low,1,base_detail,4,4,county_develop,郡開発,군개발,6,47,"[524,1380,96,88]",0,"[522,1374,622,1469]","[100,95]","[522,1374,622,1469]",False,"[130,343,156,368]"
base_low,base,low,1,base_detail,5,5,unit_info,部隊情報,부대정보,1,48,"[4,1908,96,88]",0,"[2,1902,102,1997]","[100,95]","[2,1902,102,1997]",False,"[0,475,26,500]"
base_low,base,low,1,base_detail,5,5,unit_info,部隊情報,부대정보,2,49,"[116,212,96,88]",0,"[114,206,214,301]","[100,95]","[114,206,214,301]",False,"[28,51,54,76]"
base_low,base,low,1,base_detail,5,5,unit_info,部隊情報,부대정보,3,50,"[220,228,96,88]",0,"[218,222,318,317]","[100,95]","[218,222,318,317]",False,"[54,55,80,80]"
base_low,base,low,1,base_detail,5,5,unit_info,部隊情報,부대정보,4,51,"[324,228,96,88]",0,"[322,222,422,317]","[100,95]","[322,222,422,317]",False,"[80,55,106,80]"
base_low,base,low,1,base_detail,5,5,unit_info,部隊情報,부대정보,5,52,"[428,228,96,88]",0,"[426,222,526,317]","[100,95]","[426,222,526,317]",False,"[106,55,132,80]"
base_low,base,low,1,base_detail,5,5,unit_info,部隊情報,부대정보,6,53,"[532,228,96,88]",0,"[530,222,630,317]","[100,95]","[530,222,630,317]",False,"[132,55,158,80]"
base_low,base,low,1,base_detail,6,6,sortie,出陣,출진,1,54,"[636,228,96,88]",0,"[634,222,734,317]","[100,95]","[634,222,734,317]",False,"[158,55,184,80]"
base_low,base,low,1,base_detail,6,6,sortie,出陣,출진,2,55,"[740,228,96,88]",0,"[738,222,838,317]","[100,95]","[738,222,838,317]",False,"[184,55,210,80]"
base_low,base,low,1,base_detail,6,6,sortie,出陣,출진,3,56,"[844,228,96,88]",0,"[842,222,942,317]","[100,95]","[842,222,942,317]",False,"[210,55,236,80]"
base_low,base,low,1,base_detail,6,6,sortie,出陣,출진,4,57,"[948,228,96,88]",0,"[946,222,1046,317]","[100,95]","[946,222,1046,317]",False,"[236,55,262,80]"
base_low,base,low,1,base_detail,6,6,sortie,出陣,출진,5,58,"[1052,228,96,88]",0,"[1050,222,1150,317]","[100,95]","[1050,222,1150,317]",False,"[262,55,288,80]"
base_low,base,low,1,base_detail,6,6,sortie,出陣,출진,6,59,"[1156,228,96,88]",0,"[1154,222,1254,317]","[100,95]","[1154,222,1254,317]",False,"[288,55,314,80]"
base_low,base,low,1,base_detail,7,7,return_castle,帰城,귀성,1,60,"[1260,228,96,88]",0,"[1258,222,1358,317]","[100,95]","[1258,222,1358,317]",False,"[314,55,340,80]"
base_low,base,low,1,base_detail,7,7,return_castle,帰城,귀성,2,61,"[1364,228,96,88]",0,"[1362,222,1462,317]","[100,95]","[1362,222,1462,317]",False,"[340,55,366,80]"
base_low,base,low,1,base_detail,7,7,return_castle,帰城,귀성,3,62,"[1468,228,96,88]",0,"[1466,222,1566,317]","[100,95]","[1466,222,1566,317]",False,"[366,55,392,80]"
base_low,base,low,1,base_detail,7,7,return_castle,帰城,귀성,4,63,"[1572,228,96,88]",0,"[1570,222,1670,317]","[100,95]","[1570,222,1670,317]",False,"[392,55,418,80]"
base_low,base,low,1,base_detail,7,7,return_castle,帰城,귀성,5,64,"[1676,228,96,88]",0,"[1674,222,1774,317]","[100,95]","[1674,222,1774,317]",False,"[418,55,444,80]"
base_low,base,low,1,base_detail,7,7,return_castle,帰城,귀성,6,65,"[1780,228,96,88]",0,"[1778,222,1878,317]","[100,95]","[1778,222,1878,317]",False,"[444,55,470,80]"
base_low,base,low,1,base_detail,8,8,enter_castle,入城,입성,1,66,"[1884,228,96,88]",0,"[1882,222,1982,317]","[100,95]","[1882,222,1982,317]",False,"[470,55,496,80]"
base_low,base,low,1,base_detail,8,8,enter_castle,入城,입성,2,67,"[4,276,96,88]",0,"[2,270,102,365]","[100,95]","[2,270,102,365]",False,"[0,67,26,92]"
base_low,base,low,1,base_detail,8,8,enter_castle,入城,입성,3,68,"[108,308,96,88]",0,"[106,302,206,397]","[100,95]","[106,302,206,397]",False,"[26,75,52,100]"
base_low,base,low,1,base_detail,8,8,enter_castle,入城,입성,4,69,"[212,324,96,88]",0,"[210,318,310,413]","[100,95]","[210,318,310,413]",False,"[52,79,78,104]"
base_low,base,low,1,base_detail,8,8,enter_castle,入城,입성,5,70,"[316,324,96,88]",0,"[314,318,414,413]","[100,95]","[314,318,414,413]",False,"[78,79,104,104]"
base_low,base,low,1,base_detail,8,8,enter_castle,入城,입성,6,71,"[420,324,96,88]",0,"[418,318,518,413]","[100,95]","[418,318,518,413]",False,"[104,79,130,104]"
base_low,base,low,1,base_detail,9,9,target,目標,목표,1,72,"[524,324,96,88]",0,"[522,318,622,413]","[100,95]","[522,318,622,413]",False,"[130,79,156,104]"
base_low,base,low,1,base_detail,9,9,target,目標,목표,2,73,"[628,324,96,88]",0,"[626,318,726,413]","[100,95]","[626,318,726,413]",False,"[156,79,182,104]"
base_low,base,low,1,base_detail,9,9,target,目標,목표,3,74,"[732,324,96,88]",0,"[730,318,830,413]","[100,95]","[730,318,830,413]",False,"[182,79,208,104]"
base_low,base,low,1,base_detail,9,9,target,目標,목표,4,75,"[836,324,96,88]",0,"[834,318,934,413]","[100,95]","[834,318,934,413]",False,"[208,79,234,104]"
base_low,base,low,1,base_detail,9,9,target,目標,목표,5,76,"[940,324,96,88]",0,"[938,318,1038,413]","[100,95]","[938,318,1038,413]",False,"[234,79,260,104]"
base_low,base,low,1,base_detail,9,9,target,目標,목표,6,77,"[1044,324,96,88]",0,"[1042,318,1142,413]","[100,95]","[1042,318,1142,413]",False,"[260,79,286,104]"
base_low,base,low,1,base_detail,10,10,storm,強攻,강공,1,78,"[1148,324,96,88]",0,"[1146,318,1246,413]","[100,95]","[1146,318,1246,413]",False,"[286,79,312,104]"
base_low,base,low,1,base_detail,10,10,storm,強攻,강공,2,79,"[1252,324,96,88]",0,"[1250,318,1350,413]","[100,95]","[1250,318,1350,413]",False,"[312,79,338,104]"
base_low,base,low,1,base_detail,10,10,storm,強攻,강공,3,80,"[1356,324,96,88]",0,"[1354,318,1454,413]","[100,95]","[1354,318,1454,413]",False,"[338,79,364,104]"
base_low,base,low,1,base_detail,10,10,storm,強攻,강공,4,81,"[1460,324,96,88]",0,"[1458,318,1558,413]","[100,95]","[1458,318,1558,413]",False,"[364,79,390,104]"
base_low,base,low,1,base_detail,10,10,storm,強攻,강공,5,82,"[1564,324,96,88]",0,"[1562,318,1662,413]","[100,95]","[1562,318,1662,413]",False,"[390,79,416,104]"
base_low,base,low,1,base_detail,10,10,storm,強攻,강공,6,83,"[1668,324,96,88]",0,"[1666,318,1766,413]","[100,95]","[1666,318,1766,413]",False,"[416,79,442,104]"
base_low,base,low,1,base_detail,11,11,encircle,包囲,포위,1,84,"[1772,324,96,88]",0,"[1770,318,1870,413]","[100,95]","[1770,318,1870,413]",False,"[442,79,468,104]"
base_low,base,low,1,base_detail,11,11,encircle,包囲,포위,2,85,"[1876,324,96,88]",0,"[1874,318,1974,413]","[100,95]","[1874,318,1974,413]",False,"[468,79,494,104]"
base_low,base,low,1,base_detail,11,11,encircle,包囲,포위,3,86,"[4,372,96,88]",0,"[2,366,102,461]","[100,95]","[2,366,102,461]",False,"[0,91,26,116]"
base_low,base,low,1,base_detail,11,11,encircle,包囲,포위,4,87,"[108,404,96,88]",0,"[106,398,206,493]","[100,95]","[106,398,206,493]",False,"[26,99,52,124]"
base_low,base,low,1,base_detail,11,11,encircle,包囲,포위,5,88,"[212,420,96,88]",0,"[210,414,310,509]","[100,95]","[210,414,310,509]",False,"[52,103,78,128]"
base_low,base,low,1,base_detail,11,11,encircle,包囲,포위,6,89,"[316,420,96,88]",0,"[314,414,414,509]","[100,95]","[314,414,414,509]",False,"[78,103,104,128]"
base_low,base,low,1,base_detail,12,12,formation,編制,편제,1,90,"[420,420,96,88]",0,"[418,414,518,509]","[100,95]","[418,414,518,509]",False,"[104,103,130,128]"
base_low,base,low,1,base_detail,12,12,formation,編制,편제,2,91,"[524,420,96,88]",0,"[522,414,622,509]","[100,95]","[522,414,622,509]",False,"[130,103,156,128]"
base_low,base,low,1,base_detail,12,12,formation,編制,편제,3,92,"[628,420,96,88]",0,"[626,414,726,509]","[100,95]","[626,414,726,509]",False,"[156,103,182,128]"
base_low,base,low,1,base_detail,12,12,formation,編制,편제,4,93,"[732,420,96,88]",0,"[730,414,830,509]","[100,95]","[730,414,830,509]",False,"[182,103,208,128]"
base_low,base,low,1,base_detail,12,12,formation,編制,편제,5,94,"[836,420,96,88]",0,"[834,414,934,509]","[100,95]","[834,414,934,509]",False,"[208,103,234,128]"
base_low,base,low,1,base_detail,12,12,formation,編制,편제,6,95,"[940,420,96,88]",0,"[938,414,1038,509]","[100,95]","[938,414,1038,509]",False,"[234,103,260,128]"
base_low,base,low,1,base_detail,13,13,battle,合戦,합전,1,96,"[1044,420,96,88]",0,"[1042,414,1142,509]","[100,95]","[1042,414,1142,509]",False,"[260,103,286,128]"
base_low,base,low,1,base_detail,13,13,battle,合戦,합전,2,97,"[1148,420,96,88]",0,"[1146,414,1246,509]","[100,95]","[1146,414,1246,509]",False,"[286,103,312,128]"
base_low,base,low,1,base_detail,13,13,battle,合戦,합전,3,98,"[1252,420,96,88]",0,"[1250,414,1350,509]","[100,95]","[1250,414,1350,509]",False,"[312,103,338,128]"
base_low,base,low,1,base_detail,13,13,battle,合戦,합전,4,99,"[1356,420,96,88]",0,"[1354,414,1454,509]","[100,95]","[1354,414,1454,509]",False,"[338,103,364,128]"
base_low,base,low,1,base_detail,13,13,battle,合戦,합전,5,100,"[1460,420,96,88]",0,"[1458,414,1558,509]","[100,95]","[1458,414,1558,509]",False,"[364,103,390,128]"
base_low,base,low,1,base_detail,13,13,battle,合戦,합전,6,101,"[1564,420,96,88]",0,"[1562,414,1662,509]","[100,95]","[1562,414,1662,509]",False,"[390,103,416,128]"
base_low,base,low,1,base_detail,14,14,cancel_sortie,出陣取消,출진취소,1,102,"[1668,420,96,88]",0,"[1666,414,1766,509]","[100,95]","[1666,414,1766,509]",False,"[416,103,442,128]"
base_low,base,low,1,base_detail,14,14,cancel_sortie,出陣取消,출진취소,2,103,"[1772,420,96,88]",0,"[1770,414,1870,509]","[100,95]","[1770,414,1870,509]",False,"[442,103,468,128]"
base_low,base,low,1,base_detail,14,14,cancel_sortie,出陣取消,출진취소,3,104,"[1876,420,96,88]",0,"[1874,414,1974,509]","[100,95]","[1874,414,1974,509]",False,"[468,103,494,128]"
base_low,base,low,1,base_detail,14,14,cancel_sortie,出陣取消,출진취소,4,105,"[4,468,96,88]",0,"[2,462,102,557]","[100,95]","[2,462,102,557]",False,"[0,115,26,140]"
base_low,base,low,1,base_detail,14,14,cancel_sortie,出陣取消,출진취소,5,106,"[108,500,96,88]",0,"[106,494,206,589]","[100,95]","[106,494,206,589]",False,"[26,123,52,148]"
base_low,base,low,1,base_detail,14,14,cancel_sortie,出陣取消,출진취소,6,107,"[212,516,96,88]",0,"[210,510,310,605]","[100,95]","[210,510,310,605]",False,"[52,127,78,152]"
base_low,base,low,1,base_detail,15,15,disband,解散,해산,1,108,"[316,516,96,88]",0,"[314,510,414,605]","[100,95]","[314,510,414,605]",False,"[78,127,104,152]"
base_low,base,low,1,base_detail,15,15,disband,解散,해산,2,109,"[420,516,96,88]",0,"[418,510,518,605]","[100,95]","[418,510,518,605]",False,"[104,127,130,152]"
base_low,base,low,1,base_detail,15,15,disband,解散,해산,3,110,"[524,516,96,88]",0,"[522,510,622,605]","[100,95]","[522,510,622,605]",False,"[130,127,156,152]"
base_low,base,low,1,base_detail,15,15,disband,解散,해산,4,111,"[628,516,96,88]",0,"[626,510,726,605]","[100,95]","[626,510,726,605]",False,"[156,127,182,152]"
base_low,base,low,1,base_detail,15,15,disband,解散,해산,5,112,"[732,516,96,88]",0,"[730,510,830,605]","[100,95]","[730,510,830,605]",False,"[182,127,208,152]"
base_low,base,low,1,base_detail,15,15,disband,解散,해산,6,113,"[836,516,96,88]",0,"[834,510,934,605]","[100,95]","[834,510,934,605]",False,"[208,127,234,152]"
base_low,base,low,1,base_detail,16,16,close,閉じる,닫기,1,114,"[940,516,96,88]",0,"[938,510,1038,605]","[100,95]","[938,510,1038,605]",False,"[234,127,260,152]"
base_low,base,low,1,base_detail,16,16,close,閉じる,닫기,2,115,"[1044,516,96,88]",0,"[1042,510,1142,605]","[100,95]","[1042,510,1142,605]",False,"[260,127,286,152]"
base_low,base,low,1,base_detail,16,16,close,閉じる,닫기,3,116,"[1148,516,96,88]",0,"[1146,510,1246,605]","[100,95]","[1146,510,1246,605]",False,"[286,127,312,152]"
base_low,base,low,1,base_detail,16,16,close,閉じる,닫기,4,117,"[1252,516,96,88]",0,"[1250,510,1350,605]","[100,95]","[1250,510,1350,605]",False,"[312,127,338,152]"
base_low,base,low,1,base_detail,16,16,close,閉じる,닫기,5,118,"[1356,516,96,88]",0,"[1354,510,1454,605]","[100,95]","[1354,510,1454,605]",False,"[338,127,364,152]"
base_low,base,low,1,base_detail,16,16,close,閉じる,닫기,6,119,"[1460,516,96,88]",0,"[1458,510,1558,605]","[100,95]","[1458,510,1558,605]",False,"[364,127,390,152]"
base_low,base,low,1,base_detail,17,17,edit,編集,편집,1,120,"[1564,516,96,88]",0,"[1562,510,1662,605]","[100,95]","[1562,510,1662,605]",False,"[390,127,416,152]"
base_low,base,low,1,base_detail,17,17,edit,編集,편집,2,121,"[1668,516,96,88]",0,"[1666,510,1766,605]","[100,95]","[1666,510,1766,605]",False,"[416,127,442,152]"
base_low,base,low,1,base_detail,17,17,edit,編集,편집,3,122,"[1772,516,96,88]",0,"[1770,510,1870,605]","[100,95]","[1770,510,1870,605]",False,"[442,127,468,152]"
base_low,base,low,1,base_detail,17,17,edit,編集,편집,4,123,"[1876,516,96,88]",0,"[1874,510,1974,605]","[100,95]","[1874,510,1974,605]",False,"[468,127,494,152]"
base_low,base,low,1,base_detail,17,17,edit,編集,편집,5,124,"[4,564,96,88]",0,"[2,558,102,653]","[100,95]","[2,558,102,653]",False,"[0,139,26,164]"
base_low,base,low,1,base_detail,17,17,edit,編集,편집,6,125,"[108,596,96,88]",0,"[106,590,206,685]","[100,95]","[106,590,206,685]",False,"[26,147,52,172]"
base_low,base,low,1,base_detail,18,18,release,解除,해제,1,126,"[212,612,96,88]",0,"[210,606,310,701]","[100,95]","[210,606,310,701]",False,"[52,151,78,176]"
base_low,base,low,1,base_detail,18,18,release,解除,해제,2,127,"[316,612,96,88]",0,"[314,606,414,701]","[100,95]","[314,606,414,701]",False,"[78,151,104,176]"
base_low,base,low,1,base_detail,18,18,release,解除,해제,3,128,"[420,612,96,88]",0,"[418,606,518,701]","[100,95]","[418,606,518,701]",False,"[104,151,130,176]"
base_low,base,low,1,base_detail,18,18,release,解除,해제,4,129,"[524,612,96,88]",0,"[522,606,622,701]","[100,95]","[522,606,622,701]",False,"[130,151,156,176]"
base_low,base,low,1,base_detail,18,18,release,解除,해제,5,130,"[628,612,96,88]",0,"[626,606,726,701]","[100,95]","[626,606,726,701]",False,"[156,151,182,176]"
base_low,base,low,1,base_detail,18,18,release,解除,해제,6,131,"[732,612,96,88]",0,"[730,606,830,701]","[100,95]","[730,606,830,701]",False,"[182,151,208,176]"
base_low,base,low,1,base_detail,19,19,request_reinforcement,援軍要請,원군요청,1,132,"[836,612,96,88]",0,"[834,606,934,701]","[100,95]","[834,606,934,701]",False,"[208,151,234,176]"
base_low,base,low,1,base_detail,19,19,request_reinforcement,援軍要請,원군요청,2,133,"[940,612,96,88]",0,"[938,606,1038,701]","[100,95]","[938,606,1038,701]",False,"[234,151,260,176]"
base_low,base,low,1,base_detail,19,19,request_reinforcement,援軍要請,원군요청,3,134,"[1044,612,96,88]",0,"[1042,606,1142,701]","[100,95]","[1042,606,1142,701]",False,"[260,151,286,176]"
base_low,base,low,1,base_detail,19,19,request_reinforcement,援軍要請,원군요청,4,135,"[1148,612,96,88]",0,"[1146,606,1246,701]","[100,95]","[1146,606,1246,701]",False,"[286,151,312,176]"
base_low,base,low,1,base_detail,19,19,request_reinforcement,援軍要請,원군요청,5,136,"[1252,612,96,88]",0,"[1250,606,1350,701]","[100,95]","[1250,606,1350,701]",False,"[312,151,338,176]"
base_low,base,low,1,base_detail,19,19,request_reinforcement,援軍要請,원군요청,6,137,"[1356,612,96,88]",0,"[1354,606,1454,701]","[100,95]","[1354,606,1454,701]",False,"[338,151,364,176]"
base_low,base,low,1,base_detail,20,20,cancel_reinforcement,援軍取消,원군취소,1,138,"[1460,612,96,88]",0,"[1458,606,1558,701]","[100,95]","[1458,606,1558,701]",False,"[364,151,390,176]"
base_low,base,low,1,base_detail,20,20,cancel_reinforcement,援軍取消,원군취소,2,139,"[1564,612,96,88]",0,"[1562,606,1662,701]","[100,95]","[1562,606,1662,701]",False,"[390,151,416,176]"
base_low,base,low,1,base_detail,20,20,cancel_reinforcement,援軍取消,원군취소,3,140,"[1668,612,96,88]",0,"[1666,606,1766,701]","[100,95]","[1666,606,1766,701]",False,"[416,151,442,176]"
base_low,base,low,1,base_detail,20,20,cancel_reinforcement,援軍取消,원군취소,4,141,"[1772,612,96,88]",0,"[1770,606,1870,701]","[100,95]","[1770,606,1870,701]",False,"[442,151,468,176]"
base_low,base,low,1,base_detail,20,20,cancel_reinforcement,援軍取消,원군취소,5,142,"[1876,612,96,88]",0,"[1874,606,1974,701]","[100,95]","[1874,606,1974,701]",False,"[468,151,494,176]"
base_low,base,low,1,base_detail,20,20,cancel_reinforcement,援軍取消,원군취소,6,143,"[4,660,96,88]",0,"[2,654,102,749]","[100,95]","[2,654,102,749]",False,"[0,163,26,188]"
base_low,base,low,1,base_detail,21,21,local_clan_info,国衆情報,국인정보,1,144,"[108,692,96,88]",0,"[106,686,206,781]","[100,95]","[106,686,206,781]",False,"[26,171,52,196]"
base_low,base,low,1,base_detail,21,21,local_clan_info,国衆情報,국인정보,2,145,"[212,708,96,88]",0,"[210,702,310,797]","[100,95]","[210,702,310,797]",False,"[52,175,78,200]"
base_low,base,low,1,base_detail,21,21,local_clan_info,国衆情報,국인정보,3,146,"[316,708,96,88]",0,"[314,702,414,797]","[100,95]","[314,702,414,797]",False,"[78,175,104,200]"
base_low,base,low,1,base_detail,21,21,local_clan_info,国衆情報,국인정보,4,147,"[420,708,96,88]",0,"[418,702,518,797]","[100,95]","[418,702,518,797]",False,"[104,175,130,200]"
base_low,base,low,1,base_detail,21,21,local_clan_info,国衆情報,국인정보,5,148,"[524,708,96,88]",0,"[522,702,622,797]","[100,95]","[522,702,622,797]",False,"[130,175,156,200]"
base_low,base,low,1,base_detail,21,21,local_clan_info,国衆情報,국인정보,6,149,"[628,708,96,88]",0,"[626,702,726,797]","[100,95]","[626,702,726,797]",False,"[156,175,182,200]"
base_low,base,low,1,base_detail,22,22,placate_local_clan,国衆懐柔,국인회유,1,150,"[732,708,96,88]",0,"[730,702,830,797]","[100,95]","[730,702,830,797]",False,"[182,175,208,200]"
base_low,base,low,1,base_detail,22,22,placate_local_clan,国衆懐柔,국인회유,2,151,"[836,708,96,88]",0,"[834,702,934,797]","[100,95]","[834,702,934,797]",False,"[208,175,234,200]"
base_low,base,low,1,base_detail,22,22,placate_local_clan,国衆懐柔,국인회유,3,152,"[940,708,96,88]",0,"[938,702,1038,797]","[100,95]","[938,702,1038,797]",False,"[234,175,260,200]"
base_low,base,low,1,base_detail,22,22,placate_local_clan,国衆懐柔,국인회유,4,153,"[1044,708,96,88]",0,"[1042,702,1142,797]","[100,95]","[1042,702,1142,797]",False,"[260,175,286,200]"
base_low,base,low,1,base_detail,22,22,placate_local_clan,国衆懐柔,국인회유,5,154,"[1148,708,96,88]",0,"[1146,702,1246,797]","[100,95]","[1146,702,1246,797]",False,"[286,175,312,200]"
base_low,base,low,1,base_detail,22,22,placate_local_clan,国衆懐柔,국인회유,6,155,"[1252,708,96,88]",0,"[1250,702,1350,797]","[100,95]","[1250,702,1350,797]",False,"[312,175,338,200]"
base_low,base,low,1,base_detail,23,23,absorb_local_clan,国衆取込,국인포섭,1,156,"[1356,708,96,88]",0,"[1354,702,1454,797]","[100,95]","[1354,702,1454,797]",False,"[338,175,364,200]"
base_low,base,low,1,base_detail,23,23,absorb_local_clan,国衆取込,국인포섭,2,157,"[1460,708,96,88]",0,"[1458,702,1558,797]","[100,95]","[1458,702,1558,797]",False,"[364,175,390,200]"
base_low,base,low,1,base_detail,23,23,absorb_local_clan,国衆取込,국인포섭,3,158,"[1564,708,96,88]",0,"[1562,702,1662,797]","[100,95]","[1562,702,1662,797]",False,"[390,175,416,200]"
base_low,base,low,1,base_detail,23,23,absorb_local_clan,国衆取込,국인포섭,4,159,"[1668,708,96,88]",0,"[1666,702,1766,797]","[100,95]","[1666,702,1766,797]",False,"[416,175,442,200]"
base_low,base,low,1,base_detail,23,23,absorb_local_clan,国衆取込,국인포섭,5,160,"[1772,708,96,88]",0,"[1770,702,1870,797]","[100,95]","[1770,702,1870,797]",False,"[442,175,468,200]"
base_low,base,low,1,base_detail,23,23,absorb_local_clan,国衆取込,국인포섭,6,161,"[1876,708,96,88]",0,"[1874,702,1974,797]","[100,95]","[1874,702,1974,797]",False,"[468,175,494,200]"
base_low,base,low,1,base_detail,24,24,castle_info,城情報,성정보,1,162,"[4,756,96,88]",0,"[2,750,102,845]","[100,95]","[2,750,102,845]",False,"[0,187,26,212]"
base_low,base,low,1,base_detail,24,24,castle_info,城情報,성정보,2,163,"[108,788,96,88]",0,"[106,782,206,877]","[100,95]","[106,782,206,877]",False,"[26,195,52,220]"
base_low,base,low,1,base_detail,24,24,castle_info,城情報,성정보,3,164,"[212,804,96,88]",0,"[210,798,310,893]","[100,95]","[210,798,310,893]",False,"[52,199,78,224]"
base_low,base,low,1,base_detail,24,24,castle_info,城情報,성정보,4,165,"[316,804,96,88]",0,"[314,798,414,893]","[100,95]","[314,798,414,893]",False,"[78,199,104,224]"
base_low,base,low,1,base_detail,24,24,castle_info,城情報,성정보,5,166,"[420,804,96,88]",0,"[418,798,518,893]","[100,95]","[418,798,518,893]",False,"[104,199,130,224]"
base_low,base,low,1,base_detail,24,24,castle_info,城情報,성정보,6,167,"[524,804,96,88]",0,"[522,798,622,893]","[100,95]","[522,798,622,893]",False,"[130,199,156,224]"
base_low,base,low,1,base_detail,25,25,move,移動,이동,1,168,"[628,804,96,88]",0,"[626,798,726,893]","[100,95]","[626,798,726,893]",False,"[156,199,182,224]"
base_low,base,low,1,base_detail,25,25,move,移動,이동,2,169,"[732,804,96,88]",0,"[730,798,830,893]","[100,95]","[730,798,830,893]",False,"[182,199,208,224]"
base_low,base,low,1,base_detail,25,25,move,移動,이동,3,170,"[836,804,96,88]",0,"[834,798,934,893]","[100,95]","[834,798,934,893]",False,"[208,199,234,224]"
base_low,base,low,1,base_detail,25,25,move,移動,이동,4,171,"[940,804,96,88]",0,"[938,798,1038,893]","[100,95]","[938,798,1038,893]",False,"[234,199,260,224]"
base_low,base,low,1,base_detail,25,25,move,移動,이동,5,172,"[1044,804,96,88]",0,"[1042,798,1142,893]","[100,95]","[1042,798,1142,893]",False,"[260,199,286,224]"
base_low,base,low,1,base_detail,25,25,move,移動,이동,6,173,"[1148,804,96,88]",0,"[1146,798,1246,893]","[100,95]","[1146,798,1246,893]",False,"[286,199,312,224]"
base_low,base,low,1,base_detail,26,6,sortie,出陣,출진,1,174,"[1252,804,96,88]",0,"[1250,798,1350,893]","[100,95]","[1250,798,1350,893]",False,"[312,199,338,224]"
base_low,base,low,1,base_detail,26,6,sortie,出陣,출진,2,175,"[1356,804,96,88]",0,"[1354,798,1454,893]","[100,95]","[1354,798,1454,893]",False,"[338,199,364,224]"
base_low,base,low,1,base_detail,26,6,sortie,出陣,출진,3,176,"[1460,804,96,88]",0,"[1458,798,1558,893]","[100,95]","[1458,798,1558,893]",False,"[364,199,390,224]"
base_low,base,low,1,base_detail,26,6,sortie,出陣,출진,4,177,"[1564,804,96,88]",0,"[1562,798,1662,893]","[100,95]","[1562,798,1662,893]",False,"[390,199,416,224]"
base_low,base,low,1,base_detail,26,6,sortie,出陣,출진,5,178,"[1668,804,96,88]",0,"[1666,798,1766,893]","[100,95]","[1666,798,1766,893]",False,"[416,199,442,224]"
base_low,base,low,1,base_detail,26,6,sortie,出陣,출진,6,179,"[1772,804,96,88]",0,"[1770,798,1870,893]","[100,95]","[1770,798,1870,893]",False,"[442,199,468,224]"
base_low,base,low,1,base_detail,27,27,officer_info,武将情報,무장정보,1,180,"[1876,804,96,88]",0,"[1874,798,1974,893]","[100,95]","[1874,798,1974,893]",False,"[468,199,494,224]"
base_low,base,low,1,base_detail,27,27,officer_info,武将情報,무장정보,2,181,"[4,852,96,88]",0,"[2,846,102,941]","[100,95]","[2,846,102,941]",False,"[0,211,26,236]"
base_low,base,low,1,base_detail,27,27,officer_info,武将情報,무장정보,3,182,"[108,884,96,88]",0,"[106,878,206,973]","[100,95]","[106,878,206,973]",False,"[26,219,52,244]"
base_low,base,low,1,base_detail,27,27,officer_info,武将情報,무장정보,4,183,"[212,900,96,88]",0,"[210,894,310,989]","[100,95]","[210,894,310,989]",False,"[52,223,78,248]"
base_low,base,low,1,base_detail,27,27,officer_info,武将情報,무장정보,5,184,"[316,900,96,88]",0,"[314,894,414,989]","[100,95]","[314,894,414,989]",False,"[78,223,104,248]"
base_low,base,low,1,base_detail,27,27,officer_info,武将情報,무장정보,6,185,"[420,900,96,88]",0,"[418,894,518,989]","[100,95]","[418,894,518,989]",False,"[104,223,130,248]"
base_low,base,low,1,base_detail,28,28,summon,呼寄,호출,1,186,"[524,900,96,88]",0,"[522,894,622,989]","[100,95]","[522,894,622,989]",False,"[130,223,156,248]"
base_low,base,low,1,base_detail,28,28,summon,呼寄,호출,2,187,"[628,900,96,88]",0,"[626,894,726,989]","[100,95]","[626,894,726,989]",False,"[156,223,182,248]"
base_low,base,low,1,base_detail,28,28,summon,呼寄,호출,3,188,"[732,900,96,88]",0,"[730,894,830,989]","[100,95]","[730,894,830,989]",False,"[182,223,208,248]"
base_low,base,low,1,base_detail,28,28,summon,呼寄,호출,4,189,"[836,900,96,88]",0,"[834,894,934,989]","[100,95]","[834,894,934,989]",False,"[208,223,234,248]"
base_low,base,low,1,base_detail,28,28,summon,呼寄,호출,5,190,"[940,900,96,88]",0,"[938,894,1038,989]","[100,95]","[938,894,1038,989]",False,"[234,223,260,248]"
base_low,base,low,1,base_detail,28,28,summon,呼寄,호출,6,191,"[1044,900,96,88]",0,"[1042,894,1142,989]","[100,95]","[1042,894,1142,989]",False,"[260,223,286,248]"
base_low,base,low,1,base_detail,29,29,castle_town_facility,城下施設,성하시설,1,192,"[1148,900,96,88]",0,"[1146,894,1246,989]","[100,95]","[1146,894,1246,989]",False,"[286,223,312,248]"
base_low,base,low,1,base_detail,29,29,castle_town_facility,城下施設,성하시설,2,193,"[1252,900,96,88]",0,"[1250,894,1350,989]","[100,95]","[1250,894,1350,989]",False,"[312,223,338,248]"
base_low,base,low,1,base_detail,29,29,castle_town_facility,城下施設,성하시설,3,194,"[1356,900,96,88]",0,"[1354,894,1454,989]","[100,95]","[1354,894,1454,989]",False,"[338,223,364,248]"
base_low,base,low,1,base_detail,29,29,castle_town_facility,城下施設,성하시설,4,195,"[1460,900,96,88]",0,"[1458,894,1558,989]","[100,95]","[1458,894,1558,989]",False,"[364,223,390,248]"
base_low,base,low,1,base_detail,29,29,castle_town_facility,城下施設,성하시설,5,196,"[1564,900,96,88]",0,"[1562,894,1662,989]","[100,95]","[1562,894,1662,989]",False,"[390,223,416,248]"
base_low,base,low,1,base_detail,29,29,castle_town_facility,城下施設,성하시설,6,197,"[1668,900,96,88]",0,"[1666,894,1766,989]","[100,95]","[1666,894,1766,989]",False,"[416,223,442,248]"
base_low,base,low,1,base_detail,30,30,main_base,本拠,본거지,1,198,"[1772,900,96,88]",0,"[1770,894,1870,989]","[100,95]","[1770,894,1870,989]",False,"[442,223,468,248]"
base_low,base,low,1,base_detail,30,30,main_base,本拠,본거지,2,199,"[1876,900,96,88]",0,"[1874,894,1974,989]","[100,95]","[1874,894,1974,989]",False,"[468,223,494,248]"
base_low,base,low,1,base_detail,30,30,main_base,本拠,본거지,3,200,"[4,948,96,88]",0,"[2,942,102,1037]","[100,95]","[2,942,102,1037]",False,"[0,235,26,260]"
base_low,base,low,1,base_detail,30,30,main_base,本拠,본거지,4,201,"[108,980,96,88]",0,"[106,974,206,1069]","[100,95]","[106,974,206,1069]",False,"[26,243,52,268]"
base_low,base,low,1,base_detail,30,30,main_base,本拠,본거지,5,202,"[212,996,96,88]",0,"[210,990,310,1085]","[100,95]","[210,990,310,1085]",False,"[52,247,78,272]"
base_low,base,low,1,base_detail,30,30,main_base,本拠,본거지,6,203,"[316,996,96,88]",0,"[314,990,414,1085]","[100,95]","[314,990,414,1085]",False,"[78,247,104,272]"
base_low,base,low,1,base_detail,31,31,bulk_fief,一括知行,일괄지행,1,204,"[420,996,96,88]",0,"[418,990,518,1085]","[100,95]","[418,990,518,1085]",False,"[104,247,130,272]"
base_low,base,low,1,base_detail,31,31,bulk_fief,一括知行,일괄지행,2,205,"[524,996,96,88]",0,"[522,990,622,1085]","[100,95]","[522,990,622,1085]",False,"[130,247,156,272]"
base_low,base,low,1,base_detail,31,31,bulk_fief,一括知行,일괄지행,3,206,"[628,996,96,88]",0,"[626,990,726,1085]","[100,95]","[626,990,726,1085]",False,"[156,247,182,272]"
base_low,base,low,1,base_detail,31,31,bulk_fief,一括知行,일괄지행,4,207,"[732,996,96,88]",0,"[730,990,830,1085]","[100,95]","[730,990,830,1085]",False,"[182,247,208,272]"
base_low,base,low,1,base_detail,31,31,bulk_fief,一括知行,일괄지행,5,208,"[836,996,96,88]",0,"[834,990,934,1085]","[100,95]","[834,990,934,1085]",False,"[208,247,234,272]"
base_low,base,low,1,base_detail,31,31,bulk_fief,一括知行,일괄지행,6,209,"[940,996,96,88]",0,"[938,990,1038,1085]","[100,95]","[938,990,1038,1085]",False,"[234,247,260,272]"
base_low,base,low,1,base_detail,32,32,faction_info,勢力情報,세력정보,1,210,"[1044,996,96,88]",0,"[1042,990,1142,1085]","[100,95]","[1042,990,1142,1085]",False,"[260,247,286,272]"
base_low,base,low,1,base_detail,32,32,faction_info,勢力情報,세력정보,2,211,"[1148,996,96,88]",0,"[1146,990,1246,1085]","[100,95]","[1146,990,1246,1085]",False,"[286,247,312,272]"
base_low,base,low,1,base_detail,32,32,faction_info,勢力情報,세력정보,3,212,"[1252,996,96,88]",0,"[1250,990,1350,1085]","[100,95]","[1250,990,1350,1085]",False,"[312,247,338,272]"
base_low,base,low,1,base_detail,32,32,faction_info,勢力情報,세력정보,4,213,"[1356,996,96,88]",0,"[1354,990,1454,1085]","[100,95]","[1354,990,1454,1085]",False,"[338,247,364,272]"
base_low,base,low,1,base_detail,32,32,faction_info,勢力情報,세력정보,5,214,"[1460,996,96,88]",0,"[1458,990,1558,1085]","[100,95]","[1458,990,1558,1085]",False,"[364,247,390,272]"
base_low,base,low,1,base_detail,32,32,faction_info,勢力情報,세력정보,6,215,"[1564,996,96,88]",0,"[1562,990,1662,1085]","[100,95]","[1562,990,1662,1085]",False,"[390,247,416,272]"
base_low,base,low,1,base_detail,33,33,information,情報,정보,1,216,"[1668,996,96,88]",0,"[1666,990,1766,1085]","[100,95]","[1666,990,1766,1085]",False,"[416,247,442,272]"
base_low,base,low,1,base_detail,33,33,information,情報,정보,2,217,"[1772,996,96,88]",0,"[1770,990,1870,1085]","[100,95]","[1770,990,1870,1085]",False,"[442,247,468,272]"
base_low,base,low,1,base_detail,33,33,information,情報,정보,3,218,"[1876,996,96,88]",0,"[1874,990,1974,1085]","[100,95]","[1874,990,1974,1085]",False,"[468,247,494,272]"
base_low,base,low,1,base_detail,33,33,information,情報,정보,4,219,"[4,1044,96,88]",0,"[2,1038,102,1133]","[100,95]","[2,1038,102,1133]",False,"[0,259,26,284]"
base_low,base,low,1,base_detail,33,33,information,情報,정보,5,220,"[108,1076,96,88]",0,"[106,1070,206,1165]","[100,95]","[106,1070,206,1165]",False,"[26,267,52,292]"
base_low,base,low,1,base_detail,33,33,information,情報,정보,6,221,"[212,1092,96,88]",0,"[210,1086,310,1181]","[100,95]","[210,1086,310,1181]",False,"[52,271,78,296]"
base_low,base,low,1,base_detail,34,34,appointment,任命,임명,1,222,"[316,1092,96,88]",0,"[314,1086,414,1181]","[100,95]","[314,1086,414,1181]",False,"[78,271,104,296]"
base_low,base,low,1,base_detail,34,34,appointment,任命,임명,2,223,"[420,1092,96,88]",0,"[418,1086,518,1181]","[100,95]","[418,1086,518,1181]",False,"[104,271,130,296]"
base_low,base,low,1,base_detail,34,34,appointment,任命,임명,3,224,"[524,1092,96,88]",0,"[522,1086,622,1181]","[100,95]","[522,1086,622,1181]",False,"[130,271,156,296]"
base_low,base,low,1,base_detail,34,34,appointment,任命,임명,4,225,"[628,1092,96,88]",0,"[626,1086,726,1181]","[100,95]","[626,1086,726,1181]",False,"[156,271,182,296]"
base_low,base,low,1,base_detail,34,34,appointment,任命,임명,5,226,"[732,1092,96,88]",0,"[730,1086,830,1181]","[100,95]","[730,1086,830,1181]",False,"[182,271,208,296]"
base_low,base,low,1,base_detail,34,34,appointment,任命,임명,6,227,"[836,1092,96,88]",0,"[834,1086,934,1181]","[100,95]","[834,1086,934,1181]",False,"[208,271,234,296]"
base_low,base,low,1,base_detail,35,35,military,軍事,군사,1,228,"[940,1092,96,88]",0,"[938,1086,1038,1181]","[100,95]","[938,1086,1038,1181]",False,"[234,271,260,296]"
base_low,base,low,1,base_detail,35,35,military,軍事,군사,2,229,"[1044,1092,96,88]",0,"[1042,1086,1142,1181]","[100,95]","[1042,1086,1142,1181]",False,"[260,271,286,296]"
base_low,base,low,1,base_detail,35,35,military,軍事,군사,3,230,"[1148,1092,96,88]",0,"[1146,1086,1246,1181]","[100,95]","[1146,1086,1246,1181]",False,"[286,271,312,296]"
base_low,base,low,1,base_detail,35,35,military,軍事,군사,4,231,"[1252,1092,96,88]",0,"[1250,1086,1350,1181]","[100,95]","[1250,1086,1350,1181]",False,"[312,271,338,296]"
base_low,base,low,1,base_detail,35,35,military,軍事,군사,5,232,"[1356,1092,96,88]",0,"[1354,1086,1454,1181]","[100,95]","[1354,1086,1454,1181]",False,"[338,271,364,296]"
base_low,base,low,1,base_detail,35,35,military,軍事,군사,6,233,"[1460,1092,96,88]",0,"[1458,1086,1558,1181]","[100,95]","[1458,1086,1558,1181]",False,"[364,271,390,296]"
base_low,base,low,1,base_detail,36,36,domestic,内政,내정,1,234,"[1564,1092,96,88]",0,"[1562,1086,1662,1181]","[100,95]","[1562,1086,1662,1181]",False,"[390,271,416,296]"
base_low,base,low,1,base_detail,36,36,domestic,内政,내정,2,235,"[1668,1092,96,88]",0,"[1666,1086,1766,1181]","[100,95]","[1666,1086,1766,1181]",False,"[416,271,442,296]"
base_low,base,low,1,base_detail,36,36,domestic,内政,내정,3,236,"[1772,1092,96,88]",0,"[1770,1086,1870,1181]","[100,95]","[1770,1086,1870,1181]",False,"[442,271,468,296]"
base_low,base,low,1,base_detail,36,36,domestic,内政,내정,4,237,"[1876,1092,96,88]",0,"[1874,1086,1974,1181]","[100,95]","[1874,1086,1974,1181]",False,"[468,271,494,296]"
base_low,base,low,1,base_detail,36,36,domestic,内政,내정,5,238,"[4,1140,96,88]",0,"[2,1134,102,1229]","[100,95]","[2,1134,102,1229]",False,"[0,283,26,308]"
base_low,base,low,1,base_detail,36,36,domestic,内政,내정,6,239,"[108,1172,96,88]",0,"[106,1166,206,1261]","[100,95]","[106,1166,206,1261]",False,"[26,291,52,316]"
base_low,base,low,1,base_detail,37,37,domain_policy,領内諸策,영지계책,1,240,"[212,1188,96,88]",0,"[210,1182,310,1277]","[100,95]","[210,1182,310,1277]",False,"[52,295,78,320]"
base_low,base,low,1,base_detail,37,37,domain_policy,領内諸策,영지계책,2,241,"[316,1188,96,88]",0,"[314,1182,414,1277]","[100,95]","[314,1182,414,1277]",False,"[78,295,104,320]"
base_low,base,low,1,base_detail,37,37,domain_policy,領内諸策,영지계책,3,242,"[420,1188,96,88]",0,"[418,1182,518,1277]","[100,95]","[418,1182,518,1277]",False,"[104,295,130,320]"
base_low,base,low,1,base_detail,37,37,domain_policy,領内諸策,영지계책,4,243,"[524,1188,96,88]",0,"[522,1182,622,1277]","[100,95]","[522,1182,622,1277]",False,"[130,295,156,320]"
base_low,base,low,1,base_detail,37,37,domain_policy,領内諸策,영지계책,5,244,"[628,1188,96,88]",0,"[626,1182,726,1277]","[100,95]","[626,1182,726,1277]",False,"[156,295,182,320]"
base_low,base,low,1,base_detail,37,37,domain_policy,領内諸策,영지계책,6,245,"[732,1188,96,88]",0,"[730,1182,830,1277]","[100,95]","[730,1182,830,1277]",False,"[182,295,208,320]"
base_low,base,low,1,base_detail,38,38,scheme,調略,조략,1,246,"[836,1188,96,88]",0,"[834,1182,934,1277]","[100,95]","[834,1182,934,1277]",False,"[208,295,234,320]"
base_low,base,low,1,base_detail,38,38,scheme,調略,조략,2,247,"[940,1188,96,88]",0,"[938,1182,1038,1277]","[100,95]","[938,1182,1038,1277]",False,"[234,295,260,320]"
base_low,base,low,1,base_detail,38,38,scheme,調略,조략,3,248,"[1044,1188,96,88]",0,"[1042,1182,1142,1277]","[100,95]","[1042,1182,1142,1277]",False,"[260,295,286,320]"
base_low,base,low,1,base_detail,38,38,scheme,調略,조략,4,249,"[1148,1188,96,88]",0,"[1146,1182,1246,1277]","[100,95]","[1146,1182,1246,1277]",False,"[286,295,312,320]"
base_low,base,low,1,base_detail,38,38,scheme,調略,조략,5,250,"[1252,1188,96,88]",0,"[1250,1182,1350,1277]","[100,95]","[1250,1182,1350,1277]",False,"[312,295,338,320]"
base_low,base,low,1,base_detail,38,38,scheme,調略,조략,6,251,"[1356,1188,96,88]",0,"[1354,1182,1454,1277]","[100,95]","[1354,1182,1454,1277]",False,"[338,295,364,320]"
base_low,base,low,1,base_detail,39,2,fief,知行,지행,1,282,"[628,1380,96,88]",0,"[626,1374,726,1469]","[100,95]","[626,1374,726,1469]",False,"[156,343,182,368]"
base_low,base,low,1,base_detail,39,2,fief,知行,지행,2,283,"[732,1380,96,88]",0,"[730,1374,830,1469]","[100,95]","[730,1374,830,1469]",False,"[182,343,208,368]"
base_low,base,low,1,base_detail,39,2,fief,知行,지행,3,284,"[836,1380,96,88]",0,"[834,1374,934,1469]","[100,95]","[834,1374,934,1469]",False,"[208,343,234,368]"
base_low,base,low,1,base_detail,39,2,fief,知行,지행,4,285,"[940,1380,96,88]",0,"[938,1374,1038,1469]","[100,95]","[938,1374,1038,1469]",False,"[234,343,260,368]"
base_low,base,low,1,base_detail,39,2,fief,知行,지행,5,286,"[1044,1380,96,88]",0,"[1042,1374,1142,1469]","[100,95]","[1042,1374,1142,1469]",False,"[260,343,286,368]"
base_low,base,low,1,base_detail,39,2,fief,知行,지행,6,287,"[1148,1380,96,88]",0,"[1146,1374,1246,1469]","[100,95]","[1146,1374,1246,1469]",False,"[286,343,312,368]"
base_low,base,low,1,base_detail,40,40,transfer_fief,転封,전봉,1,288,"[1252,1380,96,88]",0,"[1250,1374,1350,1469]","[100,95]","[1250,1374,1350,1469]",False,"[312,343,338,368]"
base_low,base,low,1,base_detail,40,40,transfer_fief,転封,전봉,2,289,"[1356,1380,96,88]",0,"[1354,1374,1454,1469]","[100,95]","[1354,1374,1454,1469]",False,"[338,343,364,368]"
base_low,base,low,1,base_detail,40,40,transfer_fief,転封,전봉,3,290,"[1460,1380,96,88]",0,"[1458,1374,1558,1469]","[100,95]","[1458,1374,1558,1469]",False,"[364,343,390,368]"
base_low,base,low,1,base_detail,40,40,transfer_fief,転封,전봉,4,291,"[1564,1380,96,88]",0,"[1562,1374,1662,1469]","[100,95]","[1562,1374,1662,1469]",False,"[390,343,416,368]"
base_low,base,low,1,base_detail,40,40,transfer_fief,転封,전봉,5,292,"[1668,1380,96,88]",0,"[1666,1374,1766,1469]","[100,95]","[1666,1374,1766,1469]",False,"[416,343,442,368]"
base_low,base,low,1,base_detail,40,40,transfer_fief,転封,전봉,6,293,"[1772,1380,96,88]",0,"[1770,1374,1870,1469]","[100,95]","[1770,1374,1870,1469]",False,"[442,343,468,368]"
base_low,base,low,1,base_detail,41,3,magistrate,代官,대관,1,294,"[1876,1380,96,88]",0,"[1874,1374,1974,1469]","[100,95]","[1874,1374,1974,1469]",False,"[468,343,494,368]"
base_low,base,low,1,base_detail,41,3,magistrate,代官,대관,2,295,"[4,1428,96,88]",0,"[2,1422,102,1517]","[100,95]","[2,1422,102,1517]",False,"[0,355,26,380]"
base_low,base,low,1,base_detail,41,3,magistrate,代官,대관,3,296,"[108,1460,96,88]",0,"[106,1454,206,1549]","[100,95]","[106,1454,206,1549]",False,"[26,363,52,388]"
base_low,base,low,1,base_detail,41,3,magistrate,代官,대관,4,297,"[212,1476,96,88]",0,"[210,1470,310,1565]","[100,95]","[210,1470,310,1565]",False,"[52,367,78,392]"
base_low,base,low,1,base_detail,41,3,magistrate,代官,대관,5,298,"[316,1476,96,88]",0,"[314,1470,414,1565]","[100,95]","[314,1470,414,1565]",False,"[78,367,104,392]"
base_low,base,low,1,base_detail,41,3,magistrate,代官,대관,6,299,"[420,1476,96,88]",0,"[418,1470,518,1565]","[100,95]","[418,1470,518,1565]",False,"[104,367,130,392]"
base_low,base,low,1,base_detail,42,6,sortie,出陣,출진,1,300,"[524,1476,96,88]",0,"[522,1470,622,1565]","[100,95]","[522,1470,622,1565]",False,"[130,367,156,392]"
base_low,base,low,1,base_detail,42,6,sortie,出陣,출진,2,301,"[628,1476,96,88]",0,"[626,1470,726,1565]","[100,95]","[626,1470,726,1565]",False,"[156,367,182,392]"
base_low,base,low,1,base_detail,42,6,sortie,出陣,출진,3,302,"[732,1476,96,88]",0,"[730,1470,830,1565]","[100,95]","[730,1470,830,1565]",False,"[182,367,208,392]"
base_low,base,low,1,base_detail,42,6,sortie,出陣,출진,4,303,"[836,1476,96,88]",0,"[834,1470,934,1565]","[100,95]","[834,1470,934,1565]",False,"[208,367,234,392]"
base_low,base,low,1,base_detail,42,6,sortie,出陣,출진,5,304,"[940,1476,96,88]",0,"[938,1470,1038,1565]","[100,95]","[938,1470,1038,1565]",False,"[234,367,260,392]"
base_low,base,low,1,base_detail,42,6,sortie,出陣,출진,6,305,"[1044,1476,96,88]",0,"[1042,1470,1142,1565]","[100,95]","[1042,1470,1142,1565]",False,"[260,367,286,392]"
base_low,base,low,1,base_detail,43,43,capture_target,攻略目標,공략목표,1,306,"[1148,1476,96,88]",0,"[1146,1470,1246,1565]","[100,95]","[1146,1470,1246,1565]",False,"[286,367,312,392]"
base_low,base,low,1,base_detail,43,43,capture_target,攻略目標,공략목표,2,307,"[1252,1476,96,88]",0,"[1250,1470,1350,1565]","[100,95]","[1250,1470,1350,1565]",False,"[312,367,338,392]"
base_low,base,low,1,base_detail,43,43,capture_target,攻略目標,공략목표,3,308,"[1356,1476,96,88]",0,"[1354,1470,1454,1565]","[100,95]","[1354,1470,1454,1565]",False,"[338,367,364,392]"
base_low,base,low,1,base_detail,43,43,capture_target,攻略目標,공략목표,4,309,"[1460,1476,96,88]",0,"[1458,1470,1558,1565]","[100,95]","[1458,1470,1558,1565]",False,"[364,367,390,392]"
base_low,base,low,1,base_detail,43,43,capture_target,攻略目標,공략목표,5,310,"[1564,1476,96,88]",0,"[1562,1470,1662,1565]","[100,95]","[1562,1470,1662,1565]",False,"[390,367,416,392]"
base_low,base,low,1,base_detail,43,43,capture_target,攻略目標,공략목표,6,311,"[1668,1476,96,88]",0,"[1666,1470,1766,1565]","[100,95]","[1666,1470,1766,1565]",False,"[416,367,442,392]"
base_low,base,low,1,base_detail,44,38,scheme,調略,조략,1,312,"[1772,1476,96,88]",0,"[1770,1470,1870,1565]","[100,95]","[1770,1470,1870,1565]",False,"[442,367,468,392]"
base_low,base,low,1,base_detail,44,38,scheme,調略,조략,2,313,"[1876,1476,96,88]",0,"[1874,1470,1974,1565]","[100,95]","[1874,1470,1974,1565]",False,"[468,367,494,392]"
base_low,base,low,1,base_detail,44,38,scheme,調略,조략,3,314,"[4,1524,96,88]",0,"[2,1518,102,1613]","[100,95]","[2,1518,102,1613]",False,"[0,379,26,404]"
base_low,base,low,1,base_detail,44,38,scheme,調略,조략,4,315,"[108,1556,96,88]",0,"[106,1550,206,1645]","[100,95]","[106,1550,206,1645]",False,"[26,387,52,412]"
base_low,base,low,1,base_detail,44,38,scheme,調略,조략,5,316,"[212,1572,96,88]",0,"[210,1566,310,1661]","[100,95]","[210,1566,310,1661]",False,"[52,391,78,416]"
base_low,base,low,1,base_detail,44,38,scheme,調略,조략,6,317,"[316,1572,96,88]",0,"[314,1566,414,1661]","[100,95]","[314,1566,414,1661]",False,"[78,391,104,416]"
base_low,base,low,1,base_detail,45,29,castle_town_facility,城下施設,성하시설,1,318,"[420,1572,96,88]",0,"[418,1566,518,1661]","[100,95]","[418,1566,518,1661]",False,"[104,391,130,416]"
base_low,base,low,1,base_detail,45,29,castle_town_facility,城下施設,성하시설,2,319,"[524,1572,96,88]",0,"[522,1566,622,1661]","[100,95]","[522,1566,622,1661]",False,"[130,391,156,416]"
base_low,base,low,1,base_detail,45,29,castle_town_facility,城下施設,성하시설,3,320,"[628,1572,96,88]",0,"[626,1566,726,1661]","[100,95]","[626,1566,726,1661]",False,"[156,391,182,416]"
base_low,base,low,1,base_detail,45,29,castle_town_facility,城下施設,성하시설,4,321,"[732,1572,96,88]",0,"[730,1566,830,1661]","[100,95]","[730,1566,830,1661]",False,"[182,391,208,416]"
base_low,base,low,1,base_detail,45,29,castle_town_facility,城下施設,성하시설,5,322,"[836,1572,96,88]",0,"[834,1566,934,1661]","[100,95]","[834,1566,934,1661]",False,"[208,391,234,416]"
base_low,base,low,1,base_detail,45,29,castle_town_facility,城下施設,성하시설,6,323,"[940,1572,96,88]",0,"[938,1566,1038,1661]","[100,95]","[938,1566,1038,1661]",False,"[234,391,260,416]"
base_low,base,low,1,base_detail,46,4,county_develop,郡開発,군개발,1,324,"[1044,1572,96,88]",0,"[1042,1566,1142,1661]","[100,95]","[1042,1566,1142,1661]",False,"[260,391,286,416]"
base_low,base,low,1,base_detail,46,4,county_develop,郡開発,군개발,2,325,"[1148,1572,96,88]",0,"[1146,1566,1246,1661]","[100,95]","[1146,1566,1246,1661]",False,"[286,391,312,416]"
base_low,base,low,1,base_detail,46,4,county_develop,郡開発,군개발,3,326,"[1252,1572,96,88]",0,"[1250,1566,1350,1661]","[100,95]","[1250,1566,1350,1661]",False,"[312,391,338,416]"
base_low,base,low,1,base_detail,46,4,county_develop,郡開発,군개발,4,327,"[1356,1572,96,88]",0,"[1354,1566,1454,1661]","[100,95]","[1354,1566,1454,1661]",False,"[338,391,364,416]"
base_low,base,low,1,base_detail,46,4,county_develop,郡開発,군개발,5,328,"[1460,1572,96,88]",0,"[1458,1566,1558,1661]","[100,95]","[1458,1566,1558,1661]",False,"[364,391,390,416]"
base_low,base,low,1,base_detail,46,4,county_develop,郡開発,군개발,6,329,"[1564,1572,96,88]",0,"[1562,1566,1662,1661]","[100,95]","[1562,1566,1662,1661]",False,"[390,391,416,416]"
base_low,base,low,1,base_detail,47,37,domain_policy,領内諸策,영지계책,1,330,"[1668,1572,96,88]",0,"[1666,1566,1766,1661]","[100,95]","[1666,1566,1766,1661]",False,"[416,391,442,416]"
base_low,base,low,1,base_detail,47,37,domain_policy,領内諸策,영지계책,2,331,"[1772,1572,96,88]",0,"[1770,1566,1870,1661]","[100,95]","[1770,1566,1870,1661]",False,"[442,391,468,416]"
base_low,base,low,1,base_detail,47,37,domain_policy,領内諸策,영지계책,3,332,"[1876,1572,96,88]",0,"[1874,1566,1974,1661]","[100,95]","[1874,1566,1974,1661]",False,"[468,391,494,416]"
base_low,base,low,1,base_detail,47,37,domain_policy,領内諸策,영지계책,4,333,"[4,1620,96,88]",0,"[2,1614,102,1709]","[100,95]","[2,1614,102,1709]",False,"[0,403,26,428]"
base_low,base,low,1,base_detail,47,37,domain_policy,領内諸策,영지계책,5,334,"[108,1652,96,88]",0,"[106,1646,206,1741]","[100,95]","[106,1646,206,1741]",False,"[26,411,52,436]"
base_low,base,low,1,base_detail,47,37,domain_policy,領内諸策,영지계책,6,335,"[212,1668,96,88]",0,"[210,1662,310,1757]","[100,95]","[210,1662,310,1757]",False,"[52,415,78,440]"
base_low,base,low,1,base_detail,48,48,friendship,親善,친선,1,336,"[316,1668,96,88]",0,"[314,1662,414,1757]","[100,95]","[314,1662,414,1757]",False,"[78,415,104,440]"
base_low,base,low,1,base_detail,48,48,friendship,親善,친선,2,337,"[420,1668,96,88]",0,"[418,1662,518,1757]","[100,95]","[418,1662,518,1757]",False,"[104,415,130,440]"
base_low,base,low,1,base_detail,48,48,friendship,親善,친선,3,338,"[524,1668,96,88]",0,"[522,1662,622,1757]","[100,95]","[522,1662,622,1757]",False,"[130,415,156,440]"
base_low,base,low,1,base_detail,48,48,friendship,親善,친선,4,339,"[628,1668,96,88]",0,"[626,1662,726,1757]","[100,95]","[626,1662,726,1757]",False,"[156,415,182,440]"
base_low,base,low,1,base_detail,48,48,friendship,親善,친선,5,340,"[732,1668,96,88]",0,"[730,1662,830,1757]","[100,95]","[730,1662,830,1757]",False,"[182,415,208,440]"
base_low,base,low,1,base_detail,48,48,friendship,親善,친선,6,341,"[836,1668,96,88]",0,"[834,1662,934,1757]","[100,95]","[834,1662,934,1757]",False,"[208,415,234,440]"
base_low,base,low,1,base_detail,49,49,negotiation,交渉,교섭,1,342,"[940,1668,96,88]",0,"[938,1662,1038,1757]","[100,95]","[938,1662,1038,1757]",False,"[234,415,260,440]"
base_low,base,low,1,base_detail,49,49,negotiation,交渉,교섭,2,343,"[1044,1668,96,88]",0,"[1042,1662,1142,1757]","[100,95]","[1042,1662,1142,1757]",False,"[260,415,286,440]"
base_low,base,low,1,base_detail,49,49,negotiation,交渉,교섭,3,344,"[1148,1668,96,88]",0,"[1146,1662,1246,1757]","[100,95]","[1146,1662,1246,1757]",False,"[286,415,312,440]"
base_low,base,low,1,base_detail,49,49,negotiation,交渉,교섭,4,345,"[1252,1668,96,88]",0,"[1250,1662,1350,1757]","[100,95]","[1250,1662,1350,1757]",False,"[312,415,338,440]"
base_low,base,low,1,base_detail,49,49,negotiation,交渉,교섭,5,346,"[1356,1668,96,88]",0,"[1354,1662,1454,1757]","[100,95]","[1354,1662,1454,1757]",False,"[338,415,364,440]"
base_low,base,low,1,base_detail,49,49,negotiation,交渉,교섭,6,347,"[1460,1668,96,88]",0,"[1458,1662,1558,1757]","[100,95]","[1458,1662,1558,1757]",False,"[364,415,390,440]"
base_low,base,low,1,base_detail,50,50,imperial_court,朝廷,조정,1,348,"[1564,1668,96,88]",0,"[1562,1662,1662,1757]","[100,95]","[1562,1662,1662,1757]",False,"[390,415,416,440]"
base_low,base,low,1,base_detail,50,50,imperial_court,朝廷,조정,2,349,"[1668,1668,96,88]",0,"[1666,1662,1766,1757]","[100,95]","[1666,1662,1766,1757]",False,"[416,415,442,440]"
base_low,base,low,1,base_detail,50,50,imperial_court,朝廷,조정,3,350,"[1772,1668,96,88]",0,"[1770,1662,1870,1757]","[100,95]","[1770,1662,1870,1757]",False,"[442,415,468,440]"
base_low,base,low,1,base_detail,50,50,imperial_court,朝廷,조정,4,351,"[1876,1668,96,88]",0,"[1874,1662,1974,1757]","[100,95]","[1874,1662,1974,1757]",False,"[468,415,494,440]"
base_low,base,low,1,base_detail,50,50,imperial_court,朝廷,조정,5,352,"[4,1716,96,88]",0,"[2,1710,102,1805]","[100,95]","[2,1710,102,1805]",False,"[0,427,26,452]"
base_low,base,low,1,base_detail,50,50,imperial_court,朝廷,조정,6,353,"[108,1748,96,88]",0,"[106,1742,206,1837]","[100,95]","[106,1742,206,1837]",False,"[26,435,52,460]"
base_low,base,low,1,base_detail,51,51,office,役職,역직,1,354,"[212,1764,96,88]",0,"[210,1758,310,1853]","[100,95]","[210,1758,310,1853]",False,"[52,439,78,464]"
base_low,base,low,1,base_detail,51,51,office,役職,역직,2,355,"[316,1764,96,88]",0,"[314,1758,414,1853]","[100,95]","[314,1758,414,1853]",False,"[78,439,104,464]"
base_low,base,low,1,base_detail,51,51,office,役職,역직,3,356,"[420,1764,96,88]",0,"[418,1758,518,1853]","[100,95]","[418,1758,518,1853]",False,"[104,439,130,464]"
base_low,base,low,1,base_detail,51,51,office,役職,역직,4,357,"[524,1764,96,88]",0,"[522,1758,622,1853]","[100,95]","[522,1758,622,1853]",False,"[130,439,156,464]"
base_low,base,low,1,base_detail,51,51,office,役職,역직,5,358,"[628,1764,96,88]",0,"[626,1758,726,1853]","[100,95]","[626,1758,726,1853]",False,"[156,439,182,464]"
base_low,base,low,1,base_detail,51,51,office,役職,역직,6,359,"[732,1764,96,88]",0,"[730,1758,830,1853]","[100,95]","[730,1758,830,1853]",False,"[182,439,208,464]"
base_low,base,low,1,base_detail,52,43,capture_target,攻略目標,공략목표,1,360,"[836,1764,96,88]",0,"[834,1758,934,1853]","[100,95]","[834,1758,934,1853]",False,"[208,439,234,464]"
base_low,base,low,1,base_detail,52,43,capture_target,攻略目標,공략목표,2,361,"[940,1764,96,88]",0,"[938,1758,1038,1853]","[100,95]","[938,1758,1038,1853]",False,"[234,439,260,464]"
base_low,base,low,1,base_detail,52,43,capture_target,攻略目標,공략목표,3,362,"[1044,1764,96,88]",0,"[1042,1758,1142,1853]","[100,95]","[1042,1758,1142,1853]",False,"[260,439,286,464]"
base_low,base,low,1,base_detail,52,43,capture_target,攻略目標,공략목표,4,363,"[1148,1764,96,88]",0,"[1146,1758,1246,1853]","[100,95]","[1146,1758,1246,1853]",False,"[286,439,312,464]"
base_low,base,low,1,base_detail,52,43,capture_target,攻略目標,공략목표,5,364,"[1252,1764,96,88]",0,"[1250,1758,1350,1853]","[100,95]","[1250,1758,1350,1853]",False,"[312,439,338,464]"
base_low,base,low,1,base_detail,52,43,capture_target,攻略目標,공략목표,6,365,"[1356,1764,96,88]",0,"[1354,1758,1454,1853]","[100,95]","[1354,1758,1454,1853]",False,"[338,439,364,464]"
base_low,base,low,1,base_detail,53,6,sortie,出陣,출진,1,366,"[1460,1764,96,88]",0,"[1458,1758,1558,1853]","[100,95]","[1458,1758,1558,1853]",False,"[364,439,390,464]"
base_low,base,low,1,base_detail,53,6,sortie,出陣,출진,2,367,"[1564,1764,96,88]",0,"[1562,1758,1662,1853]","[100,95]","[1562,1758,1662,1853]",False,"[390,439,416,464]"
base_low,base,low,1,base_detail,53,6,sortie,出陣,출진,3,368,"[1668,1764,96,88]",0,"[1666,1758,1766,1853]","[100,95]","[1666,1758,1766,1853]",False,"[416,439,442,464]"
base_low,base,low,1,base_detail,53,6,sortie,出陣,출진,4,369,"[1772,1764,96,88]",0,"[1770,1758,1870,1853]","[100,95]","[1770,1758,1870,1853]",False,"[442,439,468,464]"
base_low,base,low,1,base_detail,53,6,sortie,出陣,출진,5,370,"[1876,1764,96,88]",0,"[1874,1758,1974,1853]","[100,95]","[1874,1758,1974,1853]",False,"[468,439,494,464]"
base_low,base,low,1,base_detail,53,6,sortie,出陣,출진,6,371,"[4,1812,96,88]",0,"[2,1806,102,1901]","[100,95]","[2,1806,102,1901]",False,"[0,451,26,476]"
base_low,base,low,1,base_detail,54,4,county_develop,郡開発,군개발,1,372,"[108,1844,96,88]",0,"[106,1838,206,1933]","[100,95]","[106,1838,206,1933]",False,"[26,459,52,484]"
base_low,base,low,1,base_detail,54,4,county_develop,郡開発,군개발,2,373,"[212,1860,96,88]",0,"[210,1854,310,1949]","[100,95]","[210,1854,310,1949]",False,"[52,463,78,488]"
base_low,base,low,1,base_detail,54,4,county_develop,郡開発,군개발,3,374,"[316,1860,96,88]",0,"[314,1854,414,1949]","[100,95]","[314,1854,414,1949]",False,"[78,463,104,488]"
base_low,base,low,1,base_detail,54,4,county_develop,郡開発,군개발,4,375,"[420,1860,96,88]",0,"[418,1854,518,1949]","[100,95]","[418,1854,518,1949]",False,"[104,463,130,488]"
base_low,base,low,1,base_detail,54,4,county_develop,郡開発,군개발,5,376,"[524,1860,96,88]",0,"[522,1854,622,1949]","[100,95]","[522,1854,622,1949]",False,"[130,463,156,488]"
base_low,base,low,1,base_detail,54,4,county_develop,郡開発,군개발,6,377,"[628,1860,96,88]",0,"[626,1854,726,1949]","[100,95]","[626,1854,726,1949]",False,"[156,463,182,488]"
base_low,base,low,1,base_detail,55,55,assignment,主命,주명,1,378,"[732,1860,96,88]",0,"[730,1854,830,1949]","[100,95]","[730,1854,830,1949]",False,"[182,463,208,488]"
base_low,base,low,1,base_detail,55,55,assignment,主命,주명,2,379,"[836,1860,96,88]",0,"[834,1854,934,1949]","[100,95]","[834,1854,934,1949]",False,"[208,463,234,488]"
base_low,base,low,1,base_detail,55,55,assignment,主命,주명,3,380,"[940,1860,96,88]",0,"[938,1854,1038,1949]","[100,95]","[938,1854,1038,1949]",False,"[234,463,260,488]"
base_low,base,low,1,base_detail,55,55,assignment,主命,주명,4,381,"[1044,1860,96,88]",0,"[1042,1854,1142,1949]","[100,95]","[1042,1854,1142,1949]",False,"[260,463,286,488]"
base_low,base,low,1,base_detail,55,55,assignment,主命,주명,5,382,"[1148,1860,96,88]",0,"[1146,1854,1246,1949]","[100,95]","[1146,1854,1246,1949]",False,"[286,463,312,488]"
base_low,base,low,1,base_detail,55,55,assignment,主命,주명,6,383,"[1252,1860,96,88]",0,"[1250,1854,1350,1949]","[100,95]","[1250,1854,1350,1949]",False,"[312,463,338,488]"
base_low,base,low,1,base_detail,56,56,relocation,移転,이전,1,384,"[1356,1860,96,88]",0,"[1354,1854,1454,1949]","[100,95]","[1354,1854,1454,1949]",False,"[338,463,364,488]"
base_low,base,low,1,base_detail,56,56,relocation,移転,이전,2,385,"[1460,1860,96,88]",0,"[1458,1854,1558,1949]","[100,95]","[1458,1854,1558,1949]",False,"[364,463,390,488]"
base_low,base,low,1,base_detail,56,56,relocation,移転,이전,3,386,"[1564,1860,96,88]",0,"[1562,1854,1662,1949]","[100,95]","[1562,1854,1662,1949]",False,"[390,463,416,488]"
base_low,base,low,1,base_detail,56,56,relocation,移転,이전,4,387,"[1668,1860,96,88]",0,"[1666,1854,1766,1949]","[100,95]","[1666,1854,1766,1949]",False,"[416,463,442,488]"
base_low,base,low,1,base_detail,56,56,relocation,移転,이전,5,388,"[1772,1860,96,88]",0,"[1770,1854,1870,1949]","[100,95]","[1770,1854,1870,1949]",False,"[442,463,468,488]"
base_low,base,low,1,base_detail,56,56,relocation,移転,이전,6,389,"[1876,1860,96,88]",0,"[1874,1854,1974,1949]","[100,95]","[1874,1854,1974,1949]",False,"[468,463,494,488]"
base_low,base,low,1,base_main,0,0,assessment,評定,군평정,1,252,"[284,4,104,104]",0,"[284,4,388,108]","[104,104]","[284,4,388,108]",False,"[71,1,97,27]"
base_low,base,low,1,base_main,0,0,assessment,評定,군평정,2,253,"[396,4,104,104]",0,"[396,4,500,108]","[104,104]","[396,4,500,108]",False,"[99,1,125,27]"
base_low,base,low,1,base_main,0,0,assessment,評定,군평정,3,254,"[508,4,104,104]",0,"[508,4,612,108]","[104,104]","[508,4,612,108]",False,"[127,1,153,27]"
base_low,base,low,1,base_main,0,0,assessment,評定,군평정,4,255,"[620,4,104,104]",0,"[620,4,724,108]","[104,104]","[620,4,724,108]",False,"[155,1,181,27]"
base_low,base,low,1,base_main,0,0,assessment,評定,군평정,5,256,"[732,4,104,104]",0,"[732,4,836,108]","[104,104]","[732,4,836,108]",False,"[183,1,209,27]"
base_low,base,low,1,base_main,0,0,assessment,評定,군평정,6,257,"[844,4,104,104]",0,"[844,4,948,108]","[104,104]","[844,4,948,108]",False,"[211,1,237,27]"
base_low,base,low,1,base_main,1,1,appointment,任命,임명,1,258,"[956,4,104,104]",0,"[956,4,1060,108]","[104,104]","[956,4,1060,108]",False,"[239,1,265,27]"
base_low,base,low,1,base_main,1,1,appointment,任命,임명,2,259,"[1068,4,104,104]",0,"[1068,4,1172,108]","[104,104]","[1068,4,1172,108]",False,"[267,1,293,27]"
base_low,base,low,1,base_main,1,1,appointment,任命,임명,3,260,"[1180,4,104,104]",0,"[1180,4,1284,108]","[104,104]","[1180,4,1284,108]",False,"[295,1,321,27]"
base_low,base,low,1,base_main,1,1,appointment,任命,임명,4,261,"[1292,4,104,104]",0,"[1292,4,1396,108]","[104,104]","[1292,4,1396,108]",False,"[323,1,349,27]"
base_low,base,low,1,base_main,1,1,appointment,任命,임명,5,262,"[1404,4,104,104]",0,"[1404,4,1508,108]","[104,104]","[1404,4,1508,108]",False,"[351,1,377,27]"
base_low,base,low,1,base_main,1,1,appointment,任命,임명,6,263,"[1516,4,104,104]",0,"[1516,4,1620,108]","[104,104]","[1516,4,1620,108]",False,"[379,1,405,27]"
base_low,base,low,1,base_main,2,2,military,軍事,군사,1,264,"[1628,4,104,104]",0,"[1628,4,1732,108]","[104,104]","[1628,4,1732,108]",False,"[407,1,433,27]"
base_low,base,low,1,base_main,2,2,military,軍事,군사,2,265,"[1740,4,104,104]",0,"[1740,4,1844,108]","[104,104]","[1740,4,1844,108]",False,"[435,1,461,27]"
base_low,base,low,1,base_main,2,2,military,軍事,군사,3,266,"[1852,4,104,104]",0,"[1852,4,1956,108]","[104,104]","[1852,4,1956,108]",False,"[463,1,489,27]"
base_low,base,low,1,base_main,2,2,military,軍事,군사,4,267,"[284,116,104,104]",0,"[284,116,388,220]","[104,104]","[284,116,388,220]",False,"[71,29,97,55]"
base_low,base,low,1,base_main,2,2,military,軍事,군사,5,268,"[396,116,104,104]",0,"[396,116,500,220]","[104,104]","[396,116,500,220]",False,"[99,29,125,55]"
base_low,base,low,1,base_main,2,2,military,軍事,군사,6,269,"[508,116,104,104]",0,"[508,116,612,220]","[104,104]","[508,116,612,220]",False,"[127,29,153,55]"
base_low,base,low,1,base_main,3,3,domestic,内政,내정,1,270,"[620,116,104,104]",0,"[620,116,724,220]","[104,104]","[620,116,724,220]",False,"[155,29,181,55]"
base_low,base,low,1,base_main,3,3,domestic,内政,내정,2,271,"[732,116,104,104]",0,"[732,116,836,220]","[104,104]","[732,116,836,220]",False,"[183,29,209,55]"
base_low,base,low,1,base_main,3,3,domestic,内政,내정,3,272,"[844,116,104,104]",0,"[844,116,948,220]","[104,104]","[844,116,948,220]",False,"[211,29,237,55]"
base_low,base,low,1,base_main,3,3,domestic,内政,내정,4,273,"[956,116,104,104]",0,"[956,116,1060,220]","[104,104]","[956,116,1060,220]",False,"[239,29,265,55]"
base_low,base,low,1,base_main,3,3,domestic,内政,내정,5,274,"[1068,116,104,104]",0,"[1068,116,1172,220]","[104,104]","[1068,116,1172,220]",False,"[267,29,293,55]"
base_low,base,low,1,base_main,3,3,domestic,内政,내정,6,275,"[1180,116,104,104]",0,"[1180,116,1284,220]","[104,104]","[1180,116,1284,220]",False,"[295,29,321,55]"
base_low,base,low,1,base_main,4,4,diplomacy,外交,외교,1,276,"[1292,116,104,104]",0,"[1292,116,1396,220]","[104,104]","[1292,116,1396,220]",False,"[323,29,349,55]"
base_low,base,low,1,base_main,4,4,diplomacy,外交,외교,2,277,"[1404,116,104,104]",0,"[1404,116,1508,220]","[104,104]","[1404,116,1508,220]",False,"[351,29,377,55]"
base_low,base,low,1,base_main,4,4,diplomacy,外交,외교,3,278,"[1516,116,104,104]",0,"[1516,116,1620,220]","[104,104]","[1516,116,1620,220]",False,"[379,29,405,55]"
base_low,base,low,1,base_main,4,4,diplomacy,外交,외교,4,279,"[1628,116,104,104]",0,"[1628,116,1732,220]","[104,104]","[1628,116,1732,220]",False,"[407,29,433,55]"
base_low,base,low,1,base_main,4,4,diplomacy,外交,외교,5,280,"[1740,116,104,104]",0,"[1740,116,1844,220]","[104,104]","[1740,116,1844,220]",False,"[435,29,461,55]"
base_low,base,low,1,base_main,4,4,diplomacy,外交,외교,6,281,"[1852,116,104,104]",0,"[1852,116,1956,220]","[104,104]","[1852,116,1956,220]",False,"[463,29,489,55]"
base_high,base,high,2,base_detail,0,0,county_info,郡情報,군정보,1,18,"[204,2252,192,176]",0,"[200,2240,400,2430]","[200,190]","[200,2240,400,2430]",False,"[50,560,100,608]"
base_high,base,high,2,base_detail,0,0,county_info,郡情報,군정보,2,19,"[404,2276,192,176]",0,"[400,2264,600,2454]","[200,190]","[400,2264,600,2454]",False,"[100,566,150,614]"
base_high,base,high,2,base_detail,0,0,county_info,郡情報,군정보,3,20,"[604,2276,192,176]",0,"[600,2264,800,2454]","[200,190]","[600,2264,800,2454]",False,"[150,566,200,614]"
base_high,base,high,2,base_detail,0,0,county_info,郡情報,군정보,4,21,"[804,2276,192,176]",0,"[800,2264,1000,2454]","[200,190]","[800,2264,1000,2454]",False,"[200,566,250,614]"
base_high,base,high,2,base_detail,0,0,county_info,郡情報,군정보,5,22,"[1004,2276,192,176]",0,"[1000,2264,1200,2454]","[200,190]","[1000,2264,1200,2454]",False,"[250,566,300,614]"
base_high,base,high,2,base_detail,0,0,county_info,郡情報,군정보,6,23,"[1204,2276,192,176]",0,"[1200,2264,1400,2454]","[200,190]","[1200,2264,1400,2454]",False,"[300,566,350,614]"
base_high,base,high,2,base_detail,1,1,battle_info,合戦情報,합전정보,1,24,"[1404,2276,192,176]",0,"[1400,2264,1600,2454]","[200,190]","[1400,2264,1600,2454]",False,"[350,566,400,614]"
base_high,base,high,2,base_detail,1,1,battle_info,合戦情報,합전정보,2,25,"[1604,2276,192,176]",0,"[1600,2264,1800,2454]","[200,190]","[1600,2264,1800,2454]",False,"[400,566,450,614]"
base_high,base,high,2,base_detail,1,1,battle_info,合戦情報,합전정보,3,26,"[1804,2276,192,176]",0,"[1800,2264,2000,2454]","[200,190]","[1800,2264,2000,2454]",False,"[450,566,500,614]"
base_high,base,high,2,base_detail,1,1,battle_info,合戦情報,합전정보,4,27,"[2004,2276,192,176]",0,"[2000,2264,2200,2454]","[200,190]","[2000,2264,2200,2454]",False,"[500,566,550,614]"
base_high,base,high,2,base_detail,1,1,battle_info,合戦情報,합전정보,5,28,"[2204,2276,192,176]",0,"[2200,2264,2400,2454]","[200,190]","[2200,2264,2400,2454]",False,"[550,566,600,614]"
base_high,base,high,2,base_detail,1,1,battle_info,合戦情報,합전정보,6,29,"[2404,2276,192,176]",0,"[2400,2264,2600,2454]","[200,190]","[2400,2264,2600,2454]",False,"[600,566,650,614]"
base_high,base,high,2,base_detail,2,2,fief,知行,지행,1,30,"[2604,2276,192,176]",0,"[2600,2264,2800,2454]","[200,190]","[2600,2264,2800,2454]",False,"[650,566,700,614]"
base_high,base,high,2,base_detail,2,2,fief,知行,지행,2,31,"[2804,2276,192,176]",0,"[2800,2264,3000,2454]","[200,190]","[2800,2264,3000,2454]",False,"[700,566,750,614]"
base_high,base,high,2,base_detail,2,2,fief,知行,지행,3,32,"[3004,2276,192,176]",0,"[3000,2264,3200,2454]","[200,190]","[3000,2264,3200,2454]",False,"[750,566,800,614]"
base_high,base,high,2,base_detail,2,2,fief,知行,지행,4,33,"[3204,2276,192,176]",0,"[3200,2264,3400,2454]","[200,190]","[3200,2264,3400,2454]",False,"[800,566,850,614]"
base_high,base,high,2,base_detail,2,2,fief,知行,지행,5,34,"[3404,2276,192,176]",0,"[3400,2264,3600,2454]","[200,190]","[3400,2264,3600,2454]",False,"[850,566,900,614]"
base_high,base,high,2,base_detail,2,2,fief,知行,지행,6,35,"[4,2340,192,176]",0,"[0,2328,200,2518]","[200,190]","[0,2328,200,2518]",False,"[0,582,50,630]"
base_high,base,high,2,base_detail,3,3,magistrate,代官,대관,1,36,"[3604,2428,192,176]",0,"[3600,2416,3800,2606]","[200,190]","[3600,2416,3800,2606]",False,"[900,604,950,652]"
base_high,base,high,2,base_detail,3,3,magistrate,代官,대관,2,37,"[3804,2428,192,176]",0,"[3800,2416,4000,2606]","[200,190]","[3800,2416,4000,2606]",False,"[950,604,1000,652]"
base_high,base,high,2,base_detail,3,3,magistrate,代官,대관,3,38,"[204,2436,192,176]",0,"[200,2424,400,2614]","[200,190]","[200,2424,400,2614]",False,"[50,606,100,654]"
base_high,base,high,2,base_detail,3,3,magistrate,代官,대관,4,39,"[404,2460,192,176]",0,"[400,2448,600,2638]","[200,190]","[400,2448,600,2638]",False,"[100,612,150,660]"
base_high,base,high,2,base_detail,3,3,magistrate,代官,대관,5,40,"[604,2460,192,176]",0,"[600,2448,800,2638]","[200,190]","[600,2448,800,2638]",False,"[150,612,200,660]"
base_high,base,high,2,base_detail,3,3,magistrate,代官,대관,6,41,"[804,2460,192,176]",0,"[800,2448,1000,2638]","[200,190]","[800,2448,1000,2638]",False,"[200,612,250,660]"
base_high,base,high,2,base_detail,4,4,county_develop,郡開発,군개발,1,42,"[1004,2460,192,176]",0,"[1000,2448,1200,2638]","[200,190]","[1000,2448,1200,2638]",False,"[250,612,300,660]"
base_high,base,high,2,base_detail,4,4,county_develop,郡開発,군개발,2,43,"[1204,2460,192,176]",0,"[1200,2448,1400,2638]","[200,190]","[1200,2448,1400,2638]",False,"[300,612,350,660]"
base_high,base,high,2,base_detail,4,4,county_develop,郡開発,군개발,3,44,"[1404,2460,192,176]",0,"[1400,2448,1600,2638]","[200,190]","[1400,2448,1600,2638]",False,"[350,612,400,660]"
base_high,base,high,2,base_detail,4,4,county_develop,郡開発,군개발,4,45,"[1604,2460,192,176]",0,"[1600,2448,1800,2638]","[200,190]","[1600,2448,1800,2638]",False,"[400,612,450,660]"
base_high,base,high,2,base_detail,4,4,county_develop,郡開発,군개발,5,46,"[1804,2460,192,176]",0,"[1800,2448,2000,2638]","[200,190]","[1800,2448,2000,2638]",False,"[450,612,500,660]"
base_high,base,high,2,base_detail,4,4,county_develop,郡開発,군개발,6,47,"[2004,2460,192,176]",0,"[2000,2448,2200,2638]","[200,190]","[2000,2448,2200,2638]",False,"[500,612,550,660]"
base_high,base,high,2,base_detail,5,5,unit_info,部隊情報,부대정보,1,48,"[3604,3532,192,176]",0,"[3600,3520,3800,3710]","[200,190]","[3600,3520,3800,3710]",False,"[900,880,950,928]"
base_high,base,high,2,base_detail,5,5,unit_info,部隊情報,부대정보,2,49,"[3788,220,192,176]",0,"[3784,208,3984,398]","[200,190]","[3784,208,3984,398]",False,"[946,52,996,100]"
base_high,base,high,2,base_detail,5,5,unit_info,部隊情報,부대정보,3,50,"[4,316,192,176]",0,"[0,304,200,494]","[200,190]","[0,304,200,494]",False,"[0,76,50,124]"
base_high,base,high,2,base_detail,5,5,unit_info,部隊情報,부대정보,4,51,"[3788,404,192,176]",0,"[3784,392,3984,582]","[200,190]","[3784,392,3984,582]",False,"[946,98,996,146]"
base_high,base,high,2,base_detail,5,5,unit_info,部隊情報,부대정보,5,52,"[204,412,192,176]",0,"[200,400,400,590]","[200,190]","[200,400,400,590]",False,"[50,100,100,148]"
base_high,base,high,2,base_detail,5,5,unit_info,部隊情報,부대정보,6,53,"[404,436,192,176]",0,"[400,424,600,614]","[200,190]","[400,424,600,614]",False,"[100,106,150,154]"
base_high,base,high,2,base_detail,6,6,sortie,出陣,출진,1,54,"[604,436,192,176]",0,"[600,424,800,614]","[200,190]","[600,424,800,614]",False,"[150,106,200,154]"
base_high,base,high,2,base_detail,6,6,sortie,出陣,출진,2,55,"[804,436,192,176]",0,"[800,424,1000,614]","[200,190]","[800,424,1000,614]",False,"[200,106,250,154]"
base_high,base,high,2,base_detail,6,6,sortie,出陣,출진,3,56,"[1004,436,192,176]",0,"[1000,424,1200,614]","[200,190]","[1000,424,1200,614]",False,"[250,106,300,154]"
base_high,base,high,2,base_detail,6,6,sortie,出陣,출진,4,57,"[1204,436,192,176]",0,"[1200,424,1400,614]","[200,190]","[1200,424,1400,614]",False,"[300,106,350,154]"
base_high,base,high,2,base_detail,6,6,sortie,出陣,출진,5,58,"[1404,436,192,176]",0,"[1400,424,1600,614]","[200,190]","[1400,424,1600,614]",False,"[350,106,400,154]"
base_high,base,high,2,base_detail,6,6,sortie,出陣,출진,6,59,"[1604,436,192,176]",0,"[1600,424,1800,614]","[200,190]","[1600,424,1800,614]",False,"[400,106,450,154]"
base_high,base,high,2,base_detail,7,7,return_castle,帰城,귀성,1,60,"[1804,436,192,176]",0,"[1800,424,2000,614]","[200,190]","[1800,424,2000,614]",False,"[450,106,500,154]"
base_high,base,high,2,base_detail,7,7,return_castle,帰城,귀성,2,61,"[2004,436,192,176]",0,"[2000,424,2200,614]","[200,190]","[2000,424,2200,614]",False,"[500,106,550,154]"
base_high,base,high,2,base_detail,7,7,return_castle,帰城,귀성,3,62,"[2204,436,192,176]",0,"[2200,424,2400,614]","[200,190]","[2200,424,2400,614]",False,"[550,106,600,154]"
base_high,base,high,2,base_detail,7,7,return_castle,帰城,귀성,4,63,"[2404,436,192,176]",0,"[2400,424,2600,614]","[200,190]","[2400,424,2600,614]",False,"[600,106,650,154]"
base_high,base,high,2,base_detail,7,7,return_castle,帰城,귀성,5,64,"[2604,436,192,176]",0,"[2600,424,2800,614]","[200,190]","[2600,424,2800,614]",False,"[650,106,700,154]"
base_high,base,high,2,base_detail,7,7,return_castle,帰城,귀성,6,65,"[2804,436,192,176]",0,"[2800,424,3000,614]","[200,190]","[2800,424,3000,614]",False,"[700,106,750,154]"
base_high,base,high,2,base_detail,8,8,enter_castle,入城,입성,1,66,"[3004,436,192,176]",0,"[3000,424,3200,614]","[200,190]","[3000,424,3200,614]",False,"[750,106,800,154]"
base_high,base,high,2,base_detail,8,8,enter_castle,入城,입성,2,67,"[3204,436,192,176]",0,"[3200,424,3400,614]","[200,190]","[3200,424,3400,614]",False,"[800,106,850,154]"
base_high,base,high,2,base_detail,8,8,enter_castle,入城,입성,3,68,"[3404,436,192,176]",0,"[3400,424,3600,614]","[200,190]","[3400,424,3600,614]",False,"[850,106,900,154]"
base_high,base,high,2,base_detail,8,8,enter_castle,入城,입성,4,69,"[4,500,192,176]",0,"[0,488,200,678]","[200,190]","[0,488,200,678]",False,"[0,122,50,170]"
base_high,base,high,2,base_detail,8,8,enter_castle,入城,입성,5,70,"[3604,588,192,176]",0,"[3600,576,3800,766]","[200,190]","[3600,576,3800,766]",False,"[900,144,950,192]"
base_high,base,high,2,base_detail,8,8,enter_castle,入城,입성,6,71,"[3804,588,192,176]",0,"[3800,576,4000,766]","[200,190]","[3800,576,4000,766]",False,"[950,144,1000,192]"
base_high,base,high,2,base_detail,9,9,target,目標,목표,1,72,"[204,596,192,176]",0,"[200,584,400,774]","[200,190]","[200,584,400,774]",False,"[50,146,100,194]"
base_high,base,high,2,base_detail,9,9,target,目標,목표,2,73,"[404,620,192,176]",0,"[400,608,600,798]","[200,190]","[400,608,600,798]",False,"[100,152,150,200]"
base_high,base,high,2,base_detail,9,9,target,目標,목표,3,74,"[604,620,192,176]",0,"[600,608,800,798]","[200,190]","[600,608,800,798]",False,"[150,152,200,200]"
base_high,base,high,2,base_detail,9,9,target,目標,목표,4,75,"[804,620,192,176]",0,"[800,608,1000,798]","[200,190]","[800,608,1000,798]",False,"[200,152,250,200]"
base_high,base,high,2,base_detail,9,9,target,目標,목표,5,76,"[1004,620,192,176]",0,"[1000,608,1200,798]","[200,190]","[1000,608,1200,798]",False,"[250,152,300,200]"
base_high,base,high,2,base_detail,9,9,target,目標,목표,6,77,"[1204,620,192,176]",0,"[1200,608,1400,798]","[200,190]","[1200,608,1400,798]",False,"[300,152,350,200]"
base_high,base,high,2,base_detail,10,10,storm,強攻,강공,1,78,"[1404,620,192,176]",0,"[1400,608,1600,798]","[200,190]","[1400,608,1600,798]",False,"[350,152,400,200]"
base_high,base,high,2,base_detail,10,10,storm,強攻,강공,2,79,"[1604,620,192,176]",0,"[1600,608,1800,798]","[200,190]","[1600,608,1800,798]",False,"[400,152,450,200]"
base_high,base,high,2,base_detail,10,10,storm,強攻,강공,3,80,"[1804,620,192,176]",0,"[1800,608,2000,798]","[200,190]","[1800,608,2000,798]",False,"[450,152,500,200]"
base_high,base,high,2,base_detail,10,10,storm,強攻,강공,4,81,"[2004,620,192,176]",0,"[2000,608,2200,798]","[200,190]","[2000,608,2200,798]",False,"[500,152,550,200]"
base_high,base,high,2,base_detail,10,10,storm,強攻,강공,5,82,"[2204,620,192,176]",0,"[2200,608,2400,798]","[200,190]","[2200,608,2400,798]",False,"[550,152,600,200]"
base_high,base,high,2,base_detail,10,10,storm,強攻,강공,6,83,"[2404,620,192,176]",0,"[2400,608,2600,798]","[200,190]","[2400,608,2600,798]",False,"[600,152,650,200]"
base_high,base,high,2,base_detail,11,11,encircle,包囲,포위,1,84,"[2604,620,192,176]",0,"[2600,608,2800,798]","[200,190]","[2600,608,2800,798]",False,"[650,152,700,200]"
base_high,base,high,2,base_detail,11,11,encircle,包囲,포위,2,85,"[2804,620,192,176]",0,"[2800,608,3000,798]","[200,190]","[2800,608,3000,798]",False,"[700,152,750,200]"
base_high,base,high,2,base_detail,11,11,encircle,包囲,포위,3,86,"[3004,620,192,176]",0,"[3000,608,3200,798]","[200,190]","[3000,608,3200,798]",False,"[750,152,800,200]"
base_high,base,high,2,base_detail,11,11,encircle,包囲,포위,4,87,"[3204,620,192,176]",0,"[3200,608,3400,798]","[200,190]","[3200,608,3400,798]",False,"[800,152,850,200]"
base_high,base,high,2,base_detail,11,11,encircle,包囲,포위,5,88,"[3404,620,192,176]",0,"[3400,608,3600,798]","[200,190]","[3400,608,3600,798]",False,"[850,152,900,200]"
base_high,base,high,2,base_detail,11,11,encircle,包囲,포위,6,89,"[4,684,192,176]",0,"[0,672,200,862]","[200,190]","[0,672,200,862]",False,"[0,168,50,216]"
base_high,base,high,2,base_detail,12,12,formation,編制,편제,1,90,"[3604,772,192,176]",0,"[3600,760,3800,950]","[200,190]","[3600,760,3800,950]",False,"[900,190,950,238]"
base_high,base,high,2,base_detail,12,12,formation,編制,편제,2,91,"[3804,772,192,176]",0,"[3800,760,4000,950]","[200,190]","[3800,760,4000,950]",False,"[950,190,1000,238]"
base_high,base,high,2,base_detail,12,12,formation,編制,편제,3,92,"[204,780,192,176]",0,"[200,768,400,958]","[200,190]","[200,768,400,958]",False,"[50,192,100,240]"
base_high,base,high,2,base_detail,12,12,formation,編制,편제,4,93,"[404,804,192,176]",0,"[400,792,600,982]","[200,190]","[400,792,600,982]",False,"[100,198,150,246]"
base_high,base,high,2,base_detail,12,12,formation,編制,편제,5,94,"[604,804,192,176]",0,"[600,792,800,982]","[200,190]","[600,792,800,982]",False,"[150,198,200,246]"
base_high,base,high,2,base_detail,12,12,formation,編制,편제,6,95,"[804,804,192,176]",0,"[800,792,1000,982]","[200,190]","[800,792,1000,982]",False,"[200,198,250,246]"
base_high,base,high,2,base_detail,13,13,battle,合戦,합전,1,96,"[1004,804,192,176]",0,"[1000,792,1200,982]","[200,190]","[1000,792,1200,982]",False,"[250,198,300,246]"
base_high,base,high,2,base_detail,13,13,battle,合戦,합전,2,97,"[1204,804,192,176]",0,"[1200,792,1400,982]","[200,190]","[1200,792,1400,982]",False,"[300,198,350,246]"
base_high,base,high,2,base_detail,13,13,battle,合戦,합전,3,98,"[1404,804,192,176]",0,"[1400,792,1600,982]","[200,190]","[1400,792,1600,982]",False,"[350,198,400,246]"
base_high,base,high,2,base_detail,13,13,battle,合戦,합전,4,99,"[1604,804,192,176]",0,"[1600,792,1800,982]","[200,190]","[1600,792,1800,982]",False,"[400,198,450,246]"
base_high,base,high,2,base_detail,13,13,battle,合戦,합전,5,100,"[1804,804,192,176]",0,"[1800,792,2000,982]","[200,190]","[1800,792,2000,982]",False,"[450,198,500,246]"
base_high,base,high,2,base_detail,13,13,battle,合戦,합전,6,101,"[2004,804,192,176]",0,"[2000,792,2200,982]","[200,190]","[2000,792,2200,982]",False,"[500,198,550,246]"
base_high,base,high,2,base_detail,14,14,cancel_sortie,出陣取消,출진취소,1,102,"[2204,804,192,176]",0,"[2200,792,2400,982]","[200,190]","[2200,792,2400,982]",False,"[550,198,600,246]"
base_high,base,high,2,base_detail,14,14,cancel_sortie,出陣取消,출진취소,2,103,"[2404,804,192,176]",0,"[2400,792,2600,982]","[200,190]","[2400,792,2600,982]",False,"[600,198,650,246]"
base_high,base,high,2,base_detail,14,14,cancel_sortie,出陣取消,출진취소,3,104,"[2604,804,192,176]",0,"[2600,792,2800,982]","[200,190]","[2600,792,2800,982]",False,"[650,198,700,246]"
base_high,base,high,2,base_detail,14,14,cancel_sortie,出陣取消,출진취소,4,105,"[2804,804,192,176]",0,"[2800,792,3000,982]","[200,190]","[2800,792,3000,982]",False,"[700,198,750,246]"
base_high,base,high,2,base_detail,14,14,cancel_sortie,出陣取消,출진취소,5,106,"[3004,804,192,176]",0,"[3000,792,3200,982]","[200,190]","[3000,792,3200,982]",False,"[750,198,800,246]"
base_high,base,high,2,base_detail,14,14,cancel_sortie,出陣取消,출진취소,6,107,"[3204,804,192,176]",0,"[3200,792,3400,982]","[200,190]","[3200,792,3400,982]",False,"[800,198,850,246]"
base_high,base,high,2,base_detail,15,15,disband,解散,해산,1,108,"[3404,804,192,176]",0,"[3400,792,3600,982]","[200,190]","[3400,792,3600,982]",False,"[850,198,900,246]"
base_high,base,high,2,base_detail,15,15,disband,解散,해산,2,109,"[4,868,192,176]",0,"[0,856,200,1046]","[200,190]","[0,856,200,1046]",False,"[0,214,50,262]"
base_high,base,high,2,base_detail,15,15,disband,解散,해산,3,110,"[3604,956,192,176]",0,"[3600,944,3800,1134]","[200,190]","[3600,944,3800,1134]",False,"[900,236,950,284]"
base_high,base,high,2,base_detail,15,15,disband,解散,해산,4,111,"[3804,956,192,176]",0,"[3800,944,4000,1134]","[200,190]","[3800,944,4000,1134]",False,"[950,236,1000,284]"
base_high,base,high,2,base_detail,15,15,disband,解散,해산,5,112,"[204,964,192,176]",0,"[200,952,400,1142]","[200,190]","[200,952,400,1142]",False,"[50,238,100,286]"
base_high,base,high,2,base_detail,15,15,disband,解散,해산,6,113,"[404,988,192,176]",0,"[400,976,600,1166]","[200,190]","[400,976,600,1166]",False,"[100,244,150,292]"
base_high,base,high,2,base_detail,16,16,close,閉じる,닫기,1,114,"[604,988,192,176]",0,"[600,976,800,1166]","[200,190]","[600,976,800,1166]",False,"[150,244,200,292]"
base_high,base,high,2,base_detail,16,16,close,閉じる,닫기,2,115,"[804,988,192,176]",0,"[800,976,1000,1166]","[200,190]","[800,976,1000,1166]",False,"[200,244,250,292]"
base_high,base,high,2,base_detail,16,16,close,閉じる,닫기,3,116,"[1004,988,192,176]",0,"[1000,976,1200,1166]","[200,190]","[1000,976,1200,1166]",False,"[250,244,300,292]"
base_high,base,high,2,base_detail,16,16,close,閉じる,닫기,4,117,"[1204,988,192,176]",0,"[1200,976,1400,1166]","[200,190]","[1200,976,1400,1166]",False,"[300,244,350,292]"
base_high,base,high,2,base_detail,16,16,close,閉じる,닫기,5,118,"[1404,988,192,176]",0,"[1400,976,1600,1166]","[200,190]","[1400,976,1600,1166]",False,"[350,244,400,292]"
base_high,base,high,2,base_detail,16,16,close,閉じる,닫기,6,119,"[1604,988,192,176]",0,"[1600,976,1800,1166]","[200,190]","[1600,976,1800,1166]",False,"[400,244,450,292]"
base_high,base,high,2,base_detail,17,17,edit,編集,편집,1,120,"[1804,988,192,176]",0,"[1800,976,2000,1166]","[200,190]","[1800,976,2000,1166]",False,"[450,244,500,292]"
base_high,base,high,2,base_detail,17,17,edit,編集,편집,2,121,"[2004,988,192,176]",0,"[2000,976,2200,1166]","[200,190]","[2000,976,2200,1166]",False,"[500,244,550,292]"
base_high,base,high,2,base_detail,17,17,edit,編集,편집,3,122,"[2204,988,192,176]",0,"[2200,976,2400,1166]","[200,190]","[2200,976,2400,1166]",False,"[550,244,600,292]"
base_high,base,high,2,base_detail,17,17,edit,編集,편집,4,123,"[2404,988,192,176]",0,"[2400,976,2600,1166]","[200,190]","[2400,976,2600,1166]",False,"[600,244,650,292]"
base_high,base,high,2,base_detail,17,17,edit,編集,편집,5,124,"[2604,988,192,176]",0,"[2600,976,2800,1166]","[200,190]","[2600,976,2800,1166]",False,"[650,244,700,292]"
base_high,base,high,2,base_detail,17,17,edit,編集,편집,6,125,"[2804,988,192,176]",0,"[2800,976,3000,1166]","[200,190]","[2800,976,3000,1166]",False,"[700,244,750,292]"
base_high,base,high,2,base_detail,18,18,release,解除,해제,1,126,"[3004,988,192,176]",0,"[3000,976,3200,1166]","[200,190]","[3000,976,3200,1166]",False,"[750,244,800,292]"
base_high,base,high,2,base_detail,18,18,release,解除,해제,2,127,"[3204,988,192,176]",0,"[3200,976,3400,1166]","[200,190]","[3200,976,3400,1166]",False,"[800,244,850,292]"
base_high,base,high,2,base_detail,18,18,release,解除,해제,3,128,"[3404,988,192,176]",0,"[3400,976,3600,1166]","[200,190]","[3400,976,3600,1166]",False,"[850,244,900,292]"
base_high,base,high,2,base_detail,18,18,release,解除,해제,4,129,"[4,1052,192,176]",0,"[0,1040,200,1230]","[200,190]","[0,1040,200,1230]",False,"[0,260,50,308]"
base_high,base,high,2,base_detail,18,18,release,解除,해제,5,130,"[3604,1140,192,176]",0,"[3600,1128,3800,1318]","[200,190]","[3600,1128,3800,1318]",False,"[900,282,950,330]"
base_high,base,high,2,base_detail,18,18,release,解除,해제,6,131,"[3804,1140,192,176]",0,"[3800,1128,4000,1318]","[200,190]","[3800,1128,4000,1318]",False,"[950,282,1000,330]"
base_high,base,high,2,base_detail,19,19,request_reinforcement,援軍要請,원군요청,1,132,"[204,1148,192,176]",0,"[200,1136,400,1326]","[200,190]","[200,1136,400,1326]",False,"[50,284,100,332]"
base_high,base,high,2,base_detail,19,19,request_reinforcement,援軍要請,원군요청,2,133,"[404,1172,192,176]",0,"[400,1160,600,1350]","[200,190]","[400,1160,600,1350]",False,"[100,290,150,338]"
base_high,base,high,2,base_detail,19,19,request_reinforcement,援軍要請,원군요청,3,134,"[604,1172,192,176]",0,"[600,1160,800,1350]","[200,190]","[600,1160,800,1350]",False,"[150,290,200,338]"
base_high,base,high,2,base_detail,19,19,request_reinforcement,援軍要請,원군요청,4,135,"[804,1172,192,176]",0,"[800,1160,1000,1350]","[200,190]","[800,1160,1000,1350]",False,"[200,290,250,338]"
base_high,base,high,2,base_detail,19,19,request_reinforcement,援軍要請,원군요청,5,136,"[1004,1172,192,176]",0,"[1000,1160,1200,1350]","[200,190]","[1000,1160,1200,1350]",False,"[250,290,300,338]"
base_high,base,high,2,base_detail,19,19,request_reinforcement,援軍要請,원군요청,6,137,"[1204,1172,192,176]",0,"[1200,1160,1400,1350]","[200,190]","[1200,1160,1400,1350]",False,"[300,290,350,338]"
base_high,base,high,2,base_detail,20,20,cancel_reinforcement,援軍取消,원군취소,1,138,"[1404,1172,192,176]",0,"[1400,1160,1600,1350]","[200,190]","[1400,1160,1600,1350]",False,"[350,290,400,338]"
base_high,base,high,2,base_detail,20,20,cancel_reinforcement,援軍取消,원군취소,2,139,"[1604,1172,192,176]",0,"[1600,1160,1800,1350]","[200,190]","[1600,1160,1800,1350]",False,"[400,290,450,338]"
base_high,base,high,2,base_detail,20,20,cancel_reinforcement,援軍取消,원군취소,3,140,"[1804,1172,192,176]",0,"[1800,1160,2000,1350]","[200,190]","[1800,1160,2000,1350]",False,"[450,290,500,338]"
base_high,base,high,2,base_detail,20,20,cancel_reinforcement,援軍取消,원군취소,4,141,"[2004,1172,192,176]",0,"[2000,1160,2200,1350]","[200,190]","[2000,1160,2200,1350]",False,"[500,290,550,338]"
base_high,base,high,2,base_detail,20,20,cancel_reinforcement,援軍取消,원군취소,5,142,"[2204,1172,192,176]",0,"[2200,1160,2400,1350]","[200,190]","[2200,1160,2400,1350]",False,"[550,290,600,338]"
base_high,base,high,2,base_detail,20,20,cancel_reinforcement,援軍取消,원군취소,6,143,"[2404,1172,192,176]",0,"[2400,1160,2600,1350]","[200,190]","[2400,1160,2600,1350]",False,"[600,290,650,338]"
base_high,base,high,2,base_detail,21,21,local_clan_info,国衆情報,국인정보,1,144,"[2604,1172,192,176]",0,"[2600,1160,2800,1350]","[200,190]","[2600,1160,2800,1350]",False,"[650,290,700,338]"
base_high,base,high,2,base_detail,21,21,local_clan_info,国衆情報,국인정보,2,145,"[2804,1172,192,176]",0,"[2800,1160,3000,1350]","[200,190]","[2800,1160,3000,1350]",False,"[700,290,750,338]"
base_high,base,high,2,base_detail,21,21,local_clan_info,国衆情報,국인정보,3,146,"[3004,1172,192,176]",0,"[3000,1160,3200,1350]","[200,190]","[3000,1160,3200,1350]",False,"[750,290,800,338]"
base_high,base,high,2,base_detail,21,21,local_clan_info,国衆情報,국인정보,4,147,"[3204,1172,192,176]",0,"[3200,1160,3400,1350]","[200,190]","[3200,1160,3400,1350]",False,"[800,290,850,338]"
base_high,base,high,2,base_detail,21,21,local_clan_info,国衆情報,국인정보,5,148,"[3404,1172,192,176]",0,"[3400,1160,3600,1350]","[200,190]","[3400,1160,3600,1350]",False,"[850,290,900,338]"
base_high,base,high,2,base_detail,21,21,local_clan_info,国衆情報,국인정보,6,149,"[4,1236,192,176]",0,"[0,1224,200,1414]","[200,190]","[0,1224,200,1414]",False,"[0,306,50,354]"
base_high,base,high,2,base_detail,22,22,placate_local_clan,国衆懐柔,국인회유,1,150,"[3604,1324,192,176]",0,"[3600,1312,3800,1502]","[200,190]","[3600,1312,3800,1502]",False,"[900,328,950,376]"
base_high,base,high,2,base_detail,22,22,placate_local_clan,国衆懐柔,국인회유,2,151,"[3804,1324,192,176]",0,"[3800,1312,4000,1502]","[200,190]","[3800,1312,4000,1502]",False,"[950,328,1000,376]"
base_high,base,high,2,base_detail,22,22,placate_local_clan,国衆懐柔,국인회유,3,152,"[204,1332,192,176]",0,"[200,1320,400,1510]","[200,190]","[200,1320,400,1510]",False,"[50,330,100,378]"
base_high,base,high,2,base_detail,22,22,placate_local_clan,国衆懐柔,국인회유,4,153,"[404,1356,192,176]",0,"[400,1344,600,1534]","[200,190]","[400,1344,600,1534]",False,"[100,336,150,384]"
base_high,base,high,2,base_detail,22,22,placate_local_clan,国衆懐柔,국인회유,5,154,"[604,1356,192,176]",0,"[600,1344,800,1534]","[200,190]","[600,1344,800,1534]",False,"[150,336,200,384]"
base_high,base,high,2,base_detail,22,22,placate_local_clan,国衆懐柔,국인회유,6,155,"[804,1356,192,176]",0,"[800,1344,1000,1534]","[200,190]","[800,1344,1000,1534]",False,"[200,336,250,384]"
base_high,base,high,2,base_detail,23,23,absorb_local_clan,国衆取込,국인포섭,1,156,"[1004,1356,192,176]",0,"[1000,1344,1200,1534]","[200,190]","[1000,1344,1200,1534]",False,"[250,336,300,384]"
base_high,base,high,2,base_detail,23,23,absorb_local_clan,国衆取込,국인포섭,2,157,"[1204,1356,192,176]",0,"[1200,1344,1400,1534]","[200,190]","[1200,1344,1400,1534]",False,"[300,336,350,384]"
base_high,base,high,2,base_detail,23,23,absorb_local_clan,国衆取込,국인포섭,3,158,"[1404,1356,192,176]",0,"[1400,1344,1600,1534]","[200,190]","[1400,1344,1600,1534]",False,"[350,336,400,384]"
base_high,base,high,2,base_detail,23,23,absorb_local_clan,国衆取込,국인포섭,4,159,"[1604,1356,192,176]",0,"[1600,1344,1800,1534]","[200,190]","[1600,1344,1800,1534]",False,"[400,336,450,384]"
base_high,base,high,2,base_detail,23,23,absorb_local_clan,国衆取込,국인포섭,5,160,"[1804,1356,192,176]",0,"[1800,1344,2000,1534]","[200,190]","[1800,1344,2000,1534]",False,"[450,336,500,384]"
base_high,base,high,2,base_detail,23,23,absorb_local_clan,国衆取込,국인포섭,6,161,"[2004,1356,192,176]",0,"[2000,1344,2200,1534]","[200,190]","[2000,1344,2200,1534]",False,"[500,336,550,384]"
base_high,base,high,2,base_detail,24,24,castle_info,城情報,성정보,1,162,"[2204,1356,192,176]",0,"[2200,1344,2400,1534]","[200,190]","[2200,1344,2400,1534]",False,"[550,336,600,384]"
base_high,base,high,2,base_detail,24,24,castle_info,城情報,성정보,2,163,"[2404,1356,192,176]",0,"[2400,1344,2600,1534]","[200,190]","[2400,1344,2600,1534]",False,"[600,336,650,384]"
base_high,base,high,2,base_detail,24,24,castle_info,城情報,성정보,3,164,"[2604,1356,192,176]",0,"[2600,1344,2800,1534]","[200,190]","[2600,1344,2800,1534]",False,"[650,336,700,384]"
base_high,base,high,2,base_detail,24,24,castle_info,城情報,성정보,4,165,"[2804,1356,192,176]",0,"[2800,1344,3000,1534]","[200,190]","[2800,1344,3000,1534]",False,"[700,336,750,384]"
base_high,base,high,2,base_detail,24,24,castle_info,城情報,성정보,5,166,"[3004,1356,192,176]",0,"[3000,1344,3200,1534]","[200,190]","[3000,1344,3200,1534]",False,"[750,336,800,384]"
base_high,base,high,2,base_detail,24,24,castle_info,城情報,성정보,6,167,"[3204,1356,192,176]",0,"[3200,1344,3400,1534]","[200,190]","[3200,1344,3400,1534]",False,"[800,336,850,384]"
base_high,base,high,2,base_detail,25,25,move,移動,이동,1,168,"[3404,1356,192,176]",0,"[3400,1344,3600,1534]","[200,190]","[3400,1344,3600,1534]",False,"[850,336,900,384]"
base_high,base,high,2,base_detail,25,25,move,移動,이동,2,169,"[4,1420,192,176]",0,"[0,1408,200,1598]","[200,190]","[0,1408,200,1598]",False,"[0,352,50,400]"
base_high,base,high,2,base_detail,25,25,move,移動,이동,3,170,"[3604,1508,192,176]",0,"[3600,1496,3800,1686]","[200,190]","[3600,1496,3800,1686]",False,"[900,374,950,422]"
base_high,base,high,2,base_detail,25,25,move,移動,이동,4,171,"[3804,1508,192,176]",0,"[3800,1496,4000,1686]","[200,190]","[3800,1496,4000,1686]",False,"[950,374,1000,422]"
base_high,base,high,2,base_detail,25,25,move,移動,이동,5,172,"[204,1516,192,176]",0,"[200,1504,400,1694]","[200,190]","[200,1504,400,1694]",False,"[50,376,100,424]"
base_high,base,high,2,base_detail,25,25,move,移動,이동,6,173,"[404,1540,192,176]",0,"[400,1528,600,1718]","[200,190]","[400,1528,600,1718]",False,"[100,382,150,430]"
base_high,base,high,2,base_detail,26,6,sortie,出陣,출진,1,174,"[604,1540,192,176]",0,"[600,1528,800,1718]","[200,190]","[600,1528,800,1718]",False,"[150,382,200,430]"
base_high,base,high,2,base_detail,26,6,sortie,出陣,출진,2,175,"[804,1540,192,176]",0,"[800,1528,1000,1718]","[200,190]","[800,1528,1000,1718]",False,"[200,382,250,430]"
base_high,base,high,2,base_detail,26,6,sortie,出陣,출진,3,176,"[1004,1540,192,176]",0,"[1000,1528,1200,1718]","[200,190]","[1000,1528,1200,1718]",False,"[250,382,300,430]"
base_high,base,high,2,base_detail,26,6,sortie,出陣,출진,4,177,"[1204,1540,192,176]",0,"[1200,1528,1400,1718]","[200,190]","[1200,1528,1400,1718]",False,"[300,382,350,430]"
base_high,base,high,2,base_detail,26,6,sortie,出陣,출진,5,178,"[1404,1540,192,176]",0,"[1400,1528,1600,1718]","[200,190]","[1400,1528,1600,1718]",False,"[350,382,400,430]"
base_high,base,high,2,base_detail,26,6,sortie,出陣,출진,6,179,"[1604,1540,192,176]",0,"[1600,1528,1800,1718]","[200,190]","[1600,1528,1800,1718]",False,"[400,382,450,430]"
base_high,base,high,2,base_detail,27,27,officer_info,武将情報,무장정보,1,180,"[1804,1540,192,176]",0,"[1800,1528,2000,1718]","[200,190]","[1800,1528,2000,1718]",False,"[450,382,500,430]"
base_high,base,high,2,base_detail,27,27,officer_info,武将情報,무장정보,2,181,"[2004,1540,192,176]",0,"[2000,1528,2200,1718]","[200,190]","[2000,1528,2200,1718]",False,"[500,382,550,430]"
base_high,base,high,2,base_detail,27,27,officer_info,武将情報,무장정보,3,182,"[2204,1540,192,176]",0,"[2200,1528,2400,1718]","[200,190]","[2200,1528,2400,1718]",False,"[550,382,600,430]"
base_high,base,high,2,base_detail,27,27,officer_info,武将情報,무장정보,4,183,"[2404,1540,192,176]",0,"[2400,1528,2600,1718]","[200,190]","[2400,1528,2600,1718]",False,"[600,382,650,430]"
base_high,base,high,2,base_detail,27,27,officer_info,武将情報,무장정보,5,184,"[2604,1540,192,176]",0,"[2600,1528,2800,1718]","[200,190]","[2600,1528,2800,1718]",False,"[650,382,700,430]"
base_high,base,high,2,base_detail,27,27,officer_info,武将情報,무장정보,6,185,"[2804,1540,192,176]",0,"[2800,1528,3000,1718]","[200,190]","[2800,1528,3000,1718]",False,"[700,382,750,430]"
base_high,base,high,2,base_detail,28,28,summon,呼寄,호출,1,186,"[3004,1540,192,176]",0,"[3000,1528,3200,1718]","[200,190]","[3000,1528,3200,1718]",False,"[750,382,800,430]"
base_high,base,high,2,base_detail,28,28,summon,呼寄,호출,2,187,"[3204,1540,192,176]",0,"[3200,1528,3400,1718]","[200,190]","[3200,1528,3400,1718]",False,"[800,382,850,430]"
base_high,base,high,2,base_detail,28,28,summon,呼寄,호출,3,188,"[3404,1540,192,176]",0,"[3400,1528,3600,1718]","[200,190]","[3400,1528,3600,1718]",False,"[850,382,900,430]"
base_high,base,high,2,base_detail,28,28,summon,呼寄,호출,4,189,"[4,1604,192,176]",0,"[0,1592,200,1782]","[200,190]","[0,1592,200,1782]",False,"[0,398,50,446]"
base_high,base,high,2,base_detail,28,28,summon,呼寄,호출,5,190,"[3604,1692,192,176]",0,"[3600,1680,3800,1870]","[200,190]","[3600,1680,3800,1870]",False,"[900,420,950,468]"
base_high,base,high,2,base_detail,28,28,summon,呼寄,호출,6,191,"[3804,1692,192,176]",0,"[3800,1680,4000,1870]","[200,190]","[3800,1680,4000,1870]",False,"[950,420,1000,468]"
base_high,base,high,2,base_detail,29,29,castle_town_facility,城下施設,성하시설,1,192,"[204,1700,192,176]",0,"[200,1688,400,1878]","[200,190]","[200,1688,400,1878]",False,"[50,422,100,470]"
base_high,base,high,2,base_detail,29,29,castle_town_facility,城下施設,성하시설,2,193,"[404,1724,192,176]",0,"[400,1712,600,1902]","[200,190]","[400,1712,600,1902]",False,"[100,428,150,476]"
base_high,base,high,2,base_detail,29,29,castle_town_facility,城下施設,성하시설,3,194,"[604,1724,192,176]",0,"[600,1712,800,1902]","[200,190]","[600,1712,800,1902]",False,"[150,428,200,476]"
base_high,base,high,2,base_detail,29,29,castle_town_facility,城下施設,성하시설,4,195,"[804,1724,192,176]",0,"[800,1712,1000,1902]","[200,190]","[800,1712,1000,1902]",False,"[200,428,250,476]"
base_high,base,high,2,base_detail,29,29,castle_town_facility,城下施設,성하시설,5,196,"[1004,1724,192,176]",0,"[1000,1712,1200,1902]","[200,190]","[1000,1712,1200,1902]",False,"[250,428,300,476]"
base_high,base,high,2,base_detail,29,29,castle_town_facility,城下施設,성하시설,6,197,"[1204,1724,192,176]",0,"[1200,1712,1400,1902]","[200,190]","[1200,1712,1400,1902]",False,"[300,428,350,476]"
base_high,base,high,2,base_detail,30,30,main_base,本拠,본거지,1,198,"[1404,1724,192,176]",0,"[1400,1712,1600,1902]","[200,190]","[1400,1712,1600,1902]",False,"[350,428,400,476]"
base_high,base,high,2,base_detail,30,30,main_base,本拠,본거지,2,199,"[1604,1724,192,176]",0,"[1600,1712,1800,1902]","[200,190]","[1600,1712,1800,1902]",False,"[400,428,450,476]"
base_high,base,high,2,base_detail,30,30,main_base,本拠,본거지,3,200,"[1804,1724,192,176]",0,"[1800,1712,2000,1902]","[200,190]","[1800,1712,2000,1902]",False,"[450,428,500,476]"
base_high,base,high,2,base_detail,30,30,main_base,本拠,본거지,4,201,"[2004,1724,192,176]",0,"[2000,1712,2200,1902]","[200,190]","[2000,1712,2200,1902]",False,"[500,428,550,476]"
base_high,base,high,2,base_detail,30,30,main_base,本拠,본거지,5,202,"[2204,1724,192,176]",0,"[2200,1712,2400,1902]","[200,190]","[2200,1712,2400,1902]",False,"[550,428,600,476]"
base_high,base,high,2,base_detail,30,30,main_base,本拠,본거지,6,203,"[2404,1724,192,176]",0,"[2400,1712,2600,1902]","[200,190]","[2400,1712,2600,1902]",False,"[600,428,650,476]"
base_high,base,high,2,base_detail,31,31,bulk_fief,一括知行,일괄지행,1,204,"[2604,1724,192,176]",0,"[2600,1712,2800,1902]","[200,190]","[2600,1712,2800,1902]",False,"[650,428,700,476]"
base_high,base,high,2,base_detail,31,31,bulk_fief,一括知行,일괄지행,2,205,"[2804,1724,192,176]",0,"[2800,1712,3000,1902]","[200,190]","[2800,1712,3000,1902]",False,"[700,428,750,476]"
base_high,base,high,2,base_detail,31,31,bulk_fief,一括知行,일괄지행,3,206,"[3004,1724,192,176]",0,"[3000,1712,3200,1902]","[200,190]","[3000,1712,3200,1902]",False,"[750,428,800,476]"
base_high,base,high,2,base_detail,31,31,bulk_fief,一括知行,일괄지행,4,207,"[3204,1724,192,176]",0,"[3200,1712,3400,1902]","[200,190]","[3200,1712,3400,1902]",False,"[800,428,850,476]"
base_high,base,high,2,base_detail,31,31,bulk_fief,一括知行,일괄지행,5,208,"[3404,1724,192,176]",0,"[3400,1712,3600,1902]","[200,190]","[3400,1712,3600,1902]",False,"[850,428,900,476]"
base_high,base,high,2,base_detail,31,31,bulk_fief,一括知行,일괄지행,6,209,"[4,1788,192,176]",0,"[0,1776,200,1966]","[200,190]","[0,1776,200,1966]",False,"[0,444,50,492]"
base_high,base,high,2,base_detail,32,32,faction_info,勢力情報,세력정보,1,210,"[3604,1876,192,176]",0,"[3600,1864,3800,2054]","[200,190]","[3600,1864,3800,2054]",False,"[900,466,950,514]"
base_high,base,high,2,base_detail,32,32,faction_info,勢力情報,세력정보,2,211,"[3804,1876,192,176]",0,"[3800,1864,4000,2054]","[200,190]","[3800,1864,4000,2054]",False,"[950,466,1000,514]"
base_high,base,high,2,base_detail,32,32,faction_info,勢力情報,세력정보,3,212,"[204,1884,192,176]",0,"[200,1872,400,2062]","[200,190]","[200,1872,400,2062]",False,"[50,468,100,516]"
base_high,base,high,2,base_detail,32,32,faction_info,勢力情報,세력정보,4,213,"[404,1908,192,176]",0,"[400,1896,600,2086]","[200,190]","[400,1896,600,2086]",False,"[100,474,150,522]"
base_high,base,high,2,base_detail,32,32,faction_info,勢力情報,세력정보,5,214,"[604,1908,192,176]",0,"[600,1896,800,2086]","[200,190]","[600,1896,800,2086]",False,"[150,474,200,522]"
base_high,base,high,2,base_detail,32,32,faction_info,勢力情報,세력정보,6,215,"[804,1908,192,176]",0,"[800,1896,1000,2086]","[200,190]","[800,1896,1000,2086]",False,"[200,474,250,522]"
base_high,base,high,2,base_detail,33,33,information,情報,정보,1,216,"[1004,1908,192,176]",0,"[1000,1896,1200,2086]","[200,190]","[1000,1896,1200,2086]",False,"[250,474,300,522]"
base_high,base,high,2,base_detail,33,33,information,情報,정보,2,217,"[1204,1908,192,176]",0,"[1200,1896,1400,2086]","[200,190]","[1200,1896,1400,2086]",False,"[300,474,350,522]"
base_high,base,high,2,base_detail,33,33,information,情報,정보,3,218,"[1404,1908,192,176]",0,"[1400,1896,1600,2086]","[200,190]","[1400,1896,1600,2086]",False,"[350,474,400,522]"
base_high,base,high,2,base_detail,33,33,information,情報,정보,4,219,"[1604,1908,192,176]",0,"[1600,1896,1800,2086]","[200,190]","[1600,1896,1800,2086]",False,"[400,474,450,522]"
base_high,base,high,2,base_detail,33,33,information,情報,정보,5,220,"[1804,1908,192,176]",0,"[1800,1896,2000,2086]","[200,190]","[1800,1896,2000,2086]",False,"[450,474,500,522]"
base_high,base,high,2,base_detail,33,33,information,情報,정보,6,221,"[2004,1908,192,176]",0,"[2000,1896,2200,2086]","[200,190]","[2000,1896,2200,2086]",False,"[500,474,550,522]"
base_high,base,high,2,base_detail,34,34,appointment,任命,임명,1,222,"[2204,1908,192,176]",0,"[2200,1896,2400,2086]","[200,190]","[2200,1896,2400,2086]",False,"[550,474,600,522]"
base_high,base,high,2,base_detail,34,34,appointment,任命,임명,2,223,"[2404,1908,192,176]",0,"[2400,1896,2600,2086]","[200,190]","[2400,1896,2600,2086]",False,"[600,474,650,522]"
base_high,base,high,2,base_detail,34,34,appointment,任命,임명,3,224,"[2604,1908,192,176]",0,"[2600,1896,2800,2086]","[200,190]","[2600,1896,2800,2086]",False,"[650,474,700,522]"
base_high,base,high,2,base_detail,34,34,appointment,任命,임명,4,225,"[2804,1908,192,176]",0,"[2800,1896,3000,2086]","[200,190]","[2800,1896,3000,2086]",False,"[700,474,750,522]"
base_high,base,high,2,base_detail,34,34,appointment,任命,임명,5,226,"[3004,1908,192,176]",0,"[3000,1896,3200,2086]","[200,190]","[3000,1896,3200,2086]",False,"[750,474,800,522]"
base_high,base,high,2,base_detail,34,34,appointment,任命,임명,6,227,"[3204,1908,192,176]",0,"[3200,1896,3400,2086]","[200,190]","[3200,1896,3400,2086]",False,"[800,474,850,522]"
base_high,base,high,2,base_detail,35,35,military,軍事,군사,1,228,"[3404,1908,192,176]",0,"[3400,1896,3600,2086]","[200,190]","[3400,1896,3600,2086]",False,"[850,474,900,522]"
base_high,base,high,2,base_detail,35,35,military,軍事,군사,2,229,"[4,1972,192,176]",0,"[0,1960,200,2150]","[200,190]","[0,1960,200,2150]",False,"[0,490,50,538]"
base_high,base,high,2,base_detail,35,35,military,軍事,군사,3,230,"[3604,2060,192,176]",0,"[3600,2048,3800,2238]","[200,190]","[3600,2048,3800,2238]",False,"[900,512,950,560]"
base_high,base,high,2,base_detail,35,35,military,軍事,군사,4,231,"[3804,2060,192,176]",0,"[3800,2048,4000,2238]","[200,190]","[3800,2048,4000,2238]",False,"[950,512,1000,560]"
base_high,base,high,2,base_detail,35,35,military,軍事,군사,5,232,"[204,2068,192,176]",0,"[200,2056,400,2246]","[200,190]","[200,2056,400,2246]",False,"[50,514,100,562]"
base_high,base,high,2,base_detail,35,35,military,軍事,군사,6,233,"[404,2092,192,176]",0,"[400,2080,600,2270]","[200,190]","[400,2080,600,2270]",False,"[100,520,150,568]"
base_high,base,high,2,base_detail,36,36,domestic,内政,내정,1,234,"[604,2092,192,176]",0,"[600,2080,800,2270]","[200,190]","[600,2080,800,2270]",False,"[150,520,200,568]"
base_high,base,high,2,base_detail,36,36,domestic,内政,내정,2,235,"[804,2092,192,176]",0,"[800,2080,1000,2270]","[200,190]","[800,2080,1000,2270]",False,"[200,520,250,568]"
base_high,base,high,2,base_detail,36,36,domestic,内政,내정,3,236,"[1004,2092,192,176]",0,"[1000,2080,1200,2270]","[200,190]","[1000,2080,1200,2270]",False,"[250,520,300,568]"
base_high,base,high,2,base_detail,36,36,domestic,内政,내정,4,237,"[1204,2092,192,176]",0,"[1200,2080,1400,2270]","[200,190]","[1200,2080,1400,2270]",False,"[300,520,350,568]"
base_high,base,high,2,base_detail,36,36,domestic,内政,내정,5,238,"[1404,2092,192,176]",0,"[1400,2080,1600,2270]","[200,190]","[1400,2080,1600,2270]",False,"[350,520,400,568]"
base_high,base,high,2,base_detail,36,36,domestic,内政,내정,6,239,"[1604,2092,192,176]",0,"[1600,2080,1800,2270]","[200,190]","[1600,2080,1800,2270]",False,"[400,520,450,568]"
base_high,base,high,2,base_detail,37,37,domain_policy,領内諸策,영지계책,1,240,"[1804,2092,192,176]",0,"[1800,2080,2000,2270]","[200,190]","[1800,2080,2000,2270]",False,"[450,520,500,568]"
base_high,base,high,2,base_detail,37,37,domain_policy,領内諸策,영지계책,2,241,"[2004,2092,192,176]",0,"[2000,2080,2200,2270]","[200,190]","[2000,2080,2200,2270]",False,"[500,520,550,568]"
base_high,base,high,2,base_detail,37,37,domain_policy,領内諸策,영지계책,3,242,"[2204,2092,192,176]",0,"[2200,2080,2400,2270]","[200,190]","[2200,2080,2400,2270]",False,"[550,520,600,568]"
base_high,base,high,2,base_detail,37,37,domain_policy,領内諸策,영지계책,4,243,"[2404,2092,192,176]",0,"[2400,2080,2600,2270]","[200,190]","[2400,2080,2600,2270]",False,"[600,520,650,568]"
base_high,base,high,2,base_detail,37,37,domain_policy,領内諸策,영지계책,5,244,"[2604,2092,192,176]",0,"[2600,2080,2800,2270]","[200,190]","[2600,2080,2800,2270]",False,"[650,520,700,568]"
base_high,base,high,2,base_detail,37,37,domain_policy,領内諸策,영지계책,6,245,"[2804,2092,192,176]",0,"[2800,2080,3000,2270]","[200,190]","[2800,2080,3000,2270]",False,"[700,520,750,568]"
base_high,base,high,2,base_detail,38,38,scheme,調略,조략,1,246,"[3004,2092,192,176]",0,"[3000,2080,3200,2270]","[200,190]","[3000,2080,3200,2270]",False,"[750,520,800,568]"
base_high,base,high,2,base_detail,38,38,scheme,調略,조략,2,247,"[3204,2092,192,176]",0,"[3200,2080,3400,2270]","[200,190]","[3200,2080,3400,2270]",False,"[800,520,850,568]"
base_high,base,high,2,base_detail,38,38,scheme,調略,조략,3,248,"[3404,2092,192,176]",0,"[3400,2080,3600,2270]","[200,190]","[3400,2080,3600,2270]",False,"[850,520,900,568]"
base_high,base,high,2,base_detail,38,38,scheme,調略,조략,4,249,"[4,2156,192,176]",0,"[0,2144,200,2334]","[200,190]","[0,2144,200,2334]",False,"[0,536,50,584]"
base_high,base,high,2,base_detail,38,38,scheme,調略,조략,5,250,"[3604,2244,192,176]",0,"[3600,2232,3800,2422]","[200,190]","[3600,2232,3800,2422]",False,"[900,558,950,606]"
base_high,base,high,2,base_detail,38,38,scheme,調略,조략,6,251,"[3804,2244,192,176]",0,"[3800,2232,4000,2422]","[200,190]","[3800,2232,4000,2422]",False,"[950,558,1000,606]"
base_high,base,high,2,base_detail,39,2,fief,知行,지행,1,282,"[2204,2460,192,176]",0,"[2200,2448,2400,2638]","[200,190]","[2200,2448,2400,2638]",False,"[550,612,600,660]"
base_high,base,high,2,base_detail,39,2,fief,知行,지행,2,283,"[2404,2460,192,176]",0,"[2400,2448,2600,2638]","[200,190]","[2400,2448,2600,2638]",False,"[600,612,650,660]"
base_high,base,high,2,base_detail,39,2,fief,知行,지행,3,284,"[2604,2460,192,176]",0,"[2600,2448,2800,2638]","[200,190]","[2600,2448,2800,2638]",False,"[650,612,700,660]"
base_high,base,high,2,base_detail,39,2,fief,知行,지행,4,285,"[2804,2460,192,176]",0,"[2800,2448,3000,2638]","[200,190]","[2800,2448,3000,2638]",False,"[700,612,750,660]"
base_high,base,high,2,base_detail,39,2,fief,知行,지행,5,286,"[3004,2460,192,176]",0,"[3000,2448,3200,2638]","[200,190]","[3000,2448,3200,2638]",False,"[750,612,800,660]"
base_high,base,high,2,base_detail,39,2,fief,知行,지행,6,287,"[3204,2460,192,176]",0,"[3200,2448,3400,2638]","[200,190]","[3200,2448,3400,2638]",False,"[800,612,850,660]"
base_high,base,high,2,base_detail,40,40,transfer_fief,転封,전봉,1,288,"[3404,2460,192,176]",0,"[3400,2448,3600,2638]","[200,190]","[3400,2448,3600,2638]",False,"[850,612,900,660]"
base_high,base,high,2,base_detail,40,40,transfer_fief,転封,전봉,2,289,"[4,2524,192,176]",0,"[0,2512,200,2702]","[200,190]","[0,2512,200,2702]",False,"[0,628,50,676]"
base_high,base,high,2,base_detail,40,40,transfer_fief,転封,전봉,3,290,"[3604,2612,192,176]",0,"[3600,2600,3800,2790]","[200,190]","[3600,2600,3800,2790]",False,"[900,650,950,698]"
base_high,base,high,2,base_detail,40,40,transfer_fief,転封,전봉,4,291,"[3804,2612,192,176]",0,"[3800,2600,4000,2790]","[200,190]","[3800,2600,4000,2790]",False,"[950,650,1000,698]"
base_high,base,high,2,base_detail,40,40,transfer_fief,転封,전봉,5,292,"[204,2620,192,176]",0,"[200,2608,400,2798]","[200,190]","[200,2608,400,2798]",False,"[50,652,100,700]"
base_high,base,high,2,base_detail,40,40,transfer_fief,転封,전봉,6,293,"[404,2644,192,176]",0,"[400,2632,600,2822]","[200,190]","[400,2632,600,2822]",False,"[100,658,150,706]"
base_high,base,high,2,base_detail,41,3,magistrate,代官,대관,1,294,"[604,2644,192,176]",0,"[600,2632,800,2822]","[200,190]","[600,2632,800,2822]",False,"[150,658,200,706]"
base_high,base,high,2,base_detail,41,3,magistrate,代官,대관,2,295,"[804,2644,192,176]",0,"[800,2632,1000,2822]","[200,190]","[800,2632,1000,2822]",False,"[200,658,250,706]"
base_high,base,high,2,base_detail,41,3,magistrate,代官,대관,3,296,"[1004,2644,192,176]",0,"[1000,2632,1200,2822]","[200,190]","[1000,2632,1200,2822]",False,"[250,658,300,706]"
base_high,base,high,2,base_detail,41,3,magistrate,代官,대관,4,297,"[1204,2644,192,176]",0,"[1200,2632,1400,2822]","[200,190]","[1200,2632,1400,2822]",False,"[300,658,350,706]"
base_high,base,high,2,base_detail,41,3,magistrate,代官,대관,5,298,"[1404,2644,192,176]",0,"[1400,2632,1600,2822]","[200,190]","[1400,2632,1600,2822]",False,"[350,658,400,706]"
base_high,base,high,2,base_detail,41,3,magistrate,代官,대관,6,299,"[1604,2644,192,176]",0,"[1600,2632,1800,2822]","[200,190]","[1600,2632,1800,2822]",False,"[400,658,450,706]"
base_high,base,high,2,base_detail,42,6,sortie,出陣,출진,1,300,"[1804,2644,192,176]",0,"[1800,2632,2000,2822]","[200,190]","[1800,2632,2000,2822]",False,"[450,658,500,706]"
base_high,base,high,2,base_detail,42,6,sortie,出陣,출진,2,301,"[2004,2644,192,176]",0,"[2000,2632,2200,2822]","[200,190]","[2000,2632,2200,2822]",False,"[500,658,550,706]"
base_high,base,high,2,base_detail,42,6,sortie,出陣,출진,3,302,"[2204,2644,192,176]",0,"[2200,2632,2400,2822]","[200,190]","[2200,2632,2400,2822]",False,"[550,658,600,706]"
base_high,base,high,2,base_detail,42,6,sortie,出陣,출진,4,303,"[2404,2644,192,176]",0,"[2400,2632,2600,2822]","[200,190]","[2400,2632,2600,2822]",False,"[600,658,650,706]"
base_high,base,high,2,base_detail,42,6,sortie,出陣,출진,5,304,"[2604,2644,192,176]",0,"[2600,2632,2800,2822]","[200,190]","[2600,2632,2800,2822]",False,"[650,658,700,706]"
base_high,base,high,2,base_detail,42,6,sortie,出陣,출진,6,305,"[2804,2644,192,176]",0,"[2800,2632,3000,2822]","[200,190]","[2800,2632,3000,2822]",False,"[700,658,750,706]"
base_high,base,high,2,base_detail,43,43,capture_target,攻略目標,공략목표,1,306,"[3004,2644,192,176]",0,"[3000,2632,3200,2822]","[200,190]","[3000,2632,3200,2822]",False,"[750,658,800,706]"
base_high,base,high,2,base_detail,43,43,capture_target,攻略目標,공략목표,2,307,"[3204,2644,192,176]",0,"[3200,2632,3400,2822]","[200,190]","[3200,2632,3400,2822]",False,"[800,658,850,706]"
base_high,base,high,2,base_detail,43,43,capture_target,攻略目標,공략목표,3,308,"[3404,2644,192,176]",0,"[3400,2632,3600,2822]","[200,190]","[3400,2632,3600,2822]",False,"[850,658,900,706]"
base_high,base,high,2,base_detail,43,43,capture_target,攻略目標,공략목표,4,309,"[4,2708,192,176]",0,"[0,2696,200,2886]","[200,190]","[0,2696,200,2886]",False,"[0,674,50,722]"
base_high,base,high,2,base_detail,43,43,capture_target,攻略目標,공략목표,5,310,"[3604,2796,192,176]",0,"[3600,2784,3800,2974]","[200,190]","[3600,2784,3800,2974]",False,"[900,696,950,744]"
base_high,base,high,2,base_detail,43,43,capture_target,攻略目標,공략목표,6,311,"[3804,2796,192,176]",0,"[3800,2784,4000,2974]","[200,190]","[3800,2784,4000,2974]",False,"[950,696,1000,744]"
base_high,base,high,2,base_detail,44,38,scheme,調略,조략,1,312,"[204,2804,192,176]",0,"[200,2792,400,2982]","[200,190]","[200,2792,400,2982]",False,"[50,698,100,746]"
base_high,base,high,2,base_detail,44,38,scheme,調略,조략,2,313,"[404,2828,192,176]",0,"[400,2816,600,3006]","[200,190]","[400,2816,600,3006]",False,"[100,704,150,752]"
base_high,base,high,2,base_detail,44,38,scheme,調略,조략,3,314,"[604,2828,192,176]",0,"[600,2816,800,3006]","[200,190]","[600,2816,800,3006]",False,"[150,704,200,752]"
base_high,base,high,2,base_detail,44,38,scheme,調略,조략,4,315,"[804,2828,192,176]",0,"[800,2816,1000,3006]","[200,190]","[800,2816,1000,3006]",False,"[200,704,250,752]"
base_high,base,high,2,base_detail,44,38,scheme,調略,조략,5,316,"[1004,2828,192,176]",0,"[1000,2816,1200,3006]","[200,190]","[1000,2816,1200,3006]",False,"[250,704,300,752]"
base_high,base,high,2,base_detail,44,38,scheme,調略,조략,6,317,"[1204,2828,192,176]",0,"[1200,2816,1400,3006]","[200,190]","[1200,2816,1400,3006]",False,"[300,704,350,752]"
base_high,base,high,2,base_detail,45,29,castle_town_facility,城下施設,성하시설,1,318,"[1404,2828,192,176]",0,"[1400,2816,1600,3006]","[200,190]","[1400,2816,1600,3006]",False,"[350,704,400,752]"
base_high,base,high,2,base_detail,45,29,castle_town_facility,城下施設,성하시설,2,319,"[1604,2828,192,176]",0,"[1600,2816,1800,3006]","[200,190]","[1600,2816,1800,3006]",False,"[400,704,450,752]"
base_high,base,high,2,base_detail,45,29,castle_town_facility,城下施設,성하시설,3,320,"[1804,2828,192,176]",0,"[1800,2816,2000,3006]","[200,190]","[1800,2816,2000,3006]",False,"[450,704,500,752]"
base_high,base,high,2,base_detail,45,29,castle_town_facility,城下施設,성하시설,4,321,"[2004,2828,192,176]",0,"[2000,2816,2200,3006]","[200,190]","[2000,2816,2200,3006]",False,"[500,704,550,752]"
base_high,base,high,2,base_detail,45,29,castle_town_facility,城下施設,성하시설,5,322,"[2204,2828,192,176]",0,"[2200,2816,2400,3006]","[200,190]","[2200,2816,2400,3006]",False,"[550,704,600,752]"
base_high,base,high,2,base_detail,45,29,castle_town_facility,城下施設,성하시설,6,323,"[2404,2828,192,176]",0,"[2400,2816,2600,3006]","[200,190]","[2400,2816,2600,3006]",False,"[600,704,650,752]"
base_high,base,high,2,base_detail,46,4,county_develop,郡開発,군개발,1,324,"[2604,2828,192,176]",0,"[2600,2816,2800,3006]","[200,190]","[2600,2816,2800,3006]",False,"[650,704,700,752]"
base_high,base,high,2,base_detail,46,4,county_develop,郡開発,군개발,2,325,"[2804,2828,192,176]",0,"[2800,2816,3000,3006]","[200,190]","[2800,2816,3000,3006]",False,"[700,704,750,752]"
base_high,base,high,2,base_detail,46,4,county_develop,郡開発,군개발,3,326,"[3004,2828,192,176]",0,"[3000,2816,3200,3006]","[200,190]","[3000,2816,3200,3006]",False,"[750,704,800,752]"
base_high,base,high,2,base_detail,46,4,county_develop,郡開発,군개발,4,327,"[3204,2828,192,176]",0,"[3200,2816,3400,3006]","[200,190]","[3200,2816,3400,3006]",False,"[800,704,850,752]"
base_high,base,high,2,base_detail,46,4,county_develop,郡開発,군개발,5,328,"[3404,2828,192,176]",0,"[3400,2816,3600,3006]","[200,190]","[3400,2816,3600,3006]",False,"[850,704,900,752]"
base_high,base,high,2,base_detail,46,4,county_develop,郡開発,군개발,6,329,"[4,2892,192,176]",0,"[0,2880,200,3070]","[200,190]","[0,2880,200,3070]",False,"[0,720,50,768]"
base_high,base,high,2,base_detail,47,37,domain_policy,領内諸策,영지계책,1,330,"[3604,2980,192,176]",0,"[3600,2968,3800,3158]","[200,190]","[3600,2968,3800,3158]",False,"[900,742,950,790]"
base_high,base,high,2,base_detail,47,37,domain_policy,領内諸策,영지계책,2,331,"[3804,2980,192,176]",0,"[3800,2968,4000,3158]","[200,190]","[3800,2968,4000,3158]",False,"[950,742,1000,790]"
base_high,base,high,2,base_detail,47,37,domain_policy,領内諸策,영지계책,3,332,"[204,2988,192,176]",0,"[200,2976,400,3166]","[200,190]","[200,2976,400,3166]",False,"[50,744,100,792]"
base_high,base,high,2,base_detail,47,37,domain_policy,領内諸策,영지계책,4,333,"[404,3012,192,176]",0,"[400,3000,600,3190]","[200,190]","[400,3000,600,3190]",False,"[100,750,150,798]"
base_high,base,high,2,base_detail,47,37,domain_policy,領内諸策,영지계책,5,334,"[604,3012,192,176]",0,"[600,3000,800,3190]","[200,190]","[600,3000,800,3190]",False,"[150,750,200,798]"
base_high,base,high,2,base_detail,47,37,domain_policy,領内諸策,영지계책,6,335,"[804,3012,192,176]",0,"[800,3000,1000,3190]","[200,190]","[800,3000,1000,3190]",False,"[200,750,250,798]"
base_high,base,high,2,base_detail,48,48,friendship,親善,친선,1,336,"[1004,3012,192,176]",0,"[1000,3000,1200,3190]","[200,190]","[1000,3000,1200,3190]",False,"[250,750,300,798]"
base_high,base,high,2,base_detail,48,48,friendship,親善,친선,2,337,"[1204,3012,192,176]",0,"[1200,3000,1400,3190]","[200,190]","[1200,3000,1400,3190]",False,"[300,750,350,798]"
base_high,base,high,2,base_detail,48,48,friendship,親善,친선,3,338,"[1404,3012,192,176]",0,"[1400,3000,1600,3190]","[200,190]","[1400,3000,1600,3190]",False,"[350,750,400,798]"
base_high,base,high,2,base_detail,48,48,friendship,親善,친선,4,339,"[1604,3012,192,176]",0,"[1600,3000,1800,3190]","[200,190]","[1600,3000,1800,3190]",False,"[400,750,450,798]"
base_high,base,high,2,base_detail,48,48,friendship,親善,친선,5,340,"[1804,3012,192,176]",0,"[1800,3000,2000,3190]","[200,190]","[1800,3000,2000,3190]",False,"[450,750,500,798]"
base_high,base,high,2,base_detail,48,48,friendship,親善,친선,6,341,"[2004,3012,192,176]",0,"[2000,3000,2200,3190]","[200,190]","[2000,3000,2200,3190]",False,"[500,750,550,798]"
base_high,base,high,2,base_detail,49,49,negotiation,交渉,교섭,1,342,"[2204,3012,192,176]",0,"[2200,3000,2400,3190]","[200,190]","[2200,3000,2400,3190]",False,"[550,750,600,798]"
base_high,base,high,2,base_detail,49,49,negotiation,交渉,교섭,2,343,"[2404,3012,192,176]",0,"[2400,3000,2600,3190]","[200,190]","[2400,3000,2600,3190]",False,"[600,750,650,798]"
base_high,base,high,2,base_detail,49,49,negotiation,交渉,교섭,3,344,"[2604,3012,192,176]",0,"[2600,3000,2800,3190]","[200,190]","[2600,3000,2800,3190]",False,"[650,750,700,798]"
base_high,base,high,2,base_detail,49,49,negotiation,交渉,교섭,4,345,"[2804,3012,192,176]",0,"[2800,3000,3000,3190]","[200,190]","[2800,3000,3000,3190]",False,"[700,750,750,798]"
base_high,base,high,2,base_detail,49,49,negotiation,交渉,교섭,5,346,"[3004,3012,192,176]",0,"[3000,3000,3200,3190]","[200,190]","[3000,3000,3200,3190]",False,"[750,750,800,798]"
base_high,base,high,2,base_detail,49,49,negotiation,交渉,교섭,6,347,"[3204,3012,192,176]",0,"[3200,3000,3400,3190]","[200,190]","[3200,3000,3400,3190]",False,"[800,750,850,798]"
base_high,base,high,2,base_detail,50,50,imperial_court,朝廷,조정,1,348,"[3404,3012,192,176]",0,"[3400,3000,3600,3190]","[200,190]","[3400,3000,3600,3190]",False,"[850,750,900,798]"
base_high,base,high,2,base_detail,50,50,imperial_court,朝廷,조정,2,349,"[4,3076,192,176]",0,"[0,3064,200,3254]","[200,190]","[0,3064,200,3254]",False,"[0,766,50,814]"
base_high,base,high,2,base_detail,50,50,imperial_court,朝廷,조정,3,350,"[3604,3164,192,176]",0,"[3600,3152,3800,3342]","[200,190]","[3600,3152,3800,3342]",False,"[900,788,950,836]"
base_high,base,high,2,base_detail,50,50,imperial_court,朝廷,조정,4,351,"[3804,3164,192,176]",0,"[3800,3152,4000,3342]","[200,190]","[3800,3152,4000,3342]",False,"[950,788,1000,836]"
base_high,base,high,2,base_detail,50,50,imperial_court,朝廷,조정,5,352,"[204,3172,192,176]",0,"[200,3160,400,3350]","[200,190]","[200,3160,400,3350]",False,"[50,790,100,838]"
base_high,base,high,2,base_detail,50,50,imperial_court,朝廷,조정,6,353,"[404,3196,192,176]",0,"[400,3184,600,3374]","[200,190]","[400,3184,600,3374]",False,"[100,796,150,844]"
base_high,base,high,2,base_detail,51,51,office,役職,역직,1,354,"[604,3196,192,176]",0,"[600,3184,800,3374]","[200,190]","[600,3184,800,3374]",False,"[150,796,200,844]"
base_high,base,high,2,base_detail,51,51,office,役職,역직,2,355,"[804,3196,192,176]",0,"[800,3184,1000,3374]","[200,190]","[800,3184,1000,3374]",False,"[200,796,250,844]"
base_high,base,high,2,base_detail,51,51,office,役職,역직,3,356,"[1004,3196,192,176]",0,"[1000,3184,1200,3374]","[200,190]","[1000,3184,1200,3374]",False,"[250,796,300,844]"
base_high,base,high,2,base_detail,51,51,office,役職,역직,4,357,"[1204,3196,192,176]",0,"[1200,3184,1400,3374]","[200,190]","[1200,3184,1400,3374]",False,"[300,796,350,844]"
base_high,base,high,2,base_detail,51,51,office,役職,역직,5,358,"[1404,3196,192,176]",0,"[1400,3184,1600,3374]","[200,190]","[1400,3184,1600,3374]",False,"[350,796,400,844]"
base_high,base,high,2,base_detail,51,51,office,役職,역직,6,359,"[1604,3196,192,176]",0,"[1600,3184,1800,3374]","[200,190]","[1600,3184,1800,3374]",False,"[400,796,450,844]"
base_high,base,high,2,base_detail,52,43,capture_target,攻略目標,공략목표,1,360,"[1804,3196,192,176]",0,"[1800,3184,2000,3374]","[200,190]","[1800,3184,2000,3374]",False,"[450,796,500,844]"
base_high,base,high,2,base_detail,52,43,capture_target,攻略目標,공략목표,2,361,"[2004,3196,192,176]",0,"[2000,3184,2200,3374]","[200,190]","[2000,3184,2200,3374]",False,"[500,796,550,844]"
base_high,base,high,2,base_detail,52,43,capture_target,攻略目標,공략목표,3,362,"[2204,3196,192,176]",0,"[2200,3184,2400,3374]","[200,190]","[2200,3184,2400,3374]",False,"[550,796,600,844]"
base_high,base,high,2,base_detail,52,43,capture_target,攻略目標,공략목표,4,363,"[2404,3196,192,176]",0,"[2400,3184,2600,3374]","[200,190]","[2400,3184,2600,3374]",False,"[600,796,650,844]"
base_high,base,high,2,base_detail,52,43,capture_target,攻略目標,공략목표,5,364,"[2604,3196,192,176]",0,"[2600,3184,2800,3374]","[200,190]","[2600,3184,2800,3374]",False,"[650,796,700,844]"
base_high,base,high,2,base_detail,52,43,capture_target,攻略目標,공략목표,6,365,"[2804,3196,192,176]",0,"[2800,3184,3000,3374]","[200,190]","[2800,3184,3000,3374]",False,"[700,796,750,844]"
base_high,base,high,2,base_detail,53,6,sortie,出陣,출진,1,366,"[3004,3196,192,176]",0,"[3000,3184,3200,3374]","[200,190]","[3000,3184,3200,3374]",False,"[750,796,800,844]"
base_high,base,high,2,base_detail,53,6,sortie,出陣,출진,2,367,"[3204,3196,192,176]",0,"[3200,3184,3400,3374]","[200,190]","[3200,3184,3400,3374]",False,"[800,796,850,844]"
base_high,base,high,2,base_detail,53,6,sortie,出陣,출진,3,368,"[3404,3196,192,176]",0,"[3400,3184,3600,3374]","[200,190]","[3400,3184,3600,3374]",False,"[850,796,900,844]"
base_high,base,high,2,base_detail,53,6,sortie,出陣,출진,4,369,"[4,3260,192,176]",0,"[0,3248,200,3438]","[200,190]","[0,3248,200,3438]",False,"[0,812,50,860]"
base_high,base,high,2,base_detail,53,6,sortie,出陣,출진,5,370,"[3604,3348,192,176]",0,"[3600,3336,3800,3526]","[200,190]","[3600,3336,3800,3526]",False,"[900,834,950,882]"
base_high,base,high,2,base_detail,53,6,sortie,出陣,출진,6,371,"[3804,3348,192,176]",0,"[3800,3336,4000,3526]","[200,190]","[3800,3336,4000,3526]",False,"[950,834,1000,882]"
base_high,base,high,2,base_detail,54,4,county_develop,郡開発,군개발,1,372,"[204,3356,192,176]",0,"[200,3344,400,3534]","[200,190]","[200,3344,400,3534]",False,"[50,836,100,884]"
base_high,base,high,2,base_detail,54,4,county_develop,郡開発,군개발,2,373,"[404,3380,192,176]",0,"[400,3368,600,3558]","[200,190]","[400,3368,600,3558]",False,"[100,842,150,890]"
base_high,base,high,2,base_detail,54,4,county_develop,郡開発,군개발,3,374,"[604,3380,192,176]",0,"[600,3368,800,3558]","[200,190]","[600,3368,800,3558]",False,"[150,842,200,890]"
base_high,base,high,2,base_detail,54,4,county_develop,郡開発,군개발,4,375,"[804,3380,192,176]",0,"[800,3368,1000,3558]","[200,190]","[800,3368,1000,3558]",False,"[200,842,250,890]"
base_high,base,high,2,base_detail,54,4,county_develop,郡開発,군개발,5,376,"[1004,3380,192,176]",0,"[1000,3368,1200,3558]","[200,190]","[1000,3368,1200,3558]",False,"[250,842,300,890]"
base_high,base,high,2,base_detail,54,4,county_develop,郡開発,군개발,6,377,"[1204,3380,192,176]",0,"[1200,3368,1400,3558]","[200,190]","[1200,3368,1400,3558]",False,"[300,842,350,890]"
base_high,base,high,2,base_detail,55,55,assignment,主命,주명,1,378,"[1404,3380,192,176]",0,"[1400,3368,1600,3558]","[200,190]","[1400,3368,1600,3558]",False,"[350,842,400,890]"
base_high,base,high,2,base_detail,55,55,assignment,主命,주명,2,379,"[1604,3380,192,176]",0,"[1600,3368,1800,3558]","[200,190]","[1600,3368,1800,3558]",False,"[400,842,450,890]"
base_high,base,high,2,base_detail,55,55,assignment,主命,주명,3,380,"[1804,3380,192,176]",0,"[1800,3368,2000,3558]","[200,190]","[1800,3368,2000,3558]",False,"[450,842,500,890]"
base_high,base,high,2,base_detail,55,55,assignment,主命,주명,4,381,"[2004,3380,192,176]",0,"[2000,3368,2200,3558]","[200,190]","[2000,3368,2200,3558]",False,"[500,842,550,890]"
base_high,base,high,2,base_detail,55,55,assignment,主命,주명,5,382,"[2204,3380,192,176]",0,"[2200,3368,2400,3558]","[200,190]","[2200,3368,2400,3558]",False,"[550,842,600,890]"
base_high,base,high,2,base_detail,55,55,assignment,主命,주명,6,383,"[2404,3380,192,176]",0,"[2400,3368,2600,3558]","[200,190]","[2400,3368,2600,3558]",False,"[600,842,650,890]"
base_high,base,high,2,base_detail,56,56,relocation,移転,이전,1,384,"[2604,3380,192,176]",0,"[2600,3368,2800,3558]","[200,190]","[2600,3368,2800,3558]",False,"[650,842,700,890]"
base_high,base,high,2,base_detail,56,56,relocation,移転,이전,2,385,"[2804,3380,192,176]",0,"[2800,3368,3000,3558]","[200,190]","[2800,3368,3000,3558]",False,"[700,842,750,890]"
base_high,base,high,2,base_detail,56,56,relocation,移転,이전,3,386,"[3004,3380,192,176]",0,"[3000,3368,3200,3558]","[200,190]","[3000,3368,3200,3558]",False,"[750,842,800,890]"
base_high,base,high,2,base_detail,56,56,relocation,移転,이전,4,387,"[3204,3380,192,176]",0,"[3200,3368,3400,3558]","[200,190]","[3200,3368,3400,3558]",False,"[800,842,850,890]"
base_high,base,high,2,base_detail,56,56,relocation,移転,이전,5,388,"[3404,3380,192,176]",0,"[3400,3368,3600,3558]","[200,190]","[3400,3368,3600,3558]",False,"[850,842,900,890]"
base_high,base,high,2,base_detail,56,56,relocation,移転,이전,6,389,"[4,3444,192,176]",0,"[0,3432,200,3622]","[200,190]","[0,3432,200,3622]",False,"[0,858,50,906]"
base_high,base,high,2,base_main,0,0,assessment,評定,군평정,1,252,"[548,4,208,208]",0,"[548,4,756,212]","[208,208]","[548,4,756,212]",False,"[137,1,189,53]"
base_high,base,high,2,base_main,0,0,assessment,評定,군평정,2,253,"[764,4,208,208]",0,"[764,4,972,212]","[208,208]","[764,4,972,212]",False,"[191,1,243,53]"
base_high,base,high,2,base_main,0,0,assessment,評定,군평정,3,254,"[980,4,208,208]",0,"[980,4,1188,212]","[208,208]","[980,4,1188,212]",False,"[245,1,297,53]"
base_high,base,high,2,base_main,0,0,assessment,評定,군평정,4,255,"[1196,4,208,208]",0,"[1196,4,1404,212]","[208,208]","[1196,4,1404,212]",False,"[299,1,351,53]"
base_high,base,high,2,base_main,0,0,assessment,評定,군평정,5,256,"[1412,4,208,208]",0,"[1412,4,1620,212]","[208,208]","[1412,4,1620,212]",False,"[353,1,405,53]"
base_high,base,high,2,base_main,0,0,assessment,評定,군평정,6,257,"[1628,4,208,208]",0,"[1628,4,1836,212]","[208,208]","[1628,4,1836,212]",False,"[407,1,459,53]"
base_high,base,high,2,base_main,1,1,appointment,任命,임명,1,258,"[1844,4,208,208]",0,"[1844,4,2052,212]","[208,208]","[1844,4,2052,212]",False,"[461,1,513,53]"
base_high,base,high,2,base_main,1,1,appointment,任命,임명,2,259,"[2060,4,208,208]",0,"[2060,4,2268,212]","[208,208]","[2060,4,2268,212]",False,"[515,1,567,53]"
base_high,base,high,2,base_main,1,1,appointment,任命,임명,3,260,"[2276,4,208,208]",0,"[2276,4,2484,212]","[208,208]","[2276,4,2484,212]",False,"[569,1,621,53]"
base_high,base,high,2,base_main,1,1,appointment,任命,임명,4,261,"[2492,4,208,208]",0,"[2492,4,2700,212]","[208,208]","[2492,4,2700,212]",False,"[623,1,675,53]"
base_high,base,high,2,base_main,1,1,appointment,任命,임명,5,262,"[2708,4,208,208]",0,"[2708,4,2916,212]","[208,208]","[2708,4,2916,212]",False,"[677,1,729,53]"
base_high,base,high,2,base_main,1,1,appointment,任命,임명,6,263,"[2924,4,208,208]",0,"[2924,4,3132,212]","[208,208]","[2924,4,3132,212]",False,"[731,1,783,53]"
base_high,base,high,2,base_main,2,2,military,軍事,군사,1,264,"[3140,4,208,208]",0,"[3140,4,3348,212]","[208,208]","[3140,4,3348,212]",False,"[785,1,837,53]"
base_high,base,high,2,base_main,2,2,military,軍事,군사,2,265,"[3356,4,208,208]",0,"[3356,4,3564,212]","[208,208]","[3356,4,3564,212]",False,"[839,1,891,53]"
base_high,base,high,2,base_main,2,2,military,軍事,군사,3,266,"[3572,4,208,208]",0,"[3572,4,3780,212]","[208,208]","[3572,4,3780,212]",False,"[893,1,945,53]"
base_high,base,high,2,base_main,2,2,military,軍事,군사,4,267,"[3788,4,208,208]",0,"[3788,4,3996,212]","[208,208]","[3788,4,3996,212]",False,"[947,1,999,53]"
base_high,base,high,2,base_main,2,2,military,軍事,군사,5,268,"[548,220,208,208]",0,"[548,220,756,428]","[208,208]","[548,220,756,428]",False,"[137,55,189,107]"
base_high,base,high,2,base_main,2,2,military,軍事,군사,6,269,"[764,220,208,208]",0,"[764,220,972,428]","[208,208]","[764,220,972,428]",False,"[191,55,243,107]"
base_high,base,high,2,base_main,3,3,domestic,内政,내정,1,270,"[980,220,208,208]",0,"[980,220,1188,428]","[208,208]","[980,220,1188,428]",False,"[245,55,297,107]"
base_high,base,high,2,base_main,3,3,domestic,内政,내정,2,271,"[1196,220,208,208]",0,"[1196,220,1404,428]","[208,208]","[1196,220,1404,428]",False,"[299,55,351,107]"
base_high,base,high,2,base_main,3,3,domestic,内政,내정,3,272,"[1412,220,208,208]",0,"[1412,220,1620,428]","[208,208]","[1412,220,1620,428]",False,"[353,55,405,107]"
base_high,base,high,2,base_main,3,3,domestic,内政,내정,4,273,"[1628,220,208,208]",0,"[1628,220,1836,428]","[208,208]","[1628,220,1836,428]",False,"[407,55,459,107]"
base_high,base,high,2,base_main,3,3,domestic,内政,내정,5,274,"[1844,220,208,208]",0,"[1844,220,2052,428]","[208,208]","[1844,220,2052,428]",False,"[461,55,513,107]"
base_high,base,high,2,base_main,3,3,domestic,内政,내정,6,275,"[2060,220,208,208]",0,"[2060,220,2268,428]","[208,208]","[2060,220,2268,428]",False,"[515,55,567,107]"
base_high,base,high,2,base_main,4,4,diplomacy,外交,외교,1,276,"[2276,220,208,208]",0,"[2276,220,2484,428]","[208,208]","[2276,220,2484,428]",False,"[569,55,621,107]"
base_high,base,high,2,base_main,4,4,diplomacy,外交,외교,2,277,"[2492,220,208,208]",0,"[2492,220,2700,428]","[208,208]","[2492,220,2700,428]",False,"[623,55,675,107]"
base_high,base,high,2,base_main,4,4,diplomacy,外交,외교,3,278,"[2708,220,208,208]",0,"[2708,220,2916,428]","[208,208]","[2708,220,2916,428]",False,"[677,55,729,107]"
base_high,base,high,2,base_main,4,4,diplomacy,外交,외교,4,279,"[2924,220,208,208]",0,"[2924,220,3132,428]","[208,208]","[2924,220,3132,428]",False,"[731,55,783,107]"
base_high,base,high,2,base_main,4,4,diplomacy,外交,외교,5,280,"[3140,220,208,208]",0,"[3140,220,3348,428]","[208,208]","[3140,220,3348,428]",False,"[785,55,837,107]"
base_high,base,high,2,base_main,4,4,diplomacy,外交,외교,6,281,"[3356,220,208,208]",0,"[3356,220,3564,428]","[208,208]","[3356,220,3564,428]",False,"[839,55,891,107]"
pk_low,pk,low,1,pk_detail,0,0,joint_battle,,공투,1,0,"[524,772,96,88]",0,"[520,768,624,864]","[104,96]","[520,768,624,864]",False,"[130,192,156,216]"
pk_low,pk,low,1,pk_detail,0,0,joint_battle,,공투,2,1,"[84,4,96,88]",0,"[80,0,184,96]","[104,96]","[80,0,184,96]",False,"[20,0,46,24]"
pk_low,pk,low,1,pk_detail,0,0,joint_battle,,공투,3,2,"[188,4,96,88]",0,"[184,0,288,96]","[104,96]","[184,0,288,96]",False,"[46,0,72,24]"
pk_low,pk,low,1,pk_detail,0,0,joint_battle,,공투,4,3,"[292,4,96,88]",0,"[288,0,392,96]","[104,96]","[288,0,392,96]",False,"[72,0,98,24]"
pk_low,pk,low,1,pk_detail,0,0,joint_battle,,공투,5,4,"[396,4,96,88]",0,"[392,0,496,96]","[104,96]","[392,0,496,96]",False,"[98,0,124,24]"
pk_low,pk,low,1,pk_detail,0,0,joint_battle,,공투,6,5,"[500,4,96,88]",0,"[496,0,600,96]","[104,96]","[496,0,600,96]",False,"[124,0,150,24]"
pk_low,pk,low,1,pk_detail,1,1,reinforcement,,증원,1,12,"[292,100,96,88]",0,"[288,96,392,192]","[104,96]","[288,96,392,192]",False,"[72,24,98,48]"
pk_low,pk,low,1,pk_detail,1,1,reinforcement,,증원,2,13,"[396,100,96,88]",0,"[392,96,496,192]","[104,96]","[392,96,496,192]",False,"[98,24,124,48]"
pk_low,pk,low,1,pk_detail,1,1,reinforcement,,증원,3,14,"[500,100,96,88]",0,"[496,96,600,192]","[104,96]","[496,96,600,192]",False,"[124,24,150,48]"
pk_low,pk,low,1,pk_detail,1,1,reinforcement,,증원,4,15,"[604,100,96,88]",0,"[600,96,704,192]","[104,96]","[600,96,704,192]",False,"[150,24,176,48]"
pk_low,pk,low,1,pk_detail,1,1,reinforcement,,증원,5,16,"[708,100,96,88]",0,"[704,96,808,192]","[104,96]","[704,96,808,192]",False,"[176,24,202,48]"
pk_low,pk,low,1,pk_detail,1,1,reinforcement,,증원,6,17,"[812,100,96,88]",0,"[808,96,912,192]","[104,96]","[808,96,912,192]",False,"[202,24,228,48]"
pk_low,pk,low,1,pk_detail,2,2,standby,,대기,1,18,"[916,100,96,88]",0,"[912,96,1016,192]","[104,96]","[912,96,1016,192]",False,"[228,24,254,48]"
pk_low,pk,low,1,pk_detail,2,2,standby,,대기,2,19,"[4,196,96,88]",0,"[0,192,104,288]","[104,96]","[0,192,104,288]",False,"[0,48,26,72]"
pk_low,pk,low,1,pk_detail,2,2,standby,,대기,3,20,"[108,196,96,88]",0,"[104,192,208,288]","[104,96]","[104,192,208,288]",False,"[26,48,52,72]"
pk_low,pk,low,1,pk_detail,2,2,standby,,대기,4,21,"[212,196,96,88]",0,"[208,192,312,288]","[104,96]","[208,192,312,288]",False,"[52,48,78,72]"
pk_low,pk,low,1,pk_detail,2,2,standby,,대기,5,22,"[316,196,96,88]",0,"[312,192,416,288]","[104,96]","[312,192,416,288]",False,"[78,48,104,72]"
pk_low,pk,low,1,pk_detail,2,2,standby,,대기,6,23,"[420,196,96,88]",0,"[416,192,520,288]","[104,96]","[416,192,520,288]",False,"[104,48,130,72]"
pk_low,pk,low,1,pk_detail,3,3,siege_battle,,공성전,1,24,"[524,196,96,88]",0,"[520,192,624,288]","[104,96]","[520,192,624,288]",False,"[130,48,156,72]"
pk_low,pk,low,1,pk_detail,3,3,siege_battle,,공성전,2,25,"[628,196,96,88]",0,"[624,192,728,288]","[104,96]","[624,192,728,288]",False,"[156,48,182,72]"
pk_low,pk,low,1,pk_detail,3,3,siege_battle,,공성전,3,26,"[732,196,96,88]",0,"[728,192,832,288]","[104,96]","[728,192,832,288]",False,"[182,48,208,72]"
pk_low,pk,low,1,pk_detail,3,3,siege_battle,,공성전,4,27,"[836,196,96,88]",0,"[832,192,936,288]","[104,96]","[832,192,936,288]",False,"[208,48,234,72]"
pk_low,pk,low,1,pk_detail,3,3,siege_battle,,공성전,5,28,"[4,292,96,88]",0,"[0,288,104,384]","[104,96]","[0,288,104,384]",False,"[0,72,26,96]"
pk_low,pk,low,1,pk_detail,3,3,siege_battle,,공성전,6,29,"[108,292,96,88]",0,"[104,288,208,384]","[104,96]","[104,288,208,384]",False,"[26,72,52,96]"
pk_low,pk,low,1,pk_detail,4,4,castle_role,,성역할,1,30,"[212,292,96,88]",0,"[208,288,312,384]","[104,96]","[208,288,312,384]",False,"[52,72,78,96]"
pk_low,pk,low,1,pk_detail,4,4,castle_role,,성역할,2,31,"[316,292,96,88]",0,"[312,288,416,384]","[104,96]","[312,288,416,384]",False,"[78,72,104,96]"
pk_low,pk,low,1,pk_detail,4,4,castle_role,,성역할,3,32,"[420,292,96,88]",0,"[416,288,520,384]","[104,96]","[416,288,520,384]",False,"[104,72,130,96]"
pk_low,pk,low,1,pk_detail,4,4,castle_role,,성역할,4,33,"[524,292,96,88]",0,"[520,288,624,384]","[104,96]","[520,288,624,384]",False,"[130,72,156,96]"
pk_low,pk,low,1,pk_detail,4,4,castle_role,,성역할,5,34,"[628,292,96,88]",0,"[624,288,728,384]","[104,96]","[624,288,728,384]",False,"[156,72,182,96]"
pk_low,pk,low,1,pk_detail,4,4,castle_role,,성역할,6,35,"[732,292,96,88]",0,"[728,288,832,384]","[104,96]","[728,288,832,384]",False,"[182,72,208,96]"
pk_low,pk,low,1,pk_detail,5,5,edit_castle_role,,편집,1,36,"[836,292,96,88]",0,"[832,288,936,384]","[104,96]","[832,288,936,384]",False,"[208,72,234,96]"
pk_low,pk,low,1,pk_detail,5,5,edit_castle_role,,편집,2,37,"[4,388,96,88]",0,"[0,384,104,480]","[104,96]","[0,384,104,480]",False,"[0,96,26,120]"
pk_low,pk,low,1,pk_detail,5,5,edit_castle_role,,편집,3,38,"[108,388,96,88]",0,"[104,384,208,480]","[104,96]","[104,384,208,480]",False,"[26,96,52,120]"
pk_low,pk,low,1,pk_detail,5,5,edit_castle_role,,편집,4,39,"[212,388,96,88]",0,"[208,384,312,480]","[104,96]","[208,384,312,480]",False,"[52,96,78,120]"
pk_low,pk,low,1,pk_detail,5,5,edit_castle_role,,편집,5,40,"[316,388,96,88]",0,"[312,384,416,480]","[104,96]","[312,384,416,480]",False,"[78,96,104,120]"
pk_low,pk,low,1,pk_detail,5,5,edit_castle_role,,편집,6,41,"[420,388,96,88]",0,"[416,384,520,480]","[104,96]","[416,384,520,480]",False,"[104,96,130,120]"
pk_low,pk,low,1,pk_detail,6,6,clear_castle_role,,해제,1,42,"[524,388,96,88]",0,"[520,384,624,480]","[104,96]","[520,384,624,480]",False,"[130,96,156,120]"
pk_low,pk,low,1,pk_detail,6,6,clear_castle_role,,해제,2,43,"[628,388,96,88]",0,"[624,384,728,480]","[104,96]","[624,384,728,480]",False,"[156,96,182,120]"
pk_low,pk,low,1,pk_detail,6,6,clear_castle_role,,해제,3,44,"[732,388,96,88]",0,"[728,384,832,480]","[104,96]","[728,384,832,480]",False,"[182,96,208,120]"
pk_low,pk,low,1,pk_detail,6,6,clear_castle_role,,해제,4,45,"[836,388,96,88]",0,"[832,384,936,480]","[104,96]","[832,384,936,480]",False,"[208,96,234,120]"
pk_low,pk,low,1,pk_detail,6,6,clear_castle_role,,해제,5,46,"[4,484,96,88]",0,"[0,480,104,576]","[104,96]","[0,480,104,576]",False,"[0,120,26,144]"
pk_low,pk,low,1,pk_detail,6,6,clear_castle_role,,해제,6,47,"[108,484,96,88]",0,"[104,480,208,576]","[104,96]","[104,480,208,576]",False,"[26,120,52,144]"
pk_low,pk,low,1,pk_detail,7,7,supply_base,,보급거점,1,48,"[212,484,96,88]",0,"[208,480,312,576]","[104,96]","[208,480,312,576]",False,"[52,120,78,144]"
pk_low,pk,low,1,pk_detail,7,7,supply_base,,보급거점,2,49,"[316,484,96,88]",0,"[312,480,416,576]","[104,96]","[312,480,416,576]",False,"[78,120,104,144]"
pk_low,pk,low,1,pk_detail,7,7,supply_base,,보급거점,3,50,"[420,484,96,88]",0,"[416,480,520,576]","[104,96]","[416,480,520,576]",False,"[104,120,130,144]"
pk_low,pk,low,1,pk_detail,7,7,supply_base,,보급거점,4,51,"[524,484,96,88]",0,"[520,480,624,576]","[104,96]","[520,480,624,576]",False,"[130,120,156,144]"
pk_low,pk,low,1,pk_detail,7,7,supply_base,,보급거점,5,52,"[628,484,96,88]",0,"[624,480,728,576]","[104,96]","[624,480,728,576]",False,"[156,120,182,144]"
pk_low,pk,low,1,pk_detail,7,7,supply_base,,보급거점,6,53,"[732,484,96,88]",0,"[728,480,832,576]","[104,96]","[728,480,832,576]",False,"[182,120,208,144]"
pk_low,pk,low,1,pk_detail,8,8,clear_supply_base,,해제,1,54,"[836,484,96,88]",0,"[832,480,936,576]","[104,96]","[832,480,936,576]",False,"[208,120,234,144]"
pk_low,pk,low,1,pk_detail,8,8,clear_supply_base,,해제,2,55,"[4,580,96,88]",0,"[0,576,104,672]","[104,96]","[0,576,104,672]",False,"[0,144,26,168]"
pk_low,pk,low,1,pk_detail,8,8,clear_supply_base,,해제,3,56,"[108,580,96,88]",0,"[104,576,208,672]","[104,96]","[104,576,208,672]",False,"[26,144,52,168]"
pk_low,pk,low,1,pk_detail,8,8,clear_supply_base,,해제,4,57,"[212,580,96,88]",0,"[208,576,312,672]","[104,96]","[208,576,312,672]",False,"[52,144,78,168]"
pk_low,pk,low,1,pk_detail,8,8,clear_supply_base,,해제,5,58,"[316,580,96,88]",0,"[312,576,416,672]","[104,96]","[312,576,416,672]",False,"[78,144,104,168]"
pk_low,pk,low,1,pk_detail,8,8,clear_supply_base,,해제,6,59,"[420,580,96,88]",0,"[416,576,520,672]","[104,96]","[416,576,520,672]",False,"[104,144,130,168]"
pk_low,pk,low,1,pk_detail,9,9,defense_base,,방어거점,1,60,"[524,580,96,88]",0,"[520,576,624,672]","[104,96]","[520,576,624,672]",False,"[130,144,156,168]"
pk_low,pk,low,1,pk_detail,9,9,defense_base,,방어거점,2,61,"[628,580,96,88]",0,"[624,576,728,672]","[104,96]","[624,576,728,672]",False,"[156,144,182,168]"
pk_low,pk,low,1,pk_detail,9,9,defense_base,,방어거점,3,62,"[732,580,96,88]",0,"[728,576,832,672]","[104,96]","[728,576,832,672]",False,"[182,144,208,168]"
pk_low,pk,low,1,pk_detail,9,9,defense_base,,방어거점,4,63,"[836,580,96,88]",0,"[832,576,936,672]","[104,96]","[832,576,936,672]",False,"[208,144,234,168]"
pk_low,pk,low,1,pk_detail,9,9,defense_base,,방어거점,5,64,"[4,676,96,88]",0,"[0,672,104,768]","[104,96]","[0,672,104,768]",False,"[0,168,26,192]"
pk_low,pk,low,1,pk_detail,9,9,defense_base,,방어거점,6,65,"[108,676,96,88]",0,"[104,672,208,768]","[104,96]","[104,672,208,768]",False,"[26,168,52,192]"
pk_low,pk,low,1,pk_detail,10,10,clear_defense_base,,해제,1,66,"[212,676,96,88]",0,"[208,672,312,768]","[104,96]","[208,672,312,768]",False,"[52,168,78,192]"
pk_low,pk,low,1,pk_detail,10,10,clear_defense_base,,해제,2,67,"[316,676,96,88]",0,"[312,672,416,768]","[104,96]","[312,672,416,768]",False,"[78,168,104,192]"
pk_low,pk,low,1,pk_detail,10,10,clear_defense_base,,해제,3,68,"[420,676,96,88]",0,"[416,672,520,768]","[104,96]","[416,672,520,768]",False,"[104,168,130,192]"
pk_low,pk,low,1,pk_detail,10,10,clear_defense_base,,해제,4,69,"[524,676,96,88]",0,"[520,672,624,768]","[104,96]","[520,672,624,768]",False,"[130,168,156,192]"
pk_low,pk,low,1,pk_detail,10,10,clear_defense_base,,해제,5,70,"[628,676,96,88]",0,"[624,672,728,768]","[104,96]","[624,672,728,768]",False,"[156,168,182,192]"
pk_low,pk,low,1,pk_detail,10,10,clear_defense_base,,해제,6,71,"[732,676,96,88]",0,"[728,672,832,768]","[104,96]","[728,672,832,768]",False,"[182,168,208,192]"
pk_low,pk,low,1,pk_detail,11,11,edit_defense_base,,편집,1,72,"[836,676,96,88]",0,"[832,672,936,768]","[104,96]","[832,672,936,768]",False,"[208,168,234,192]"
pk_low,pk,low,1,pk_detail,11,11,edit_defense_base,,편집,2,73,"[4,772,96,88]",0,"[0,768,104,864]","[104,96]","[0,768,104,864]",False,"[0,192,26,216]"
pk_low,pk,low,1,pk_detail,11,11,edit_defense_base,,편집,3,74,"[108,772,96,88]",0,"[104,768,208,864]","[104,96]","[104,768,208,864]",False,"[26,192,52,216]"
pk_low,pk,low,1,pk_detail,11,11,edit_defense_base,,편집,4,75,"[212,772,96,88]",0,"[208,768,312,864]","[104,96]","[208,768,312,864]",False,"[52,192,78,216]"
pk_low,pk,low,1,pk_detail,11,11,edit_defense_base,,편집,5,76,"[316,772,96,88]",0,"[312,768,416,864]","[104,96]","[312,768,416,864]",False,"[78,192,104,216]"
pk_low,pk,low,1,pk_detail,11,11,edit_defense_base,,편집,6,77,"[420,772,96,88]",0,"[416,768,520,864]","[104,96]","[416,768,520,864]",False,"[104,192,130,216]"
pk_low,pk,low,1,pk_main,0,0,wide_area,,광역,1,6,"[604,4,96,88]",0,"[600,0,704,96]","[104,96]","[600,0,704,96]",False,"[150,0,176,24]"
pk_low,pk,low,1,pk_main,0,0,wide_area,,광역,2,7,"[708,4,96,88]",0,"[704,0,808,96]","[104,96]","[704,0,808,96]",False,"[176,0,202,24]"
pk_low,pk,low,1,pk_main,0,0,wide_area,,광역,3,8,"[812,4,96,88]",0,"[808,0,912,96]","[104,96]","[808,0,912,96]",False,"[202,0,228,24]"
pk_low,pk,low,1,pk_main,0,0,wide_area,,광역,4,9,"[916,4,96,88]",0,"[912,0,1016,96]","[104,96]","[912,0,1016,96]",False,"[228,0,254,24]"
pk_low,pk,low,1,pk_main,0,0,wide_area,,광역,5,10,"[84,100,96,88]",0,"[80,96,184,192]","[104,96]","[80,96,184,192]",False,"[20,24,46,48]"
pk_low,pk,low,1,pk_main,0,0,wide_area,,광역,6,11,"[188,100,96,88]",0,"[184,96,288,192]","[104,96]","[184,96,288,192]",False,"[46,24,72,48]"
pk_high,pk,high,2,pk_detail,0,0,joint_battle,,공투,1,0,"[1228,4,192,176]",0,"[1224,0,1424,184]","[200,184]","[1224,0,1424,184]",False,"[306,0,356,46]"
pk_high,pk,high,2,pk_detail,0,0,joint_battle,,공투,2,1,"[1428,4,192,176]",0,"[1424,0,1624,184]","[200,184]","[1424,0,1624,184]",False,"[356,0,406,46]"
pk_high,pk,high,2,pk_detail,0,0,joint_battle,,공투,3,2,"[1628,4,192,176]",0,"[1624,0,1824,184]","[200,184]","[1624,0,1824,184]",False,"[406,0,456,46]"
pk_high,pk,high,2,pk_detail,0,0,joint_battle,,공투,4,3,"[1828,4,192,176]",0,"[1824,0,2024,184]","[200,184]","[1824,0,2024,184]",False,"[456,0,506,46]"
pk_high,pk,high,2,pk_detail,0,0,joint_battle,,공투,5,4,"[1228,188,192,176]",0,"[1224,184,1424,368]","[200,184]","[1224,184,1424,368]",False,"[306,46,356,92]"
pk_high,pk,high,2,pk_detail,0,0,joint_battle,,공투,6,5,"[1428,188,192,176]",0,"[1424,184,1624,368]","[200,184]","[1424,184,1624,368]",False,"[356,46,406,92]"
pk_high,pk,high,2,pk_detail,1,1,reinforcement,,증원,1,12,"[1628,188,192,176]",0,"[1624,184,1824,368]","[200,184]","[1624,184,1824,368]",False,"[406,46,456,92]"
pk_high,pk,high,2,pk_detail,1,1,reinforcement,,증원,2,13,"[1828,188,192,176]",0,"[1824,184,2024,368]","[200,184]","[1824,184,2024,368]",False,"[456,46,506,92]"
pk_high,pk,high,2,pk_detail,1,1,reinforcement,,증원,3,14,"[4,192,192,176]",0,"[0,188,200,372]","[200,184]","[0,188,200,372]",False,"[0,47,50,93]"
pk_high,pk,high,2,pk_detail,1,1,reinforcement,,증원,4,15,"[204,192,192,176]",0,"[200,188,400,372]","[200,184]","[200,188,400,372]",False,"[50,47,100,93]"
pk_high,pk,high,2,pk_detail,1,1,reinforcement,,증원,5,16,"[404,192,192,176]",0,"[400,188,600,372]","[200,184]","[400,188,600,372]",False,"[100,47,150,93]"
pk_high,pk,high,2,pk_detail,1,1,reinforcement,,증원,6,17,"[604,192,192,176]",0,"[600,188,800,372]","[200,184]","[600,188,800,372]",False,"[150,47,200,93]"
pk_high,pk,high,2,pk_detail,2,2,standby,,대기,1,18,"[804,192,192,176]",0,"[800,188,1000,372]","[200,184]","[800,188,1000,372]",False,"[200,47,250,93]"
pk_high,pk,high,2,pk_detail,2,2,standby,,대기,2,19,"[1004,192,192,176]",0,"[1000,188,1200,372]","[200,184]","[1000,188,1200,372]",False,"[250,47,300,93]"
pk_high,pk,high,2,pk_detail,2,2,standby,,대기,3,20,"[1204,372,192,176]",0,"[1200,368,1400,552]","[200,184]","[1200,368,1400,552]",False,"[300,92,350,138]"
pk_high,pk,high,2,pk_detail,2,2,standby,,대기,4,21,"[1404,372,192,176]",0,"[1400,368,1600,552]","[200,184]","[1400,368,1600,552]",False,"[350,92,400,138]"
pk_high,pk,high,2,pk_detail,2,2,standby,,대기,5,22,"[1604,372,192,176]",0,"[1600,368,1800,552]","[200,184]","[1600,368,1800,552]",False,"[400,92,450,138]"
pk_high,pk,high,2,pk_detail,2,2,standby,,대기,6,23,"[1804,372,192,176]",0,"[1800,368,2000,552]","[200,184]","[1800,368,2000,552]",False,"[450,92,500,138]"
pk_high,pk,high,2,pk_detail,3,3,siege_battle,,공성전,1,24,"[4,376,192,176]",0,"[0,372,200,556]","[200,184]","[0,372,200,556]",False,"[0,93,50,139]"
pk_high,pk,high,2,pk_detail,3,3,siege_battle,,공성전,2,25,"[204,376,192,176]",0,"[200,372,400,556]","[200,184]","[200,372,400,556]",False,"[50,93,100,139]"
pk_high,pk,high,2,pk_detail,3,3,siege_battle,,공성전,3,26,"[404,376,192,176]",0,"[400,372,600,556]","[200,184]","[400,372,600,556]",False,"[100,93,150,139]"
pk_high,pk,high,2,pk_detail,3,3,siege_battle,,공성전,4,27,"[604,376,192,176]",0,"[600,372,800,556]","[200,184]","[600,372,800,556]",False,"[150,93,200,139]"
pk_high,pk,high,2,pk_detail,3,3,siege_battle,,공성전,5,28,"[804,376,192,176]",0,"[800,372,1000,556]","[200,184]","[800,372,1000,556]",False,"[200,93,250,139]"
pk_high,pk,high,2,pk_detail,3,3,siege_battle,,공성전,6,29,"[1004,376,192,176]",0,"[1000,372,1200,556]","[200,184]","[1000,372,1200,556]",False,"[250,93,300,139]"
pk_high,pk,high,2,pk_detail,4,4,castle_role,,성역할,1,30,"[1204,556,192,176]",0,"[1200,552,1400,736]","[200,184]","[1200,552,1400,736]",False,"[300,138,350,184]"
pk_high,pk,high,2,pk_detail,4,4,castle_role,,성역할,2,31,"[1404,556,192,176]",0,"[1400,552,1600,736]","[200,184]","[1400,552,1600,736]",False,"[350,138,400,184]"
pk_high,pk,high,2,pk_detail,4,4,castle_role,,성역할,3,32,"[1604,556,192,176]",0,"[1600,552,1800,736]","[200,184]","[1600,552,1800,736]",False,"[400,138,450,184]"
pk_high,pk,high,2,pk_detail,4,4,castle_role,,성역할,4,33,"[1804,556,192,176]",0,"[1800,552,2000,736]","[200,184]","[1800,552,2000,736]",False,"[450,138,500,184]"
pk_high,pk,high,2,pk_detail,4,4,castle_role,,성역할,5,34,"[4,560,192,176]",0,"[0,556,200,740]","[200,184]","[0,556,200,740]",False,"[0,139,50,185]"
pk_high,pk,high,2,pk_detail,4,4,castle_role,,성역할,6,35,"[204,560,192,176]",0,"[200,556,400,740]","[200,184]","[200,556,400,740]",False,"[50,139,100,185]"
pk_high,pk,high,2,pk_detail,5,5,edit_castle_role,,편집,1,36,"[404,560,192,176]",0,"[400,556,600,740]","[200,184]","[400,556,600,740]",False,"[100,139,150,185]"
pk_high,pk,high,2,pk_detail,5,5,edit_castle_role,,편집,2,37,"[604,560,192,176]",0,"[600,556,800,740]","[200,184]","[600,556,800,740]",False,"[150,139,200,185]"
pk_high,pk,high,2,pk_detail,5,5,edit_castle_role,,편집,3,38,"[804,560,192,176]",0,"[800,556,1000,740]","[200,184]","[800,556,1000,740]",False,"[200,139,250,185]"
pk_high,pk,high,2,pk_detail,5,5,edit_castle_role,,편집,4,39,"[1004,560,192,176]",0,"[1000,556,1200,740]","[200,184]","[1000,556,1200,740]",False,"[250,139,300,185]"
pk_high,pk,high,2,pk_detail,5,5,edit_castle_role,,편집,5,40,"[1204,740,192,176]",0,"[1200,736,1400,920]","[200,184]","[1200,736,1400,920]",False,"[300,184,350,230]"
pk_high,pk,high,2,pk_detail,5,5,edit_castle_role,,편집,6,41,"[1404,740,192,176]",0,"[1400,736,1600,920]","[200,184]","[1400,736,1600,920]",False,"[350,184,400,230]"
pk_high,pk,high,2,pk_detail,6,6,clear_castle_role,,해제,1,42,"[1604,740,192,176]",0,"[1600,736,1800,920]","[200,184]","[1600,736,1800,920]",False,"[400,184,450,230]"
pk_high,pk,high,2,pk_detail,6,6,clear_castle_role,,해제,2,43,"[1804,740,192,176]",0,"[1800,736,2000,920]","[200,184]","[1800,736,2000,920]",False,"[450,184,500,230]"
pk_high,pk,high,2,pk_detail,6,6,clear_castle_role,,해제,3,44,"[4,744,192,176]",0,"[0,740,200,924]","[200,184]","[0,740,200,924]",False,"[0,185,50,231]"
pk_high,pk,high,2,pk_detail,6,6,clear_castle_role,,해제,4,45,"[204,744,192,176]",0,"[200,740,400,924]","[200,184]","[200,740,400,924]",False,"[50,185,100,231]"
pk_high,pk,high,2,pk_detail,6,6,clear_castle_role,,해제,5,46,"[404,744,192,176]",0,"[400,740,600,924]","[200,184]","[400,740,600,924]",False,"[100,185,150,231]"
pk_high,pk,high,2,pk_detail,6,6,clear_castle_role,,해제,6,47,"[604,744,192,176]",0,"[600,740,800,924]","[200,184]","[600,740,800,924]",False,"[150,185,200,231]"
pk_high,pk,high,2,pk_detail,7,7,supply_base,,보급거점,1,48,"[804,744,192,176]",0,"[800,740,1000,924]","[200,184]","[800,740,1000,924]",False,"[200,185,250,231]"
pk_high,pk,high,2,pk_detail,7,7,supply_base,,보급거점,2,49,"[1004,744,192,176]",0,"[1000,740,1200,924]","[200,184]","[1000,740,1200,924]",False,"[250,185,300,231]"
pk_high,pk,high,2,pk_detail,7,7,supply_base,,보급거점,3,50,"[1204,924,192,176]",0,"[1200,920,1400,1104]","[200,184]","[1200,920,1400,1104]",False,"[300,230,350,276]"
pk_high,pk,high,2,pk_detail,7,7,supply_base,,보급거점,4,51,"[1404,924,192,176]",0,"[1400,920,1600,1104]","[200,184]","[1400,920,1600,1104]",False,"[350,230,400,276]"
pk_high,pk,high,2,pk_detail,7,7,supply_base,,보급거점,5,52,"[1604,924,192,176]",0,"[1600,920,1800,1104]","[200,184]","[1600,920,1800,1104]",False,"[400,230,450,276]"
pk_high,pk,high,2,pk_detail,7,7,supply_base,,보급거점,6,53,"[1804,924,192,176]",0,"[1800,920,2000,1104]","[200,184]","[1800,920,2000,1104]",False,"[450,230,500,276]"
pk_high,pk,high,2,pk_detail,8,8,clear_supply_base,,해제,1,54,"[4,928,192,176]",0,"[0,924,200,1108]","[200,184]","[0,924,200,1108]",False,"[0,231,50,277]"
pk_high,pk,high,2,pk_detail,8,8,clear_supply_base,,해제,2,55,"[204,928,192,176]",0,"[200,924,400,1108]","[200,184]","[200,924,400,1108]",False,"[50,231,100,277]"
pk_high,pk,high,2,pk_detail,8,8,clear_supply_base,,해제,3,56,"[404,928,192,176]",0,"[400,924,600,1108]","[200,184]","[400,924,600,1108]",False,"[100,231,150,277]"
pk_high,pk,high,2,pk_detail,8,8,clear_supply_base,,해제,4,57,"[604,928,192,176]",0,"[600,924,800,1108]","[200,184]","[600,924,800,1108]",False,"[150,231,200,277]"
pk_high,pk,high,2,pk_detail,8,8,clear_supply_base,,해제,5,58,"[804,928,192,176]",0,"[800,924,1000,1108]","[200,184]","[800,924,1000,1108]",False,"[200,231,250,277]"
pk_high,pk,high,2,pk_detail,8,8,clear_supply_base,,해제,6,59,"[1004,928,192,176]",0,"[1000,924,1200,1108]","[200,184]","[1000,924,1200,1108]",False,"[250,231,300,277]"
pk_high,pk,high,2,pk_detail,9,9,defense_base,,방어거점,1,60,"[1204,1108,192,176]",0,"[1200,1104,1400,1288]","[200,184]","[1200,1104,1400,1288]",False,"[300,276,350,322]"
pk_high,pk,high,2,pk_detail,9,9,defense_base,,방어거점,2,61,"[1404,1108,192,176]",0,"[1400,1104,1600,1288]","[200,184]","[1400,1104,1600,1288]",False,"[350,276,400,322]"
pk_high,pk,high,2,pk_detail,9,9,defense_base,,방어거점,3,62,"[1604,1108,192,176]",0,"[1600,1104,1800,1288]","[200,184]","[1600,1104,1800,1288]",False,"[400,276,450,322]"
pk_high,pk,high,2,pk_detail,9,9,defense_base,,방어거점,4,63,"[1804,1108,192,176]",0,"[1800,1104,2000,1288]","[200,184]","[1800,1104,2000,1288]",False,"[450,276,500,322]"
pk_high,pk,high,2,pk_detail,9,9,defense_base,,방어거점,5,64,"[4,1112,192,176]",0,"[0,1108,200,1292]","[200,184]","[0,1108,200,1292]",False,"[0,277,50,323]"
pk_high,pk,high,2,pk_detail,9,9,defense_base,,방어거점,6,65,"[204,1112,192,176]",0,"[200,1108,400,1292]","[200,184]","[200,1108,400,1292]",False,"[50,277,100,323]"
pk_high,pk,high,2,pk_detail,10,10,clear_defense_base,,해제,1,66,"[404,1112,192,176]",0,"[400,1108,600,1292]","[200,184]","[400,1108,600,1292]",False,"[100,277,150,323]"
pk_high,pk,high,2,pk_detail,10,10,clear_defense_base,,해제,2,67,"[604,1112,192,176]",0,"[600,1108,800,1292]","[200,184]","[600,1108,800,1292]",False,"[150,277,200,323]"
pk_high,pk,high,2,pk_detail,10,10,clear_defense_base,,해제,3,68,"[804,1112,192,176]",0,"[800,1108,1000,1292]","[200,184]","[800,1108,1000,1292]",False,"[200,277,250,323]"
pk_high,pk,high,2,pk_detail,10,10,clear_defense_base,,해제,4,69,"[1004,1112,192,176]",0,"[1000,1108,1200,1292]","[200,184]","[1000,1108,1200,1292]",False,"[250,277,300,323]"
pk_high,pk,high,2,pk_detail,10,10,clear_defense_base,,해제,5,70,"[1204,1292,192,176]",0,"[1200,1288,1400,1472]","[200,184]","[1200,1288,1400,1472]",False,"[300,322,350,368]"
pk_high,pk,high,2,pk_detail,10,10,clear_defense_base,,해제,6,71,"[1404,1292,192,176]",0,"[1400,1288,1600,1472]","[200,184]","[1400,1288,1600,1472]",False,"[350,322,400,368]"
pk_high,pk,high,2,pk_detail,11,11,edit_defense_base,,편집,1,72,"[1604,1292,192,176]",0,"[1600,1288,1800,1472]","[200,184]","[1600,1288,1800,1472]",False,"[400,322,450,368]"
pk_high,pk,high,2,pk_detail,11,11,edit_defense_base,,편집,2,73,"[1804,1292,192,176]",0,"[1800,1288,2000,1472]","[200,184]","[1800,1288,2000,1472]",False,"[450,322,500,368]"
pk_high,pk,high,2,pk_detail,11,11,edit_defense_base,,편집,3,74,"[4,1296,192,176]",0,"[0,1292,200,1476]","[200,184]","[0,1292,200,1476]",False,"[0,323,50,369]"
pk_high,pk,high,2,pk_detail,11,11,edit_defense_base,,편집,4,75,"[204,1296,192,176]",0,"[200,1292,400,1476]","[200,184]","[200,1292,400,1476]",False,"[50,323,100,369]"
pk_high,pk,high,2,pk_detail,11,11,edit_defense_base,,편집,5,76,"[404,1296,192,176]",0,"[400,1292,600,1476]","[200,184]","[400,1292,600,1476]",False,"[100,323,150,369]"
pk_high,pk,high,2,pk_detail,11,11,edit_defense_base,,편집,6,77,"[604,1296,192,176]",0,"[600,1292,800,1476]","[200,184]","[600,1292,800,1476]",False,"[150,323,200,369]"
pk_high,pk,high,2,pk_main,0,0,wide_area,,광역,1,6,"[4,4,196,180]",0,"[0,0,204,188]","[204,188]","[0,0,204,188]",False,"[0,0,51,47]"
pk_high,pk,high,2,pk_main,0,0,wide_area,,광역,2,7,"[208,4,196,180]",0,"[204,0,408,188]","[204,188]","[204,0,408,188]",False,"[51,0,102,47]"
pk_high,pk,high,2,pk_main,0,0,wide_area,,광역,3,8,"[412,4,196,180]",0,"[408,0,612,188]","[204,188]","[408,0,612,188]",False,"[102,0,153,47]"
pk_high,pk,high,2,pk_main,0,0,wide_area,,광역,4,9,"[616,4,196,180]",0,"[612,0,816,188]","[204,188]","[612,0,816,188]",False,"[153,0,204,47]"
pk_high,pk,high,2,pk_main,0,0,wide_area,,광역,5,10,"[820,4,196,180]",0,"[816,0,1020,188]","[204,188]","[816,0,1020,188]",False,"[204,0,255,47]"
pk_high,pk,high,2,pk_main,0,0,wide_area,,광역,6,11,"[1024,4,196,180]",0,"[1020,0,1224,188]","[204,188]","[1020,0,1224,188]",False,"[255,0,306,47]"
