route,edition,resolution,scale,family,group,name,jp,ko,state,metadata_record,source_component,target_component,target_over_source_width,target_over_source_height,component_center_shift,full_sprite_deviation,full_sprite_outlier_5pct,body_proxy_source_size,body_proxy_target_size,body_proxy_target_over_source_width,body_proxy_target_over_source_height,body_proxy_deviation,body_proxy_outlier_5pct,label_proxy_source_size,label_proxy_target_size,label_proxy_target_over_source_width,label_proxy_target_over_source_height,label_proxy_deviation,label_proxy_outlier_10pct
base_low,base,low,1,base_detail,0,county_info,郡情報,군정보,1,18,"{""bbox"":[9,9,91,93],""size"":[82,84],""center"":[50.0,51.0],""pixels"":5645,""component_count"":1,""label_band_start_y"":66,""body_band_proxy_bbox"":[9,9,91,66],""label_band_proxy_bbox"":[11,66,90,93]}","{""bbox"":[13,11,87,87],""size"":[74,76],""center"":[50.0,49.0],""pixels"":4244,""component_count"":1,""label_band_start_y"":66,""body_band_proxy_bbox"":[13,11,87,66],""label_band_proxy_bbox"":[19,66,81,87]}",0.902439,0.904762,"[0.0,-2.0]",0.097561,True,"[82,57]","[74,55]",0.902439,0.964912,0.097561,True,"[79,27]","[62,21]",0.78481,0.777778,0.222222,True
base_low,base,low,1,base_detail,0,county_info,郡情報,군정보,2,19,"{""bbox"":[9,9,91,93],""size"":[82,84],""center"":[50.0,51.0],""pixels"":5645,""component_count"":1,""label_band_start_y"":66,""body_band_proxy_bbox"":[9,9,91,66],""label_band_proxy_bbox"":[11,66,90,93]}","{""bbox"":[14,11,87,87],""size"":[73,76],""center"":[50.5,49.0],""pixels"":4287,""component_count"":1,""label_band_start_y"":66,""body_band_proxy_bbox"":[14,11,87,66],""label_band_proxy_bbox"":[18,66,83,87]}",0.890244,0.904762,"[0.5,-2.0]",0.109756,True,"[82,57]","[73,55]",0.890244,0.964912,0.109756,True,"[79,27]","[65,21]",0.822785,0.777778,0.222222,True
base_low,base,low,1,base_detail,0,county_info,郡情報,군정보,3,20,"{""bbox"":[9,9,91,93],""size"":[82,84],""center"":[50.0,51.0],""pixels"":5670,""component_count"":1,""label_band_start_y"":66,""body_band_proxy_bbox"":[9,9,91,66],""label_band_proxy_bbox"":[11,66,90,93]}","{""bbox"":[13,10,87,87],""size"":[74,77],""center"":[50.0,48.5],""pixels"":4266,""component_count"":1,""label_band_start_y"":66,""body_band_proxy_bbox"":[13,10,87,66],""label_band_proxy_bbox"":[19,66,84,87]}",0.902439,0.916667,"[0.0,-2.5]",0.097561,True,"[82,57]","[74,56]",0.902439,0.982456,0.097561,True,"[79,27]","[65,21]",0.822785,0.777778,0.222222,True
base_low,base,low,1,base_detail,0,county_info,郡情報,군정보,4,21,"{""bbox"":[9,9,91,93],""size"":[82,84],""center"":[50.0,51.0],""pixels"":5647,""component_count"":1,""label_band_start_y"":66,""body_band_proxy_bbox"":[9,9,91,66],""label_band_proxy_bbox"":[11,66,90,93]}","{""bbox"":[13,11,87,86],""size"":[74,75],""center"":[50.0,48.5],""pixels"":4171,""component_count"":1,""label_band_start_y"":66,""body_band_proxy_bbox"":[13,11,87,66],""label_band_proxy_bbox"":[20,66,82,86]}",0.902439,0.892857,"[0.0,-2.5]",0.107143,True,"[82,57]","[74,55]",0.902439,0.964912,0.097561,True,"[79,27]","[62,20]",0.78481,0.740741,0.259259,True
base_low,base,low,1,base_detail,0,county_info,郡情報,군정보,5,22,"{""bbox"":[9,9,91,93],""size"":[82,84],""center"":[50.0,51.0],""pixels"":5645,""component_count"":1,""label_band_start_y"":66,""body_band_proxy_bbox"":[9,9,91,66],""label_band_proxy_bbox"":[11,66,90,93]}","{""bbox"":[13,10,87,87],""size"":[74,77],""center"":[50.0,48.5],""pixels"":4371,""component_count"":1,""label_band_start_y"":66,""body_band_proxy_bbox"":[13,10,87,66],""label_band_proxy_bbox"":[18,66,84,87]}",0.902439,0.916667,"[0.0,-2.5]",0.097561,True,"[82,57]","[74,56]",0.902439,0.982456,0.097561,True,"[79,27]","[66,21]",0.835443,0.777778,0.222222,True
base_low,base,low,1,base_detail,0,county_info,郡情報,군정보,6,23,"{""bbox"":[9,9,91,93],""size"":[82,84],""center"":[50.0,51.0],""pixels"":5647,""component_count"":1,""label_band_start_y"":66,""body_band_proxy_bbox"":[9,9,91,66],""label_band_proxy_bbox"":[11,66,90,93]}","{""bbox"":[13,11,87,86],""size"":[74,75],""center"":[50.0,48.5],""pixels"":4174,""component_count"":1,""label_band_start_y"":66,""body_band_proxy_bbox"":[13,11,87,66],""label_band_proxy_bbox"":[20,66,82,86]}",0.902439,0.892857,"[0.0,-2.5]",0.107143,True,"[82,57]","[74,55]",0.902439,0.964912,0.097561,True,"[79,27]","[62,20]",0.78481,0.740741,0.259259,True
base_low,base,low,1,base_detail,1,battle_info,合戦情報,합전정보,1,24,"{""bbox"":[3,9,97,93],""size"":[94,84],""center"":[50.0,51.0],""pixels"":6008,""component_count"":1,""label_band_start_y"":66,""body_band_proxy_bbox"":[9,9,94,66],""label_band_proxy_bbox"":[3,66,97,93]}","{""bbox"":[13,11,88,87],""size"":[75,76],""center"":[50.5,49.0],""pixels"":4517,""component_count"":1,""label_band_start_y"":66,""body_band_proxy_bbox"":[13,11,87,66],""label_band_proxy_bbox"":[14,66,88,87]}",0.797872,0.904762,"[0.5,-2.0]",0.202128,True,"[85,57]","[74,55]",0.870588,0.964912,0.129412,True,"[94,27]","[74,21]",0.787234,0.777778,0.222222,True
base_low,base,low,1,base_detail,1,battle_info,合戦情報,합전정보,2,25,"{""bbox"":[3,9,97,93],""size"":[94,84],""center"":[50.0,51.0],""pixels"":6008,""component_count"":1,""label_band_start_y"":66,""body_band_proxy_bbox"":[9,9,94,66],""label_band_proxy_bbox"":[3,66,97,93]}","{""bbox"":[11,10,91,88],""size"":[80,78],""center"":[51.0,49.0],""pixels"":4807,""component_count"":1,""label_band_start_y"":66,""body_band_proxy_bbox"":[12,10,88,66],""label_band_proxy_bbox"":[11,66,91,88]}",0.851064,0.928571,"[1.0,-2.0]",0.148936,True,"[85,57]","[76,56]",0.894118,0.982456,0.105882,True,"[94,27]","[80,22]",0.851064,0.814815,0.185185,True
base_low,base,low,1,base_detail,1,battle_info,合戦情報,합전정보,3,26,"{""bbox"":[3,9,97,93],""size"":[94,84],""center"":[50.0,51.0],""pixels"":6010,""component_count"":1,""label_band_start_y"":66,""body_band_proxy_bbox"":[9,9,94,66],""label_band_proxy_bbox"":[3,66,97,93]}","{""bbox"":[13,10,89,87],""size"":[76,77],""center"":[51.0,48.5],""pixels"":4626,""component_count"":1,""label_band_start_y"":66,""body_band_proxy_bbox"":[13,10,87,66],""label_band_proxy_bbox"":[13,66,89,87]}",0.808511,0.916667,"[1.0,-2.5]",0.191489,True,"[85,57]","[74,56]",0.870588,0.982456,0.129412,True,"[94,27]","[76,21]",0.808511,0.777778,0.222222,True
base_low,base,low,1,base_detail,1,battle_info,合戦情報,합전정보,4,27,"{""bbox"":[3,9,97,93],""size"":[94,84],""center"":[50.0,51.0],""pixels"":6010,""component_count"":1,""label_band_start_y"":66,""body_band_proxy_bbox"":[9,9,94,66],""label_band_proxy_bbox"":[3,66,97,93]}","{""bbox"":[13,10,88,87],""size"":[75,77],""center"":[50.5,48.5],""pixels"":4619,""component_count"":4,""label_band_start_y"":66,""body_band_proxy_bbox"":[13,10,88,66],""label_band_proxy_bbox"":[14,66,88,87]}",0.797872,0.916667,"[0.5,-2.5]",0.202128,True,"[85,57]","[75,56]",0.882353,0.982456,0.117647,True,"[94,27]","[74,21]",0.787234,0.777778,0.222222,True
base_low,base,low,1,base_detail,1,battle_info,合戦情報,합전정보,5,28,"{""bbox"":[3,9,97,93],""size"":[94,84],""center"":[50.0,51.0],""pixels"":6008,""component_count"":1,""label_band_start_y"":66,""body_band_proxy_bbox"":[9,9,94,66],""label_band_proxy_bbox"":[3,66,97,93]}","{""bbox"":[11,10,91,88],""size"":[80,78],""center"":[51.0,49.0],""pixels"":4835,""component_count"":3,""label_band_start_y"":66,""body_band_proxy_bbox"":[13,10,88,66],""label_band_proxy_bbox"":[11,66,91,88]}",0.851064,0.928571,"[1.0,-2.0]",0.148936,True,"[85,57]","[75,56]",0.882353,0.982456,0.117647,True,"[94,27]","[80,22]",0.851064,0.814815,0.185185,True
base_low,base,low,1,base_detail,1,battle_info,合戦情報,합전정보,6,29,"{""bbox"":[3,9,97,93],""size"":[94,84],""center"":[50.0,51.0],""pixels"":6010,""component_count"":1,""label_band_start_y"":66,""body_band_proxy_bbox"":[9,9,94,66],""label_band_proxy_bbox"":[3,66,97,93]}","{""bbox"":[13,10,88,87],""size"":[75,77],""center"":[50.5,48.5],""pixels"":4488,""component_count"":1,""label_band_start_y"":66,""body_band_proxy_bbox"":[13,10,87,66],""label_band_proxy_bbox"":[14,66,88,87]}",0.797872,0.916667,"[0.5,-2.5]",0.202128,True,"[85,57]","[74,56]",0.870588,0.982456,0.129412,True,"[94,27]","[74,21]",0.787234,0.777778,0.222222,True
base_low,base,low,1,base_detail,2,fief,知行,지행,1,30,"{""bbox"":[9,9,91,93],""size"":[82,84],""center"":[50.0,51.0],""pixels"":5301,""component_count"":1,""label_band_start_y"":66,""body_band_proxy_bbox"":[9,9,91,66],""label_band_proxy_bbox"":[11,66,89,93]}","{""bbox"":[13,10,86,85],""size"":[73,75],""center"":[49.5,47.5],""pixels"":3975,""component_count"":1,""label_band_start_y"":66,""body_band_proxy_bbox"":[13,10,86,66],""label_band_proxy_bbox"":[20,66,80,85]}",0.890244,0.892857,"[-0.5,-3.5]",0.109756,True,"[82,57]","[73,56]",0.890244,0.982456,0.109756,True,"[78,27]","[60,19]",0.769231,0.703704,0.296296,True
base_low,base,low,1,base_detail,2,fief,知行,지행,2,31,"{""bbox"":[9,9,91,93],""size"":[82,84],""center"":[50.0,51.0],""pixels"":5301,""component_count"":1,""label_band_start_y"":66,""body_band_proxy_bbox"":[9,9,91,66],""label_band_proxy_bbox"":[11,66,89,93]}","{""bbox"":[13,10,86,87],""size"":[73,77],""center"":[49.5,48.5],""pixels"":4071,""component_count"":1,""label_band_start_y"":66,""body_band_proxy_bbox"":[13,10,86,66],""label_band_proxy_bbox"":[21,66,81,87]}",0.890244,0.916667,"[-0.5,-2.5]",0.109756,True,"[82,57]","[73,56]",0.890244,0.982456,0.109756,True,"[78,27]","[60,21]",0.769231,0.777778,0.230769,True
base_low,base,low,1,base_detail,2,fief,知行,지행,3,32,"{""bbox"":[9,9,91,93],""size"":[82,84],""center"":[50.0,51.0],""pixels"":5303,""component_count"":1,""label_band_start_y"":66,""body_band_proxy_bbox"":[9,9,91,66],""label_band_proxy_bbox"":[11,66,89,93]}","{""bbox"":[13,10,87,87],""size"":[74,77],""center"":[50.0,48.5],""pixels"":4112,""component_count"":1,""label_band_start_y"":66,""body_band_proxy_bbox"":[13,10,87,66],""label_band_proxy_bbox"":[20,66,80,87]}",0.902439,0.916667,"[0.0,-2.5]",0.097561,True,"[82,57]","[74,56]",0.902439,0.982456,0.097561,True,"[78,27]","[60,21]",0.769231,0.777778,0.230769,True
base_low,base,low,1,base_detail,2,fief,知行,지행,4,33,"{""bbox"":[9,9,91,93],""size"":[82,84],""center"":[50.0,51.0],""pixels"":5303,""component_count"":1,""label_band_start_y"":66,""body_band_proxy_bbox"":[9,9,91,66],""label_band_proxy_bbox"":[11,66,89,93]}","{""bbox"":[14,10,87,85],""size"":[73,75],""center"":[50.5,47.5],""pixels"":3933,""component_count"":1,""label_band_start_y"":66,""body_band_proxy_bbox"":[14,10,87,66],""label_band_proxy_bbox"":[22,66,80,85]}",0.890244,0.892857,"[0.5,-3.5]",0.109756,True,"[82,57]","[73,56]",0.890244,0.982456,0.109756,True,"[78,27]","[58,19]",0.74359,0.703704,0.296296,True
base_low,base,low,1,base_detail,2,fief,知行,지행,5,34,"{""bbox"":[9,9,91,93],""size"":[82,84],""center"":[50.0,51.0],""pixels"":5301,""component_count"":1,""label_band_start_y"":66,""body_band_proxy_bbox"":[9,9,91,66],""label_band_proxy_bbox"":[11,66,89,93]}","{""bbox"":[13,10,87,87],""size"":[74,77],""center"":[50.0,48.5],""pixels"":4093,""component_count"":1,""label_band_start_y"":66,""body_band_proxy_bbox"":[13,10,87,66],""label_band_proxy_bbox"":[21,66,79,87]}",0.902439,0.916667,"[0.0,-2.5]",0.097561,True,"[82,57]","[74,56]",0.902439,0.982456,0.097561,True,"[78,27]","[58,21]",0.74359,0.777778,0.25641,True
base_low,base,low,1,base_detail,2,fief,知行,지행,6,35,"{""bbox"":[9,9,91,93],""size"":[82,84],""center"":[50.0,51.0],""pixels"":5303,""component_count"":1,""label_band_start_y"":66,""body_band_proxy_bbox"":[9,9,91,66],""label_band_proxy_bbox"":[11,66,89,93]}","{""bbox"":[13,10,87,86],""size"":[74,76],""center"":[50.0,48.0],""pixels"":4026,""component_count"":1,""label_band_start_y"":66,""body_band_proxy_bbox"":[13,10,87,66],""label_band_proxy_bbox"":[20,66,79,86]}",0.902439,0.904762,"[0.0,-3.0]",0.097561,True,"[82,57]","[74,56]",0.902439,0.982456,0.097561,True,"[78,27]","[59,20]",0.75641,0.740741,0.259259,True
base_low,base,low,1,base_detail,3,magistrate,代官,대관,1,36,"{""bbox"":[9,9,91,93],""size"":[82,84],""center"":[50.0,51.0],""pixels"":5276,""component_count"":1,""label_band_start_y"":66,""body_band_proxy_bbox"":[9,9,91,66],""label_band_proxy_bbox"":[11,66,89,93]}","{""bbox"":[13,10,87,87],""size"":[74,77],""center"":[50.0,48.5],""pixels"":4100,""component_count"":2,""label_band_start_y"":66,""body_band_proxy_bbox"":[13,10,87,66],""label_band_proxy_bbox"":[20,66,80,87]}",0.902439,0.916667,"[0.0,-2.5]",0.097561,True,"[82,57]","[74,56]",0.902439,0.982456,0.097561,True,"[78,27]","[60,21]",0.769231,0.777778,0.230769,True
base_low,base,low,1,base_detail,3,magistrate,代官,대관,2,37,"{""bbox"":[9,9,91,93],""size"":[82,84],""center"":[50.0,51.0],""pixels"":5276,""component_count"":1,""label_band_start_y"":66,""body_band_proxy_bbox"":[9,9,91,66],""label_band_proxy_bbox"":[11,66,89,93]}","{""bbox"":[14,10,86,87],""size"":[72,77],""center"":[50.0,48.5],""pixels"":4027,""component_count"":1,""label_band_start_y"":66,""body_band_proxy_bbox"":[14,10,86,66],""label_band_proxy_bbox"":[21,66,80,87]}",0.878049,0.916667,"[0.0,-2.5]",0.121951,True,"[82,57]","[72,56]",0.878049,0.982456,0.121951,True,"[78,27]","[59,21]",0.75641,0.777778,0.24359,True
base_low,base,low,1,base_detail,3,magistrate,代官,대관,3,38,"{""bbox"":[9,9,91,93],""size"":[82,84],""center"":[50.0,51.0],""pixels"":5278,""component_count"":1,""label_band_start_y"":66,""body_band_proxy_bbox"":[9,9,91,66],""label_band_proxy_bbox"":[11,66,89,93]}","{""bbox"":[15,10,87,87],""size"":[72,77],""center"":[51.0,48.5],""pixels"":4020,""component_count"":1,""label_band_start_y"":66,""body_band_proxy_bbox"":[15,10,87,66],""label_band_proxy_bbox"":[20,66,80,87]}",0.878049,0.916667,"[1.0,-2.5]",0.121951,True,"[82,57]","[72,56]",0.878049,0.982456,0.121951,True,"[78,27]","[60,21]",0.769231,0.777778,0.230769,True
base_low,base,low,1,base_detail,3,magistrate,代官,대관,4,39,"{""bbox"":[9,9,91,93],""size"":[82,84],""center"":[50.0,51.0],""pixels"":5278,""component_count"":1,""label_band_start_y"":66,""body_band_proxy_bbox"":[9,9,91,66],""label_band_proxy_bbox"":[11,66,89,93]}","{""bbox"":[14,10,87,87],""size"":[73,77],""center"":[50.5,48.5],""pixels"":3998,""component_count"":1,""label_band_start_y"":66,""body_band_proxy_bbox"":[14,10,87,66],""label_band_proxy_bbox"":[20,66,81,87]}",0.890244,0.916667,"[0.5,-2.5]",0.109756,True,"[82,57]","[73,56]",0.890244,0.982456,0.109756,True,"[78,27]","[61,21]",0.782051,0.777778,0.222222,True
base_low,base,low,1,base_detail,3,magistrate,代官,대관,5,40,"{""bbox"":[9,9,91,93],""size"":[82,84],""center"":[50.0,51.0],""pixels"":5276,""component_count"":1,""label_band_start_y"":66,""body_band_proxy_bbox"":[9,9,91,66],""label_band_proxy_bbox"":[11,66,89,93]}","{""bbox"":[14,10,86,87],""size"":[72,77],""center"":[50.0,48.5],""pixels"":4046,""component_count"":1,""label_band_start_y"":66,""body_band_proxy_bbox"":[14,10,86,66],""label_band_proxy_bbox"":[20,66,80,87]}",0.878049,0.916667,"[0.0,-2.5]",0.121951,True,"[82,57]","[72,56]",0.878049,0.982456,0.121951,True,"[78,27]","[60,21]",0.769231,0.777778,0.230769,True
base_low,base,low,1,base_detail,3,magistrate,代官,대관,6,41,"{""bbox"":[9,9,91,93],""size"":[82,84],""center"":[50.0,51.0],""pixels"":5278,""component_count"":1,""label_band_start_y"":66,""body_band_proxy_bbox"":[9,9,91,66],""label_band_proxy_bbox"":[11,66,89,93]}","{""bbox"":[14,10,87,86],""size"":[73,76],""center"":[50.5,48.0],""pixels"":3968,""component_count"":1,""label_band_start_y"":66,""body_band_proxy_bbox"":[14,10,87,66],""label_band_proxy_bbox"":[20,66,79,86]}",0.890244,0.904762,"[0.5,-3.0]",0.109756,True,"[82,57]","[73,56]",0.890244,0.982456,0.109756,True,"[78,27]","[59,20]",0.75641,0.740741,0.259259,True
base_low,base,low,1,base_detail,4,county_develop,郡開発,군개발,1,42,"{""bbox"":[9,9,91,93],""size"":[82,84],""center"":[50.0,51.0],""pixels"":5566,""component_count"":1,""label_band_start_y"":66,""body_band_proxy_bbox"":[9,9,91,66],""label_band_proxy_bbox"":[11,66,89,93]}","{""bbox"":[13,11,87,87],""size"":[74,76],""center"":[50.0,49.0],""pixels"":4267,""component_count"":1,""label_band_start_y"":66,""body_band_proxy_bbox"":[13,11,87,66],""label_band_proxy_bbox"":[19,66,81,87]}",0.902439,0.904762,"[0.0,-2.0]",0.097561,True,"[82,57]","[74,55]",0.902439,0.964912,0.097561,True,"[78,27]","[62,21]",0.794872,0.777778,0.222222,True
base_low,base,low,1,base_detail,4,county_develop,郡開発,군개발,2,43,"{""bbox"":[9,9,91,93],""size"":[82,84],""center"":[50.0,51.0],""pixels"":5566,""component_count"":1,""label_band_start_y"":66,""body_band_proxy_bbox"":[9,9,91,66],""label_band_proxy_bbox"":[11,66,89,93]}","{""bbox"":[13,11,87,88],""size"":[74,77],""center"":[50.0,49.5],""pixels"":4303,""component_count"":1,""label_band_start_y"":66,""body_band_proxy_bbox"":[13,11,87,66],""label_band_proxy_bbox"":[19,66,81,88]}",0.902439,0.916667,"[0.0,-1.5]",0.097561,True,"[82,57]","[74,55]",0.902439,0.964912,0.097561,True,"[78,27]","[62,22]",0.794872,0.814815,0.205128,True
base_low,base,low,1,base_detail,4,county_develop,郡開発,군개발,3,44,"{""bbox"":[9,9,91,93],""size"":[82,84],""center"":[50.0,51.0],""pixels"":5568,""component_count"":1,""label_band_start_y"":66,""body_band_proxy_bbox"":[9,9,91,66],""label_band_proxy_bbox"":[11,66,89,93]}","{""bbox"":[13,10,87,88],""size"":[74,78],""center"":[50.0,49.0],""pixels"":4364,""component_count"":1,""label_band_start_y"":66,""body_band_proxy_bbox"":[13,10,87,66],""label_band_proxy_bbox"":[19,66,81,88]}",0.902439,0.928571,"[0.0,-2.0]",0.097561,True,"[82,57]","[74,56]",0.902439,0.982456,0.097561,True,"[78,27]","[62,22]",0.794872,0.814815,0.205128,True
base_low,base,low,1,base_detail,4,county_develop,郡開発,군개발,4,45,"{""bbox"":[9,9,91,93],""size"":[82,84],""center"":[50.0,51.0],""pixels"":5568,""component_count"":1,""label_band_start_y"":66,""body_band_proxy_bbox"":[9,9,91,66],""label_band_proxy_bbox"":[11,66,89,93]}","{""bbox"":[13,11,87,87],""size"":[74,76],""center"":[50.0,49.0],""pixels"":4258,""component_count"":1,""label_band_start_y"":66,""body_band_proxy_bbox"":[13,11,87,66],""label_band_proxy_bbox"":[19,66,80,87]}",0.902439,0.904762,"[0.0,-2.0]",0.097561,True,"[82,57]","[74,55]",0.902439,0.964912,0.097561,True,"[78,27]","[61,21]",0.782051,0.777778,0.222222,True
base_low,base,low,1,base_detail,4,county_develop,郡開発,군개발,5,46,"{""bbox"":[9,9,91,93],""size"":[82,84],""center"":[50.0,51.0],""pixels"":5566,""component_count"":1,""label_band_start_y"":66,""body_band_proxy_bbox"":[9,9,91,66],""label_band_proxy_bbox"":[11,66,89,93]}","{""bbox"":[13,10,87,88],""size"":[74,78],""center"":[50.0,49.0],""pixels"":4373,""component_count"":1,""label_band_start_y"":66,""body_band_proxy_bbox"":[13,10,87,66],""label_band_proxy_bbox"":[19,66,81,88]}",0.902439,0.928571,"[0.0,-2.0]",0.097561,True,"[82,57]","[74,56]",0.902439,0.982456,0.097561,True,"[78,27]","[62,22]",0.794872,0.814815,0.205128,True
base_low,base,low,1,base_detail,4,county_develop,郡開発,군개발,6,47,"{""bbox"":[9,9,91,93],""size"":[82,84],""center"":[50.0,51.0],""pixels"":5568,""component_count"":1,""label_band_start_y"":66,""body_band_proxy_bbox"":[9,9,91,66],""label_band_proxy_bbox"":[11,66,89,93]}","{""bbox"":[13,11,87,87],""size"":[74,76],""center"":[50.0,49.0],""pixels"":4250,""component_count"":1,""label_band_start_y"":66,""body_band_proxy_bbox"":[13,11,87,66],""label_band_proxy_bbox"":[20,66,81,87]}",0.902439,0.904762,"[0.0,-2.0]",0.097561,True,"[82,57]","[74,55]",0.902439,0.964912,0.097561,True,"[78,27]","[61,21]",0.782051,0.777778,0.222222,True
base_low,base,low,1,base_detail,5,unit_info,部隊情報,부대정보,1,48,"{""bbox"":[3,9,97,93],""size"":[94,84],""center"":[50.0,51.0],""pixels"":6071,""component_count"":1,""label_band_start_y"":66,""body_band_proxy_bbox"":[4,9,94,66],""label_band_proxy_bbox"":[3,66,97,93]}","{""bbox"":[10,11,91,87],""size"":[81,76],""center"":[50.5,49.0],""pixels"":4566,""component_count"":1,""label_band_start_y"":66,""body_band_proxy_bbox"":[14,11,88,66],""label_band_proxy_bbox"":[10,66,91,87]}",0.861702,0.904762,"[0.5,-2.0]",0.138298,True,"[90,57]","[74,55]",0.822222,0.964912,0.177778,True,"[94,27]","[81,21]",0.861702,0.777778,0.222222,True
base_low,base,low,1,base_detail,5,unit_info,部隊情報,부대정보,2,49,"{""bbox"":[3,9,97,93],""size"":[94,84],""center"":[50.0,51.0],""pixels"":6071,""component_count"":1,""label_band_start_y"":66,""body_band_proxy_bbox"":[4,9,94,66],""label_band_proxy_bbox"":[3,66,97,93]}","{""bbox"":[9,10,92,87],""size"":[83,77],""center"":[50.5,48.5],""pixels"":4651,""component_count"":1,""label_band_start_y"":66,""body_band_proxy_bbox"":[14,10,87,66],""label_band_proxy_bbox"":[9,66,92,87]}",0.882979,0.916667,"[0.5,-2.5]",0.117021,True,"[90,57]","[73,56]",0.811111,0.982456,0.188889,True,"[94,27]","[83,21]",0.882979,0.777778,0.222222,True
base_low,base,low,1,base_detail,5,unit_info,部隊情報,부대정보,3,50,"{""bbox"":[3,9,97,93],""size"":[94,84],""center"":[50.0,51.0],""pixels"":6073,""component_count"":1,""label_band_start_y"":66,""body_band_proxy_bbox"":[4,9,94,66],""label_band_proxy_bbox"":[3,66,97,93]}","{""bbox"":[9,10,91,87],""size"":[82,77],""center"":[50.0,48.5],""pixels"":4586,""component_count"":1,""label_band_start_y"":66,""body_band_proxy_bbox"":[14,10,86,66],""label_band_proxy_bbox"":[9,66,91,87]}",0.87234,0.916667,"[0.0,-2.5]",0.12766,True,"[90,57]","[72,56]",0.8,0.982456,0.2,True,"[94,27]","[82,21]",0.87234,0.777778,0.222222,True
base_low,base,low,1,base_detail,5,unit_info,部隊情報,부대정보,4,51,"{""bbox"":[3,9,97,93],""size"":[94,84],""center"":[50.0,51.0],""pixels"":6073,""component_count"":1,""label_band_start_y"":66,""body_band_proxy_bbox"":[4,9,94,66],""label_band_proxy_bbox"":[3,66,97,93]}","{""bbox"":[9,11,88,87],""size"":[79,76],""center"":[48.5,49.0],""pixels"":4445,""component_count"":2,""label_band_start_y"":66,""body_band_proxy_bbox"":[13,11,85,66],""label_band_proxy_bbox"":[9,66,88,87]}",0.840426,0.904762,"[-1.5,-2.0]",0.159574,True,"[90,57]","[72,55]",0.8,0.964912,0.2,True,"[94,27]","[79,21]",0.840426,0.777778,0.222222,True
base_low,base,low,1,base_detail,5,unit_info,部隊情報,부대정보,5,52,"{""bbox"":[3,9,97,93],""size"":[94,84],""center"":[50.0,51.0],""pixels"":6071,""component_count"":1,""label_band_start_y"":66,""body_band_proxy_bbox"":[4,9,94,66],""label_band_proxy_bbox"":[3,66,97,93]}","{""bbox"":[9,11,91,88],""size"":[82,77],""center"":[50.0,49.5],""pixels"":4574,""component_count"":1,""label_band_start_y"":66,""body_band_proxy_bbox"":[14,11,86,66],""label_band_proxy_bbox"":[9,66,91,88]}",0.87234,0.916667,"[0.0,-1.5]",0.12766,True,"[90,57]","[72,55]",0.8,0.964912,0.2,True,"[94,27]","[82,22]",0.87234,0.814815,0.185185,True
base_low,base,low,1,base_detail,5,unit_info,部隊情報,부대정보,6,53,"{""bbox"":[3,9,97,93],""size"":[94,84],""center"":[50.0,51.0],""pixels"":6073,""component_count"":1,""label_band_start_y"":66,""body_band_proxy_bbox"":[4,9,94,66],""label_band_proxy_bbox"":[3,66,97,93]}","{""bbox"":[9,12,88,87],""size"":[79,75],""center"":[48.5,49.5],""pixels"":4345,""component_count"":1,""label_band_start_y"":66,""body_band_proxy_bbox"":[14,12,85,66],""label_band_proxy_bbox"":[9,66,88,87]}",0.840426,0.892857,"[-1.5,-1.5]",0.159574,True,"[90,57]","[71,54]",0.788889,0.947368,0.211111,True,"[94,27]","[79,21]",0.840426,0.777778,0.222222,True
base_low,base,low,1,base_detail,6,sortie,出陣,출진,1,54,"{""bbox"":[9,9,91,93],""size"":[82,84],""center"":[50.0,51.0],""pixels"":5296,""component_count"":1,""label_band_start_y"":66,""body_band_proxy_bbox"":[9,9,91,66],""label_band_proxy_bbox"":[11,66,89,93]}","{""bbox"":[14,13,86,87],""size"":[72,74],""center"":[50.0,50.0],""pixels"":3835,""component_count"":1,""label_band_start_y"":66,""body_band_proxy_bbox"":[14,13,86,66],""label_band_proxy_bbox"":[21,66,79,87]}",0.878049,0.880952,"[0.0,-1.0]",0.121951,True,"[82,57]","[72,53]",0.878049,0.929825,0.121951,True,"[78,27]","[58,21]",0.74359,0.777778,0.25641,True
base_low,base,low,1,base_detail,6,sortie,出陣,출진,2,55,"{""bbox"":[9,9,91,93],""size"":[82,84],""center"":[50.0,51.0],""pixels"":5296,""component_count"":1,""label_band_start_y"":66,""body_band_proxy_bbox"":[9,9,91,66],""label_band_proxy_bbox"":[11,66,89,93]}","{""bbox"":[14,13,86,87],""size"":[72,74],""center"":[50.0,50.0],""pixels"":3938,""component_count"":1,""label_band_start_y"":66,""body_band_proxy_bbox"":[14,13,86,66],""label_band_proxy_bbox"":[21,66,80,87]}",0.878049,0.880952,"[0.0,-1.0]",0.121951,True,"[82,57]","[72,53]",0.878049,0.929825,0.121951,True,"[78,27]","[59,21]",0.75641,0.777778,0.24359,True
base_low,base,low,1,base_detail,6,sortie,出陣,출진,3,56,"{""bbox"":[9,9,91,93],""size"":[82,84],""center"":[50.0,51.0],""pixels"":5298,""component_count"":1,""label_band_start_y"":66,""body_band_proxy_bbox"":[9,9,91,66],""label_band_proxy_bbox"":[11,66,89,93]}","{""bbox"":[15,13,87,88],""size"":[72,75],""center"":[51.0,50.5],""pixels"":3958,""component_count"":1,""label_band_start_y"":66,""body_band_proxy_bbox"":[15,13,87,66],""label_band_proxy_bbox"":[21,66,81,88]}",0.878049,0.892857,"[1.0,-0.5]",0.121951,True,"[82,57]","[72,53]",0.878049,0.929825,0.121951,True,"[78,27]","[60,22]",0.769231,0.814815,0.230769,True
base_low,base,low,1,base_detail,6,sortie,出陣,출진,4,57,"{""bbox"":[9,9,91,93],""size"":[82,84],""center"":[50.0,51.0],""pixels"":5298,""component_count"":1,""label_band_start_y"":66,""body_band_proxy_bbox"":[9,9,91,66],""label_band_proxy_bbox"":[11,66,89,93]}","{""bbox"":[14,13,86,87],""size"":[72,74],""center"":[50.0,50.0],""pixels"":3828,""component_count"":1,""label_band_start_y"":66,""body_band_proxy_bbox"":[14,13,86,66],""label_band_proxy_bbox"":[21,66,79,87]}",0.878049,0.880952,"[0.0,-1.0]",0.121951,True,"[82,57]","[72,53]",0.878049,0.929825,0.121951,True,"[78,27]","[58,21]",0.74359,0.777778,0.25641,True
base_low,base,low,1,base_detail,6,sortie,出陣,출진,5,58,"{""bbox"":[9,9,91,93],""size"":[82,84],""center"":[50.0,51.0],""pixels"":5296,""component_count"":1,""label_band_start_y"":66,""body_band_proxy_bbox"":[9,9,91,66],""label_band_proxy_bbox"":[11,66,89,93]}","{""bbox"":[14,13,87,87],""size"":[73,74],""center"":[50.5,50.0],""pixels"":3979,""component_count"":1,""label_band_start_y"":66,""body_band_proxy_bbox"":[14,13,87,66],""label_band_proxy_bbox"":[21,66,80,87]}",0.890244,0.880952,"[0.5,-1.0]",0.119048,True,"[82,57]","[73,53]",0.890244,0.929825,0.109756,True,"[78,27]","[59,21]",0.75641,0.777778,0.24359,True
base_low,base,low,1,base_detail,6,sortie,出陣,출진,6,59,"{""bbox"":[9,9,91,93],""size"":[82,84],""center"":[50.0,51.0],""pixels"":5298,""component_count"":1,""label_band_start_y"":66,""body_band_proxy_bbox"":[9,9,91,66],""label_band_proxy_bbox"":[11,66,89,93]}","{""bbox"":[15,13,86,87],""size"":[71,74],""center"":[50.5,50.0],""pixels"":3825,""component_count"":1,""label_band_start_y"":66,""body_band_proxy_bbox"":[15,13,86,66],""label_band_proxy_bbox"":[21,66,79,87]}",0.865854,0.880952,"[0.5,-1.0]",0.134146,True,"[82,57]","[71,53]",0.865854,0.929825,0.134146,True,"[78,27]","[58,21]",0.74359,0.777778,0.25641,True
base_low,base,low,1,base_detail,7,return_castle,帰城,귀성,1,60,"{""bbox"":[9,9,91,93],""size"":[82,84],""center"":[50.0,51.0],""pixels"":5341,""component_count"":1,""label_band_start_y"":66,""body_band_proxy_bbox"":[9,9,91,66],""label_band_proxy_bbox"":[11,66,89,93]}","{""bbox"":[14,13,87,88],""size"":[73,75],""center"":[50.5,50.5],""pixels"":3903,""component_count"":1,""label_band_start_y"":66,""body_band_proxy_bbox"":[14,13,87,66],""label_band_proxy_bbox"":[20,66,81,88]}",0.890244,0.892857,"[0.5,-0.5]",0.109756,True,"[82,57]","[73,53]",0.890244,0.929825,0.109756,True,"[78,27]","[61,22]",0.782051,0.814815,0.217949,True
base_low,base,low,1,base_detail,7,return_castle,帰城,귀성,2,61,"{""bbox"":[9,9,91,93],""size"":[82,84],""center"":[50.0,51.0],""pixels"":5341,""component_count"":1,""label_band_start_y"":66,""body_band_proxy_bbox"":[9,9,91,66],""label_band_proxy_bbox"":[11,66,89,93]}","{""bbox"":[14,12,86,88],""size"":[72,76],""center"":[50.0,50.0],""pixels"":3971,""component_count"":1,""label_band_start_y"":66,""body_band_proxy_bbox"":[14,12,86,66],""label_band_proxy_bbox"":[21,66,79,88]}",0.878049,0.904762,"[0.0,-1.0]",0.121951,True,"[82,57]","[72,54]",0.878049,0.947368,0.121951,True,"[78,27]","[58,22]",0.74359,0.814815,0.25641,True
base_low,base,low,1,base_detail,7,return_castle,帰城,귀성,3,62,"{""bbox"":[9,9,91,93],""size"":[82,84],""center"":[50.0,51.0],""pixels"":5344,""component_count"":1,""label_band_start_y"":66,""body_band_proxy_bbox"":[9,9,91,66],""label_band_proxy_bbox"":[11,66,89,93]}","{""bbox"":[14,13,86,88],""size"":[72,75],""center"":[50.0,50.5],""pixels"":3918,""component_count"":1,""label_band_start_y"":66,""body_band_proxy_bbox"":[14,13,86,66],""label_band_proxy_bbox"":[20,66,80,88]}",0.878049,0.892857,"[0.0,-0.5]",0.121951,True,"[82,57]","[72,53]",0.878049,0.929825,0.121951,True,"[78,27]","[60,22]",0.769231,0.814815,0.230769,True
base_low,base,low,1,base_detail,7,return_castle,帰城,귀성,4,63,"{""bbox"":[9,9,91,93],""size"":[82,84],""center"":[50.0,51.0],""pixels"":5343,""component_count"":1,""label_band_start_y"":66,""body_band_proxy_bbox"":[9,9,91,66],""label_band_proxy_bbox"":[11,66,89,93]}","{""bbox"":[13,12,87,88],""size"":[74,76],""center"":[50.0,50.0],""pixels"":3999,""component_count"":1,""label_band_start_y"":66,""body_band_proxy_bbox"":[13,12,87,66],""label_band_proxy_bbox"":[20,66,81,88]}",0.902439,0.904762,"[0.0,-1.0]",0.097561,True,"[82,57]","[74,54]",0.902439,0.947368,0.097561,True,"[78,27]","[61,22]",0.782051,0.814815,0.217949,True
base_low,base,low,1,base_detail,7,return_castle,帰城,귀성,5,64,"{""bbox"":[9,9,91,93],""size"":[82,84],""center"":[50.0,51.0],""pixels"":5341,""component_count"":1,""label_band_start_y"":66,""body_band_proxy_bbox"":[9,9,91,66],""label_band_proxy_bbox"":[11,66,89,93]}","{""bbox"":[13,10,87,87],""size"":[74,77],""center"":[50.0,48.5],""pixels"":4108,""component_count"":2,""label_band_start_y"":66,""body_band_proxy_bbox"":[13,10,87,66],""label_band_proxy_bbox"":[21,66,80,87]}",0.902439,0.916667,"[0.0,-2.5]",0.097561,True,"[82,57]","[74,56]",0.902439,0.982456,0.097561,True,"[78,27]","[59,21]",0.75641,0.777778,0.24359,True
base_low,base,low,1,base_detail,7,return_castle,帰城,귀성,6,65,"{""bbox"":[9,9,91,93],""size"":[82,84],""center"":[50.0,51.0],""pixels"":5343,""component_count"":1,""label_band_start_y"":66,""body_band_proxy_bbox"":[9,9,91,66],""label_band_proxy_bbox"":[11,66,89,93]}","{""bbox"":[13,10,87,86],""size"":[74,76],""center"":[50.0,48.0],""pixels"":3999,""component_count"":1,""label_band_start_y"":66,""body_band_proxy_bbox"":[13,10,87,66],""label_band_proxy_bbox"":[21,66,79,86]}",0.902439,0.904762,"[0.0,-3.0]",0.097561,True,"[82,57]","[74,56]",0.902439,0.982456,0.097561,True,"[78,27]","[58,20]",0.74359,0.740741,0.259259,True
base_low,base,low,1,base_detail,8,enter_castle,入城,입성,1,66,"{""bbox"":[9,9,91,93],""size"":[82,84],""center"":[50.0,51.0],""pixels"":5335,""component_count"":1,""label_band_start_y"":66,""body_band_proxy_bbox"":[9,9,91,66],""label_band_proxy_bbox"":[11,66,89,93]}","{""bbox"":[21,20,80,79],""size"":[59,59],""center"":[50.5,49.5],""pixels"":2463,""component_count"":6,""label_band_start_y"":66,""body_band_proxy_bbox"":[21,20,80,66],""label_band_proxy_bbox"":[31,66,70,79]}",0.719512,0.702381,"[0.5,-1.5]",0.297619,True,"[82,57]","[59,46]",0.719512,0.807018,0.280488,True,"[78,27]","[39,13]",0.5,0.481481,0.518519,True
base_low,base,low,1,base_detail,8,enter_castle,入城,입성,2,67,"{""bbox"":[9,9,91,93],""size"":[82,84],""center"":[50.0,51.0],""pixels"":5335,""component_count"":1,""label_band_start_y"":66,""body_band_proxy_bbox"":[9,9,91,66],""label_band_proxy_bbox"":[11,66,89,93]}","{""bbox"":[26,20,82,78],""size"":[56,58],""center"":[54.0,49.0],""pixels"":2351,""component_count"":11,""label_band_start_y"":66,""body_band_proxy_bbox"":[26,20,82,66],""label_band_proxy_bbox"":[36,66,72,78]}",0.682927,0.690476,"[4.0,-2.0]",0.317073,True,"[82,57]","[56,46]",0.682927,0.807018,0.317073,True,"[78,27]","[36,12]",0.461538,0.444444,0.555556,True
base_low,base,low,1,base_detail,8,enter_castle,入城,입성,3,68,"{""bbox"":[9,9,91,93],""size"":[82,84],""center"":[50.0,51.0],""pixels"":5338,""component_count"":1,""label_band_start_y"":66,""body_band_proxy_bbox"":[9,9,91,66],""label_band_proxy_bbox"":[11,66,89,93]}","{""bbox"":[24,20,81,78],""size"":[57,58],""center"":[52.5,49.0],""pixels"":2290,""component_count"":10,""label_band_start_y"":66,""body_band_proxy_bbox"":[24,20,81,66],""label_band_proxy_bbox"":[35,66,71,78]}",0.695122,0.690476,"[2.5,-2.0]",0.309524,True,"[82,57]","[57,46]",0.695122,0.807018,0.304878,True,"[78,27]","[36,12]",0.461538,0.444444,0.555556,True
base_low,base,low,1,base_detail,8,enter_castle,入城,입성,4,69,"{""bbox"":[9,9,91,93],""size"":[82,84],""center"":[50.0,51.0],""pixels"":5337,""component_count"":1,""label_band_start_y"":66,""body_band_proxy_bbox"":[9,9,91,66],""label_band_proxy_bbox"":[11,66,89,93]}","{""bbox"":[25,20,81,76],""size"":[56,56],""center"":[53.0,48.0],""pixels"":2227,""component_count"":8,""label_band_start_y"":66,""body_band_proxy_bbox"":[25,20,81,66],""label_band_proxy_bbox"":[35,66,71,76]}",0.682927,0.666667,"[3.0,-3.0]",0.333333,True,"[82,57]","[56,46]",0.682927,0.807018,0.317073,True,"[78,27]","[36,10]",0.461538,0.37037,0.62963,True
base_low,base,low,1,base_detail,8,enter_castle,入城,입성,5,70,"{""bbox"":[9,9,91,93],""size"":[82,84],""center"":[50.0,51.0],""pixels"":5335,""component_count"":1,""label_band_start_y"":66,""body_band_proxy_bbox"":[9,9,91,66],""label_band_proxy_bbox"":[11,66,89,93]}","{""bbox"":[24,21,80,78],""size"":[56,57],""center"":[52.0,49.5],""pixels"":2263,""component_count"":10,""label_band_start_y"":66,""body_band_proxy_bbox"":[24,21,80,66],""label_band_proxy_bbox"":[34,66,69,78]}",0.682927,0.678571,"[2.0,-1.5]",0.321429,True,"[82,57]","[56,45]",0.682927,0.789474,0.317073,True,"[78,27]","[35,12]",0.448718,0.444444,0.555556,True
base_low,base,low,1,base_detail,8,enter_castle,入城,입성,6,71,"{""bbox"":[9,9,91,93],""size"":[82,84],""center"":[50.0,51.0],""pixels"":5337,""component_count"":1,""label_band_start_y"":66,""body_band_proxy_bbox"":[9,9,91,66],""label_band_proxy_bbox"":[11,66,89,93]}","{""bbox"":[22,20,79,77],""size"":[57,57],""center"":[50.5,48.5],""pixels"":2316,""component_count"":10,""label_band_start_y"":66,""body_band_proxy_bbox"":[22,20,79,66],""label_band_proxy_bbox"":[32,66,68,77]}",0.695122,0.678571,"[0.5,-2.5]",0.321429,True,"[82,57]","[57,46]",0.695122,0.807018,0.304878,True,"[78,27]","[36,11]",0.461538,0.407407,0.592593,True
base_low,base,low,1,base_detail,9,target,目標,목표,1,72,"{""bbox"":[9,9,91,93],""size"":[82,84],""center"":[50.0,51.0],""pixels"":5292,""component_count"":1,""label_band_start_y"":66,""body_band_proxy_bbox"":[9,9,91,66],""label_band_proxy_bbox"":[11,66,89,93]}","{""bbox"":[14,10,86,86],""size"":[72,76],""center"":[50.0,48.0],""pixels"":3985,""component_count"":1,""label_band_start_y"":66,""body_band_proxy_bbox"":[14,10,86,66],""label_band_proxy_bbox"":[20,66,80,86]}",0.878049,0.904762,"[0.0,-3.0]",0.121951,True,"[82,57]","[72,56]",0.878049,0.982456,0.121951,True,"[78,27]","[60,20]",0.769231,0.740741,0.259259,True
base_low,base,low,1,base_detail,9,target,目標,목표,2,73,"{""bbox"":[9,9,91,93],""size"":[82,84],""center"":[50.0,51.0],""pixels"":5292,""component_count"":1,""label_band_start_y"":66,""body_band_proxy_bbox"":[9,9,91,66],""label_band_proxy_bbox"":[11,66,89,93]}","{""bbox"":[15,10,87,87],""size"":[72,77],""center"":[51.0,48.5],""pixels"":4041,""component_count"":2,""label_band_start_y"":66,""body_band_proxy_bbox"":[15,10,87,66],""label_band_proxy_bbox"":[20,66,79,87]}",0.878049,0.916667,"[1.0,-2.5]",0.121951,True,"[82,57]","[72,56]",0.878049,0.982456,0.121951,True,"[78,27]","[59,21]",0.75641,0.777778,0.24359,True
base_low,base,low,1,base_detail,9,target,目標,목표,3,74,"{""bbox"":[9,9,91,93],""size"":[82,84],""center"":[50.0,51.0],""pixels"":5294,""component_count"":1,""label_band_start_y"":66,""body_band_proxy_bbox"":[9,9,91,66],""label_band_proxy_bbox"":[11,66,89,93]}","{""bbox"":[14,10,86,87],""size"":[72,77],""center"":[50.0,48.5],""pixels"":4011,""component_count"":1,""label_band_start_y"":66,""body_band_proxy_bbox"":[14,10,86,66],""label_band_proxy_bbox"":[20,66,78,87]}",0.878049,0.916667,"[0.0,-2.5]",0.121951,True,"[82,57]","[72,56]",0.878049,0.982456,0.121951,True,"[78,27]","[58,21]",0.74359,0.777778,0.25641,True
base_low,base,low,1,base_detail,9,target,目標,목표,4,75,"{""bbox"":[9,9,91,93],""size"":[82,84],""center"":[50.0,51.0],""pixels"":5294,""component_count"":1,""label_band_start_y"":66,""body_band_proxy_bbox"":[9,9,91,66],""label_band_proxy_bbox"":[11,66,89,93]}","{""bbox"":[14,10,87,86],""size"":[73,76],""center"":[50.5,48.0],""pixels"":3970,""component_count"":1,""label_band_start_y"":66,""body_band_proxy_bbox"":[14,10,87,66],""label_band_proxy_bbox"":[22,66,79,86]}",0.890244,0.904762,"[0.5,-3.0]",0.109756,True,"[82,57]","[73,56]",0.890244,0.982456,0.109756,True,"[78,27]","[57,20]",0.730769,0.740741,0.269231,True
base_low,base,low,1,base_detail,9,target,目標,목표,5,76,"{""bbox"":[9,9,91,93],""size"":[82,84],""center"":[50.0,51.0],""pixels"":5292,""component_count"":1,""label_band_start_y"":66,""body_band_proxy_bbox"":[9,9,91,66],""label_band_proxy_bbox"":[11,66,89,93]}","{""bbox"":[15,10,87,87],""size"":[72,77],""center"":[51.0,48.5],""pixels"":4042,""component_count"":2,""label_band_start_y"":66,""body_band_proxy_bbox"":[15,10,87,66],""label_band_proxy_bbox"":[20,66,79,87]}",0.878049,0.916667,"[1.0,-2.5]",0.121951,True,"[82,57]","[72,56]",0.878049,0.982456,0.121951,True,"[78,27]","[59,21]",0.75641,0.777778,0.24359,True
base_low,base,low,1,base_detail,9,target,目標,목표,6,77,"{""bbox"":[9,9,91,93],""size"":[82,84],""center"":[50.0,51.0],""pixels"":5294,""component_count"":1,""label_band_start_y"":66,""body_band_proxy_bbox"":[9,9,91,66],""label_band_proxy_bbox"":[11,66,89,93]}","{""bbox"":[14,10,87,86],""size"":[73,76],""center"":[50.5,48.0],""pixels"":4017,""component_count"":1,""label_band_start_y"":66,""body_band_proxy_bbox"":[14,10,87,66],""label_band_proxy_bbox"":[20,66,81,86]}",0.890244,0.904762,"[0.5,-3.0]",0.109756,True,"[82,57]","[73,56]",0.890244,0.982456,0.109756,True,"[78,27]","[61,20]",0.782051,0.740741,0.259259,True
base_low,base,low,1,base_detail,10,storm,強攻,강공,1,78,"{""bbox"":[9,9,91,93],""size"":[82,84],""center"":[50.0,51.0],""pixels"":5326,""component_count"":1,""label_band_start_y"":66,""body_band_proxy_bbox"":[9,9,91,66],""label_band_proxy_bbox"":[11,66,89,93]}","{""bbox"":[13,10,87,87],""size"":[74,77],""center"":[50.0,48.5],""pixels"":4231,""component_count"":1,""label_band_start_y"":66,""body_band_proxy_bbox"":[13,10,87,66],""label_band_proxy_bbox"":[20,66,84,87]}",0.902439,0.916667,"[0.0,-2.5]",0.097561,True,"[82,57]","[74,56]",0.902439,0.982456,0.097561,True,"[78,27]","[64,21]",0.820513,0.777778,0.222222,True
base_low,base,low,1,base_detail,10,storm,強攻,강공,2,79,"{""bbox"":[9,9,91,93],""size"":[82,84],""center"":[50.0,51.0],""pixels"":5326,""component_count"":1,""label_band_start_y"":66,""body_band_proxy_bbox"":[9,9,91,66],""label_band_proxy_bbox"":[11,66,89,93]}","{""bbox"":[14,10,87,88],""size"":[73,78],""center"":[50.5,49.0],""pixels"":4222,""component_count"":1,""label_band_start_y"":66,""body_band_proxy_bbox"":[14,10,87,66],""label_band_proxy_bbox"":[20,66,84,88]}",0.890244,0.928571,"[0.5,-2.0]",0.109756,True,"[82,57]","[73,56]",0.890244,0.982456,0.109756,True,"[78,27]","[64,22]",0.820513,0.814815,0.185185,True
base_low,base,low,1,base_detail,10,storm,強攻,강공,3,80,"{""bbox"":[9,9,91,93],""size"":[82,84],""center"":[50.0,51.0],""pixels"":5328,""component_count"":1,""label_band_start_y"":66,""body_band_proxy_bbox"":[9,9,91,66],""label_band_proxy_bbox"":[11,66,89,93]}","{""bbox"":[14,10,87,88],""size"":[73,78],""center"":[50.5,49.0],""pixels"":4205,""component_count"":1,""label_band_start_y"":66,""body_band_proxy_bbox"":[14,10,87,66],""label_band_proxy_bbox"":[20,66,84,88]}",0.890244,0.928571,"[0.5,-2.0]",0.109756,True,"[82,57]","[73,56]",0.890244,0.982456,0.109756,True,"[78,27]","[64,22]",0.820513,0.814815,0.185185,True
base_low,base,low,1,base_detail,10,storm,強攻,강공,4,81,"{""bbox"":[9,9,91,93],""size"":[82,84],""center"":[50.0,51.0],""pixels"":5328,""component_count"":1,""label_band_start_y"":66,""body_band_proxy_bbox"":[9,9,91,66],""label_band_proxy_bbox"":[11,66,89,93]}","{""bbox"":[15,10,87,87],""size"":[72,77],""center"":[51.0,48.5],""pixels"":4123,""component_count"":1,""label_band_start_y"":66,""body_band_proxy_bbox"":[15,10,87,66],""label_band_proxy_bbox"":[21,66,85,87]}",0.878049,0.916667,"[1.0,-2.5]",0.121951,True,"[82,57]","[72,56]",0.878049,0.982456,0.121951,True,"[78,27]","[64,21]",0.820513,0.777778,0.222222,True
base_low,base,low,1,base_detail,10,storm,強攻,강공,5,82,"{""bbox"":[9,9,91,93],""size"":[82,84],""center"":[50.0,51.0],""pixels"":5326,""component_count"":1,""label_band_start_y"":66,""body_band_proxy_bbox"":[9,9,91,66],""label_band_proxy_bbox"":[11,66,89,93]}","{""bbox"":[14,10,87,88],""size"":[73,78],""center"":[50.5,49.0],""pixels"":4244,""component_count"":1,""label_band_start_y"":66,""body_band_proxy_bbox"":[14,10,87,66],""label_band_proxy_bbox"":[20,66,86,88]}",0.890244,0.928571,"[0.5,-2.0]",0.109756,True,"[82,57]","[73,56]",0.890244,0.982456,0.109756,True,"[78,27]","[66,22]",0.846154,0.814815,0.185185,True
base_low,base,low,1,base_detail,10,storm,強攻,강공,6,83,"{""bbox"":[9,9,91,93],""size"":[82,84],""center"":[50.0,51.0],""pixels"":5328,""component_count"":1,""label_band_start_y"":66,""body_band_proxy_bbox"":[9,9,91,66],""label_band_proxy_bbox"":[11,66,89,93]}","{""bbox"":[14,10,87,87],""size"":[73,77],""center"":[50.5,48.5],""pixels"":4166,""component_count"":1,""label_band_start_y"":66,""body_band_proxy_bbox"":[14,10,87,66],""label_band_proxy_bbox"":[20,66,85,87]}",0.890244,0.916667,"[0.5,-2.5]",0.109756,True,"[82,57]","[73,56]",0.890244,0.982456,0.109756,True,"[78,27]","[65,21]",0.833333,0.777778,0.222222,True
base_low,base,low,1,base_detail,11,encircle,包囲,포위,1,84,"{""bbox"":[9,9,91,93],""size"":[82,84],""center"":[50.0,51.0],""pixels"":5286,""component_count"":1,""label_band_start_y"":66,""body_band_proxy_bbox"":[9,9,91,66],""label_band_proxy_bbox"":[11,66,89,93]}","{""bbox"":[15,10,86,86],""size"":[71,76],""center"":[50.5,48.0],""pixels"":3983,""component_count"":1,""label_band_start_y"":66,""body_band_proxy_bbox"":[15,10,86,66],""label_band_proxy_bbox"":[23,66,80,86]}",0.865854,0.904762,"[0.5,-3.0]",0.134146,True,"[82,57]","[71,56]",0.865854,0.982456,0.134146,True,"[78,27]","[57,20]",0.730769,0.740741,0.269231,True
base_low,base,low,1,base_detail,11,encircle,包囲,포위,2,85,"{""bbox"":[9,9,91,93],""size"":[82,84],""center"":[50.0,51.0],""pixels"":5286,""component_count"":1,""label_band_start_y"":66,""body_band_proxy_bbox"":[9,9,91,66],""label_band_proxy_bbox"":[11,66,89,93]}","{""bbox"":[14,10,85,87],""size"":[71,77],""center"":[49.5,48.5],""pixels"":3958,""component_count"":1,""label_band_start_y"":66,""body_band_proxy_bbox"":[14,10,85,66],""label_band_proxy_bbox"":[21,66,79,87]}",0.865854,0.916667,"[-0.5,-2.5]",0.134146,True,"[82,57]","[71,56]",0.865854,0.982456,0.134146,True,"[78,27]","[58,21]",0.74359,0.777778,0.25641,True
base_low,base,low,1,base_detail,11,encircle,包囲,포위,3,86,"{""bbox"":[9,9,91,93],""size"":[82,84],""center"":[50.0,51.0],""pixels"":5288,""component_count"":1,""label_band_start_y"":66,""body_band_proxy_bbox"":[9,9,91,66],""label_band_proxy_bbox"":[11,66,89,93]}","{""bbox"":[14,10,87,87],""size"":[73,77],""center"":[50.5,48.5],""pixels"":4029,""component_count"":1,""label_band_start_y"":66,""body_band_proxy_bbox"":[14,10,87,66],""label_band_proxy_bbox"":[22,66,79,87]}",0.890244,0.916667,"[0.5,-2.5]",0.109756,True,"[82,57]","[73,56]",0.890244,0.982456,0.109756,True,"[78,27]","[57,21]",0.730769,0.777778,0.269231,True
base_low,base,low,1,base_detail,11,encircle,包囲,포위,4,87,"{""bbox"":[9,9,91,93],""size"":[82,84],""center"":[50.0,51.0],""pixels"":5288,""component_count"":1,""label_band_start_y"":66,""body_band_proxy_bbox"":[9,9,91,66],""label_band_proxy_bbox"":[11,66,89,93]}","{""bbox"":[15,10,84,85],""size"":[69,75],""center"":[49.5,47.5],""pixels"":3794,""component_count"":1,""label_band_start_y"":66,""body_band_proxy_bbox"":[15,10,84,66],""label_band_proxy_bbox"":[24,66,76,85]}",0.841463,0.892857,"[-0.5,-3.5]",0.158537,True,"[82,57]","[69,56]",0.841463,0.982456,0.158537,True,"[78,27]","[52,19]",0.666667,0.703704,0.333333,True
base_low,base,low,1,base_detail,11,encircle,包囲,포위,5,88,"{""bbox"":[9,9,91,93],""size"":[82,84],""center"":[50.0,51.0],""pixels"":5286,""component_count"":1,""label_band_start_y"":66,""body_band_proxy_bbox"":[9,9,91,66],""label_band_proxy_bbox"":[11,66,89,93]}","{""bbox"":[15,10,86,87],""size"":[71,77],""center"":[50.5,48.5],""pixels"":3989,""component_count"":1,""label_band_start_y"":66,""body_band_proxy_bbox"":[15,10,86,66],""label_band_proxy_bbox"":[21,66,80,87]}",0.865854,0.916667,"[0.5,-2.5]",0.134146,True,"[82,57]","[71,56]",0.865854,0.982456,0.134146,True,"[78,27]","[59,21]",0.75641,0.777778,0.24359,True
base_low,base,low,1,base_detail,11,encircle,包囲,포위,6,89,"{""bbox"":[9,9,91,93],""size"":[82,84],""center"":[50.0,51.0],""pixels"":5288,""component_count"":1,""label_band_start_y"":66,""body_band_proxy_bbox"":[9,9,91,66],""label_band_proxy_bbox"":[11,66,89,93]}","{""bbox"":[15,10,85,85],""size"":[70,75],""center"":[50.0,47.5],""pixels"":3817,""component_count"":1,""label_band_start_y"":66,""body_band_proxy_bbox"":[15,10,85,66],""label_band_proxy_bbox"":[24,66,76,85]}",0.853659,0.892857,"[0.0,-3.5]",0.146341,True,"[82,57]","[70,56]",0.853659,0.982456,0.146341,True,"[78,27]","[52,19]",0.666667,0.703704,0.333333,True
base_low,base,low,1,base_detail,12,formation,編制,편제,1,90,"{""bbox"":[9,9,91,93],""size"":[82,84],""center"":[50.0,51.0],""pixels"":5309,""component_count"":1,""label_band_start_y"":66,""body_band_proxy_bbox"":[9,9,91,66],""label_band_proxy_bbox"":[11,66,89,93]}","{""bbox"":[13,10,87,86],""size"":[74,76],""center"":[50.0,48.0],""pixels"":4012,""component_count"":1,""label_band_start_y"":66,""body_band_proxy_bbox"":[13,10,87,66],""label_band_proxy_bbox"":[20,66,79,86]}",0.902439,0.904762,"[0.0,-3.0]",0.097561,True,"[82,57]","[74,56]",0.902439,0.982456,0.097561,True,"[78,27]","[59,20]",0.75641,0.740741,0.259259,True
base_low,base,low,1,base_detail,12,formation,編制,편제,2,91,"{""bbox"":[9,9,91,93],""size"":[82,84],""center"":[50.0,51.0],""pixels"":5309,""component_count"":1,""label_band_start_y"":66,""body_band_proxy_bbox"":[9,9,91,66],""label_band_proxy_bbox"":[11,66,89,93]}","{""bbox"":[13,10,87,87],""size"":[74,77],""center"":[50.0,48.5],""pixels"":4099,""component_count"":1,""label_band_start_y"":66,""body_band_proxy_bbox"":[13,10,87,66],""label_band_proxy_bbox"":[20,66,80,87]}",0.902439,0.916667,"[0.0,-2.5]",0.097561,True,"[82,57]","[74,56]",0.902439,0.982456,0.097561,True,"[78,27]","[60,21]",0.769231,0.777778,0.230769,True
base_low,base,low,1,base_detail,12,formation,編制,편제,3,92,"{""bbox"":[9,9,91,93],""size"":[82,84],""center"":[50.0,51.0],""pixels"":5311,""component_count"":1,""label_band_start_y"":66,""body_band_proxy_bbox"":[9,9,91,66],""label_band_proxy_bbox"":[11,66,89,93]}","{""bbox"":[13,10,86,87],""size"":[73,77],""center"":[49.5,48.5],""pixels"":4080,""component_count"":1,""label_band_start_y"":66,""body_band_proxy_bbox"":[13,10,86,66],""label_band_proxy_bbox"":[20,66,80,87]}",0.890244,0.916667,"[-0.5,-2.5]",0.109756,True,"[82,57]","[73,56]",0.890244,0.982456,0.109756,True,"[78,27]","[60,21]",0.769231,0.777778,0.230769,True
base_low,base,low,1,base_detail,12,formation,編制,편제,4,93,"{""bbox"":[9,9,91,93],""size"":[82,84],""center"":[50.0,51.0],""pixels"":5311,""component_count"":1,""label_band_start_y"":66,""body_band_proxy_bbox"":[9,9,91,66],""label_band_proxy_bbox"":[11,66,89,93]}","{""bbox"":[13,10,87,87],""size"":[74,77],""center"":[50.0,48.5],""pixels"":4006,""component_count"":1,""label_band_start_y"":66,""body_band_proxy_bbox"":[13,10,87,66],""label_band_proxy_bbox"":[21,66,79,87]}",0.902439,0.916667,"[0.0,-2.5]",0.097561,True,"[82,57]","[74,56]",0.902439,0.982456,0.097561,True,"[78,27]","[58,21]",0.74359,0.777778,0.25641,True
base_low,base,low,1,base_detail,12,formation,編制,편제,5,94,"{""bbox"":[9,9,91,93],""size"":[82,84],""center"":[50.0,51.0],""pixels"":5309,""component_count"":1,""label_band_start_y"":66,""body_band_proxy_bbox"":[9,9,91,66],""label_band_proxy_bbox"":[11,66,89,93]}","{""bbox"":[13,10,87,87],""size"":[74,77],""center"":[50.0,48.5],""pixels"":4093,""component_count"":2,""label_band_start_y"":66,""body_band_proxy_bbox"":[13,10,87,66],""label_band_proxy_bbox"":[20,66,79,87]}",0.902439,0.916667,"[0.0,-2.5]",0.097561,True,"[82,57]","[74,56]",0.902439,0.982456,0.097561,True,"[78,27]","[59,21]",0.75641,0.777778,0.24359,True
base_low,base,low,1,base_detail,12,formation,編制,편제,6,95,"{""bbox"":[9,9,91,93],""size"":[82,84],""center"":[50.0,51.0],""pixels"":5311,""component_count"":1,""label_band_start_y"":66,""body_band_proxy_bbox"":[9,9,91,66],""label_band_proxy_bbox"":[11,66,89,93]}","{""bbox"":[13,11,87,87],""size"":[74,76],""center"":[50.0,49.0],""pixels"":3935,""component_count"":1,""label_band_start_y"":66,""body_band_proxy_bbox"":[13,11,87,66],""label_band_proxy_bbox"":[21,66,79,87]}",0.902439,0.904762,"[0.0,-2.0]",0.097561,True,"[82,57]","[74,55]",0.902439,0.964912,0.097561,True,"[78,27]","[58,21]",0.74359,0.777778,0.25641,True
base_low,base,low,1,base_detail,13,battle,合戦,합전,1,96,"{""bbox"":[9,9,91,93],""size"":[82,84],""center"":[50.0,51.0],""pixels"":5316,""component_count"":1,""label_band_start_y"":66,""body_band_proxy_bbox"":[9,9,91,66],""label_band_proxy_bbox"":[11,66,89,93]}","{""bbox"":[14,10,85,85],""size"":[71,75],""center"":[49.5,47.5],""pixels"":3877,""component_count"":1,""label_band_start_y"":66,""body_band_proxy_bbox"":[14,10,85,66],""label_band_proxy_bbox"":[21,66,77,85]}",0.865854,0.892857,"[-0.5,-3.5]",0.134146,True,"[82,57]","[71,56]",0.865854,0.982456,0.134146,True,"[78,27]","[56,19]",0.717949,0.703704,0.296296,True
base_low,base,low,1,base_detail,13,battle,合戦,합전,2,97,"{""bbox"":[9,9,91,93],""size"":[82,84],""center"":[50.0,51.0],""pixels"":5316,""component_count"":1,""label_band_start_y"":66,""body_band_proxy_bbox"":[9,9,91,66],""label_band_proxy_bbox"":[11,66,89,93]}","{""bbox"":[15,10,87,87],""size"":[72,77],""center"":[51.0,48.5],""pixels"":3959,""component_count"":1,""label_band_start_y"":66,""body_band_proxy_bbox"":[15,10,87,66],""label_band_proxy_bbox"":[22,66,79,87]}",0.878049,0.916667,"[1.0,-2.5]",0.121951,True,"[82,57]","[72,56]",0.878049,0.982456,0.121951,True,"[78,27]","[57,21]",0.730769,0.777778,0.269231,True
base_low,base,low,1,base_detail,13,battle,合戦,합전,3,98,"{""bbox"":[9,9,91,93],""size"":[82,84],""center"":[50.0,51.0],""pixels"":5318,""component_count"":1,""label_band_start_y"":66,""body_band_proxy_bbox"":[9,9,91,66],""label_band_proxy_bbox"":[11,66,89,93]}","{""bbox"":[14,10,86,87],""size"":[72,77],""center"":[50.0,48.5],""pixels"":3965,""component_count"":1,""label_band_start_y"":66,""body_band_proxy_bbox"":[14,10,86,66],""label_band_proxy_bbox"":[20,66,79,87]}",0.878049,0.916667,"[0.0,-2.5]",0.121951,True,"[82,57]","[72,56]",0.878049,0.982456,0.121951,True,"[78,27]","[59,21]",0.75641,0.777778,0.24359,True
base_low,base,low,1,base_detail,13,battle,合戦,합전,4,99,"{""bbox"":[9,9,91,93],""size"":[82,84],""center"":[50.0,51.0],""pixels"":5318,""component_count"":1,""label_band_start_y"":66,""body_band_proxy_bbox"":[9,9,91,66],""label_band_proxy_bbox"":[11,66,89,93]}","{""bbox"":[14,10,86,85],""size"":[72,75],""center"":[50.0,47.5],""pixels"":3909,""component_count"":1,""label_band_start_y"":66,""body_band_proxy_bbox"":[14,10,86,66],""label_band_proxy_bbox"":[21,66,79,85]}",0.878049,0.892857,"[0.0,-3.5]",0.121951,True,"[82,57]","[72,56]",0.878049,0.982456,0.121951,True,"[78,27]","[58,19]",0.74359,0.703704,0.296296,True
base_low,base,low,1,base_detail,13,battle,合戦,합전,5,100,"{""bbox"":[9,9,91,93],""size"":[82,84],""center"":[50.0,51.0],""pixels"":5316,""component_count"":1,""label_band_start_y"":66,""body_band_proxy_bbox"":[9,9,91,66],""label_band_proxy_bbox"":[11,66,89,93]}","{""bbox"":[15,10,86,87],""size"":[71,77],""center"":[50.5,48.5],""pixels"":3899,""component_count"":1,""label_band_start_y"":66,""body_band_proxy_bbox"":[15,10,86,66],""label_band_proxy_bbox"":[21,66,80,87]}",0.865854,0.916667,"[0.5,-2.5]",0.134146,True,"[82,57]","[71,56]",0.865854,0.982456,0.134146,True,"[78,27]","[59,21]",0.75641,0.777778,0.24359,True
base_low,base,low,1,base_detail,13,battle,合戦,합전,6,101,"{""bbox"":[9,9,91,93],""size"":[82,84],""center"":[50.0,51.0],""pixels"":5318,""component_count"":1,""label_band_start_y"":66,""body_band_proxy_bbox"":[9,9,91,66],""label_band_proxy_bbox"":[11,66,89,93]}","{""bbox"":[14,10,86,85],""size"":[72,75],""center"":[50.0,47.5],""pixels"":3895,""component_count"":1,""label_band_start_y"":66,""body_band_proxy_bbox"":[14,10,86,66],""label_band_proxy_bbox"":[21,66,79,85]}",0.878049,0.892857,"[0.0,-3.5]",0.121951,True,"[82,57]","[72,56]",0.878049,0.982456,0.121951,True,"[78,27]","[58,19]",0.74359,0.703704,0.296296,True
base_low,base,low,1,base_detail,14,cancel_sortie,出陣取消,출진취소,1,102,"{""bbox"":[5,9,95,93],""size"":[90,84],""center"":[50.0,51.0],""pixels"":6003,""component_count"":1,""label_band_start_y"":66,""body_band_proxy_bbox"":[7,9,95,66],""label_band_proxy_bbox"":[5,66,95,93]}","{""bbox"":[12,10,88,87],""size"":[76,77],""center"":[50.0,48.5],""pixels"":4645,""component_count"":1,""label_band_start_y"":66,""body_band_proxy_bbox"":[12,10,88,66],""label_band_proxy_bbox"":[12,66,87,87]}",0.844444,0.916667,"[0.0,-2.5]",0.155556,True,"[88,57]","[76,56]",0.863636,0.982456,0.136364,True,"[90,27]","[75,21]",0.833333,0.777778,0.222222,True
base_low,base,low,1,base_detail,14,cancel_sortie,出陣取消,출진취소,2,103,"{""bbox"":[5,9,95,93],""size"":[90,84],""center"":[50.0,51.0],""pixels"":6003,""component_count"":1,""label_band_start_y"":66,""body_band_proxy_bbox"":[7,9,95,66],""label_band_proxy_bbox"":[5,66,95,93]}","{""bbox"":[11,10,89,88],""size"":[78,78],""center"":[50.0,49.0],""pixels"":4728,""component_count"":4,""label_band_start_y"":66,""body_band_proxy_bbox"":[13,10,87,66],""label_band_proxy_bbox"":[11,66,89,88]}",0.866667,0.928571,"[0.0,-2.0]",0.133333,True,"[88,57]","[74,56]",0.840909,0.982456,0.159091,True,"[90,27]","[78,22]",0.866667,0.814815,0.185185,True
base_low,base,low,1,base_detail,14,cancel_sortie,出陣取消,출진취소,3,104,"{""bbox"":[5,9,95,93],""size"":[90,84],""center"":[50.0,51.0],""pixels"":6007,""component_count"":1,""label_band_start_y"":66,""body_band_proxy_bbox"":[7,9,95,66],""label_band_proxy_bbox"":[5,66,95,93]}","{""bbox"":[10,10,88,87],""size"":[78,77],""center"":[49.0,48.5],""pixels"":4610,""component_count"":6,""label_band_start_y"":66,""body_band_proxy_bbox"":[13,10,86,66],""label_band_proxy_bbox"":[10,66,88,87]}",0.866667,0.916667,"[-1.0,-2.5]",0.133333,True,"[88,57]","[73,56]",0.829545,0.982456,0.170455,True,"[90,27]","[78,21]",0.866667,0.777778,0.222222,True
base_low,base,low,1,base_detail,14,cancel_sortie,出陣取消,출진취소,4,105,"{""bbox"":[5,9,95,93],""size"":[90,84],""center"":[50.0,51.0],""pixels"":6006,""component_count"":1,""label_band_start_y"":66,""body_band_proxy_bbox"":[7,9,95,66],""label_band_proxy_bbox"":[5,66,95,93]}","{""bbox"":[11,10,87,86],""size"":[76,76],""center"":[49.0,48.0],""pixels"":4511,""component_count"":1,""label_band_start_y"":66,""body_band_proxy_bbox"":[13,10,87,66],""label_band_proxy_bbox"":[11,66,87,86]}",0.844444,0.904762,"[-1.0,-3.0]",0.155556,True,"[88,57]","[74,56]",0.840909,0.982456,0.159091,True,"[90,27]","[76,20]",0.844444,0.740741,0.259259,True
base_low,base,low,1,base_detail,14,cancel_sortie,出陣取消,출진취소,5,106,"{""bbox"":[5,9,95,93],""size"":[90,84],""center"":[50.0,51.0],""pixels"":6003,""component_count"":1,""label_band_start_y"":66,""body_band_proxy_bbox"":[7,9,95,66],""label_band_proxy_bbox"":[5,66,95,93]}","{""bbox"":[11,10,90,87],""size"":[79,77],""center"":[50.5,48.5],""pixels"":4638,""component_count"":4,""label_band_start_y"":66,""body_band_proxy_bbox"":[13,10,86,66],""label_band_proxy_bbox"":[11,66,90,87]}",0.877778,0.916667,"[0.5,-2.5]",0.122222,True,"[88,57]","[73,56]",0.829545,0.982456,0.170455,True,"[90,27]","[79,21]",0.877778,0.777778,0.222222,True
base_low,base,low,1,base_detail,14,cancel_sortie,出陣取消,출진취소,6,107,"{""bbox"":[5,9,95,93],""size"":[90,84],""center"":[50.0,51.0],""pixels"":6006,""component_count"":1,""label_band_start_y"":66,""body_band_proxy_bbox"":[7,9,95,66],""label_band_proxy_bbox"":[5,66,95,93]}","{""bbox"":[12,11,88,86],""size"":[76,75],""center"":[50.0,48.5],""pixels"":4435,""component_count"":4,""label_band_start_y"":66,""body_band_proxy_bbox"":[15,11,88,66],""label_band_proxy_bbox"":[12,66,87,86]}",0.844444,0.892857,"[0.0,-2.5]",0.155556,True,"[88,57]","[73,55]",0.829545,0.964912,0.170455,True,"[90,27]","[75,20]",0.833333,0.740741,0.259259,True
base_low,base,low,1,base_detail,15,disband,解散,해산,1,108,"{""bbox"":[9,9,91,93],""size"":[82,84],""center"":[50.0,51.0],""pixels"":5337,""component_count"":1,""label_band_start_y"":66,""body_band_proxy_bbox"":[9,9,91,66],""label_band_proxy_bbox"":[11,66,89,93]}","{""bbox"":[16,10,83,87],""size"":[67,77],""center"":[49.5,48.5],""pixels"":3757,""component_count"":1,""label_band_start_y"":66,""body_band_proxy_bbox"":[16,10,83,66],""label_band_proxy_bbox"":[22,66,77,87]}",0.817073,0.916667,"[-0.5,-2.5]",0.182927,True,"[82,57]","[67,56]",0.817073,0.982456,0.182927,True,"[78,27]","[55,21]",0.705128,0.777778,0.294872,True
base_low,base,low,1,base_detail,15,disband,解散,해산,2,109,"{""bbox"":[9,9,91,93],""size"":[82,84],""center"":[50.0,51.0],""pixels"":5337,""component_count"":1,""label_band_start_y"":66,""body_band_proxy_bbox"":[9,9,91,66],""label_band_proxy_bbox"":[11,66,89,93]}","{""bbox"":[16,10,83,88],""size"":[67,78],""center"":[49.5,49.0],""pixels"":3744,""component_count"":1,""label_band_start_y"":66,""body_band_proxy_bbox"":[16,10,83,66],""label_band_proxy_bbox"":[23,66,76,88]}",0.817073,0.928571,"[-0.5,-2.0]",0.182927,True,"[82,57]","[67,56]",0.817073,0.982456,0.182927,True,"[78,27]","[53,22]",0.679487,0.814815,0.320513,True
base_low,base,low,1,base_detail,15,disband,解散,해산,3,110,"{""bbox"":[9,9,91,93],""size"":[82,84],""center"":[50.0,51.0],""pixels"":5340,""component_count"":1,""label_band_start_y"":66,""body_band_proxy_bbox"":[9,9,91,66],""label_band_proxy_bbox"":[11,66,89,93]}","{""bbox"":[16,10,83,87],""size"":[67,77],""center"":[49.5,48.5],""pixels"":3716,""component_count"":1,""label_band_start_y"":66,""body_band_proxy_bbox"":[16,10,83,66],""label_band_proxy_bbox"":[23,66,77,87]}",0.817073,0.916667,"[-0.5,-2.5]",0.182927,True,"[82,57]","[67,56]",0.817073,0.982456,0.182927,True,"[78,27]","[54,21]",0.692308,0.777778,0.307692,True
base_low,base,low,1,base_detail,15,disband,解散,해산,4,111,"{""bbox"":[9,9,91,93],""size"":[82,84],""center"":[50.0,51.0],""pixels"":5339,""component_count"":1,""label_band_start_y"":66,""body_band_proxy_bbox"":[9,9,91,66],""label_band_proxy_bbox"":[11,66,89,93]}","{""bbox"":[16,10,83,87],""size"":[67,77],""center"":[49.5,48.5],""pixels"":3696,""component_count"":1,""label_band_start_y"":66,""body_band_proxy_bbox"":[16,10,83,66],""label_band_proxy_bbox"":[22,66,76,87]}",0.817073,0.916667,"[-0.5,-2.5]",0.182927,True,"[82,57]","[67,56]",0.817073,0.982456,0.182927,True,"[78,27]","[54,21]",0.692308,0.777778,0.307692,True
base_low,base,low,1,base_detail,15,disband,解散,해산,5,112,"{""bbox"":[9,9,91,93],""size"":[82,84],""center"":[50.0,51.0],""pixels"":5337,""component_count"":1,""label_band_start_y"":66,""body_band_proxy_bbox"":[9,9,91,66],""label_band_proxy_bbox"":[11,66,89,93]}","{""bbox"":[16,10,83,88],""size"":[67,78],""center"":[49.5,49.0],""pixels"":3738,""component_count"":1,""label_band_start_y"":66,""body_band_proxy_bbox"":[16,10,83,66],""label_band_proxy_bbox"":[23,66,76,88]}",0.817073,0.928571,"[-0.5,-2.0]",0.182927,True,"[82,57]","[67,56]",0.817073,0.982456,0.182927,True,"[78,27]","[53,22]",0.679487,0.814815,0.320513,True
base_low,base,low,1,base_detail,15,disband,解散,해산,6,113,"{""bbox"":[9,9,91,93],""size"":[82,84],""center"":[50.0,51.0],""pixels"":5339,""component_count"":1,""label_band_start_y"":66,""body_band_proxy_bbox"":[9,9,91,66],""label_band_proxy_bbox"":[11,66,89,93]}","{""bbox"":[16,10,83,87],""size"":[67,77],""center"":[49.5,48.5],""pixels"":3703,""component_count"":2,""label_band_start_y"":66,""body_band_proxy_bbox"":[16,10,83,66],""label_band_proxy_bbox"":[22,66,76,87]}",0.817073,0.916667,"[-0.5,-2.5]",0.182927,True,"[82,57]","[67,56]",0.817073,0.982456,0.182927,True,"[78,27]","[54,21]",0.692308,0.777778,0.307692,True
base_low,base,low,1,base_detail,16,close,閉じる,닫기,1,114,"{""bbox"":[9,9,91,93],""size"":[82,84],""center"":[50.0,51.0],""pixels"":5442,""component_count"":1,""label_band_start_y"":66,""body_band_proxy_bbox"":[9,9,91,66],""label_band_proxy_bbox"":[11,66,89,93]}","{""bbox"":[14,9,86,87],""size"":[72,78],""center"":[50.0,48.0],""pixels"":4022,""component_count"":1,""label_band_start_y"":66,""body_band_proxy_bbox"":[14,9,86,66],""label_band_proxy_bbox"":[20,66,80,87]}",0.878049,0.928571,"[0.0,-3.0]",0.121951,True,"[82,57]","[72,57]",0.878049,1.0,0.121951,True,"[78,27]","[60,21]",0.769231,0.777778,0.230769,True
base_low,base,low,1,base_detail,16,close,閉じる,닫기,2,115,"{""bbox"":[9,9,91,93],""size"":[82,84],""center"":[50.0,51.0],""pixels"":5442,""component_count"":1,""label_band_start_y"":66,""body_band_proxy_bbox"":[9,9,91,66],""label_band_proxy_bbox"":[11,66,89,93]}","{""bbox"":[14,10,85,88],""size"":[71,78],""center"":[49.5,49.0],""pixels"":3985,""component_count"":2,""label_band_start_y"":66,""body_band_proxy_bbox"":[14,10,85,66],""label_band_proxy_bbox"":[20,66,80,88]}",0.865854,0.928571,"[-0.5,-2.0]",0.134146,True,"[82,57]","[71,56]",0.865854,0.982456,0.134146,True,"[78,27]","[60,22]",0.769231,0.814815,0.230769,True
base_low,base,low,1,base_detail,16,close,閉じる,닫기,3,116,"{""bbox"":[9,9,91,93],""size"":[82,84],""center"":[50.0,51.0],""pixels"":5444,""component_count"":1,""label_band_start_y"":66,""body_band_proxy_bbox"":[9,9,91,66],""label_band_proxy_bbox"":[11,66,89,93]}","{""bbox"":[14,10,86,88],""size"":[72,78],""center"":[50.0,49.0],""pixels"":4032,""component_count"":1,""label_band_start_y"":66,""body_band_proxy_bbox"":[14,10,86,66],""label_band_proxy_bbox"":[20,66,80,88]}",0.878049,0.928571,"[0.0,-2.0]",0.121951,True,"[82,57]","[72,56]",0.878049,0.982456,0.121951,True,"[78,27]","[60,22]",0.769231,0.814815,0.230769,True
base_low,base,low,1,base_detail,16,close,閉じる,닫기,4,117,"{""bbox"":[9,9,91,93],""size"":[82,84],""center"":[50.0,51.0],""pixels"":5444,""component_count"":1,""label_band_start_y"":66,""body_band_proxy_bbox"":[9,9,91,66],""label_band_proxy_bbox"":[11,66,89,93]}","{""bbox"":[14,10,86,88],""size"":[72,78],""center"":[50.0,49.0],""pixels"":4003,""component_count"":1,""label_band_start_y"":66,""body_band_proxy_bbox"":[14,10,86,66],""label_band_proxy_bbox"":[20,66,80,88]}",0.878049,0.928571,"[0.0,-2.0]",0.121951,True,"[82,57]","[72,56]",0.878049,0.982456,0.121951,True,"[78,27]","[60,22]",0.769231,0.814815,0.230769,True
base_low,base,low,1,base_detail,16,close,閉じる,닫기,5,118,"{""bbox"":[9,9,91,93],""size"":[82,84],""center"":[50.0,51.0],""pixels"":5442,""component_count"":1,""label_band_start_y"":66,""body_band_proxy_bbox"":[9,9,91,66],""label_band_proxy_bbox"":[11,66,89,93]}","{""bbox"":[14,10,85,88],""size"":[71,78],""center"":[49.5,49.0],""pixels"":3997,""component_count"":2,""label_band_start_y"":66,""body_band_proxy_bbox"":[14,10,85,66],""label_band_proxy_bbox"":[20,66,80,88]}",0.865854,0.928571,"[-0.5,-2.0]",0.134146,True,"[82,57]","[71,56]",0.865854,0.982456,0.134146,True,"[78,27]","[60,22]",0.769231,0.814815,0.230769,True
base_low,base,low,1,base_detail,16,close,閉じる,닫기,6,119,"{""bbox"":[9,9,91,93],""size"":[82,84],""center"":[50.0,51.0],""pixels"":5444,""component_count"":1,""label_band_start_y"":66,""body_band_proxy_bbox"":[9,9,91,66],""label_band_proxy_bbox"":[11,66,89,93]}","{""bbox"":[14,10,85,87],""size"":[71,77],""center"":[49.5,48.5],""pixels"":3916,""component_count"":1,""label_band_start_y"":66,""body_band_proxy_bbox"":[14,10,85,66],""label_band_proxy_bbox"":[20,66,79,87]}",0.865854,0.916667,"[-0.5,-2.5]",0.134146,True,"[82,57]","[71,56]",0.865854,0.982456,0.134146,True,"[78,27]","[59,21]",0.75641,0.777778,0.24359,True
base_low,base,low,1,base_detail,17,edit,編集,편집,1,120,"{""bbox"":[9,9,91,93],""size"":[82,84],""center"":[50.0,51.0],""pixels"":5319,""component_count"":1,""label_band_start_y"":66,""body_band_proxy_bbox"":[9,9,91,66],""label_band_proxy_bbox"":[11,66,89,93]}","{""bbox"":[13,10,86,87],""size"":[73,77],""center"":[49.5,48.5],""pixels"":4089,""component_count"":1,""label_band_start_y"":66,""body_band_proxy_bbox"":[13,10,86,66],""label_band_proxy_bbox"":[20,66,80,87]}",0.890244,0.916667,"[-0.5,-2.5]",0.109756,True,"[82,57]","[73,56]",0.890244,0.982456,0.109756,True,"[78,27]","[60,21]",0.769231,0.777778,0.230769,True
base_low,base,low,1,base_detail,17,edit,編集,편집,2,121,"{""bbox"":[9,9,91,93],""size"":[82,84],""center"":[50.0,51.0],""pixels"":5319,""component_count"":1,""label_band_start_y"":66,""body_band_proxy_bbox"":[9,9,91,66],""label_band_proxy_bbox"":[11,66,89,93]}","{""bbox"":[15,10,87,87],""size"":[72,77],""center"":[51.0,48.5],""pixels"":4091,""component_count"":1,""label_band_start_y"":66,""body_band_proxy_bbox"":[15,10,87,66],""label_band_proxy_bbox"":[20,66,80,87]}",0.878049,0.916667,"[1.0,-2.5]",0.121951,True,"[82,57]","[72,56]",0.878049,0.982456,0.121951,True,"[78,27]","[60,21]",0.769231,0.777778,0.230769,True
base_low,base,low,1,base_detail,17,edit,編集,편집,3,122,"{""bbox"":[9,9,91,93],""size"":[82,84],""center"":[50.0,51.0],""pixels"":5321,""component_count"":1,""label_band_start_y"":66,""body_band_proxy_bbox"":[9,9,91,66],""label_band_proxy_bbox"":[11,66,89,93]}","{""bbox"":[14,10,86,87],""size"":[72,77],""center"":[50.0,48.5],""pixels"":4056,""component_count"":2,""label_band_start_y"":66,""body_band_proxy_bbox"":[14,10,86,66],""label_band_proxy_bbox"":[20,66,80,87]}",0.878049,0.916667,"[0.0,-2.5]",0.121951,True,"[82,57]","[72,56]",0.878049,0.982456,0.121951,True,"[78,27]","[60,21]",0.769231,0.777778,0.230769,True
base_low,base,low,1,base_detail,17,edit,編集,편집,4,123,"{""bbox"":[9,9,91,93],""size"":[82,84],""center"":[50.0,51.0],""pixels"":5321,""component_count"":1,""label_band_start_y"":66,""body_band_proxy_bbox"":[9,9,91,66],""label_band_proxy_bbox"":[11,66,89,93]}","{""bbox"":[13,10,87,87],""size"":[74,77],""center"":[50.0,48.5],""pixels"":4077,""component_count"":1,""label_band_start_y"":66,""body_band_proxy_bbox"":[13,10,87,66],""label_band_proxy_bbox"":[20,66,80,87]}",0.902439,0.916667,"[0.0,-2.5]",0.097561,True,"[82,57]","[74,56]",0.902439,0.982456,0.097561,True,"[78,27]","[60,21]",0.769231,0.777778,0.230769,True
base_low,base,low,1,base_detail,17,edit,編集,편집,5,124,"{""bbox"":[9,9,91,93],""size"":[82,84],""center"":[50.0,51.0],""pixels"":5319,""component_count"":1,""label_band_start_y"":66,""body_band_proxy_bbox"":[9,9,91,66],""label_band_proxy_bbox"":[11,66,89,93]}","{""bbox"":[14,10,86,87],""size"":[72,77],""center"":[50.0,48.5],""pixels"":4052,""component_count"":1,""label_band_start_y"":66,""body_band_proxy_bbox"":[14,10,86,66],""label_band_proxy_bbox"":[20,66,79,87]}",0.878049,0.916667,"[0.0,-2.5]",0.121951,True,"[82,57]","[72,56]",0.878049,0.982456,0.121951,True,"[78,27]","[59,21]",0.75641,0.777778,0.24359,True
base_low,base,low,1,base_detail,17,edit,編集,편집,6,125,"{""bbox"":[9,9,91,93],""size"":[82,84],""center"":[50.0,51.0],""pixels"":5321,""component_count"":1,""label_band_start_y"":66,""body_band_proxy_bbox"":[9,9,91,66],""label_band_proxy_bbox"":[11,66,89,93]}","{""bbox"":[14,10,87,87],""size"":[73,77],""center"":[50.5,48.5],""pixels"":3956,""component_count"":1,""label_band_start_y"":66,""body_band_proxy_bbox"":[14,10,87,66],""label_band_proxy_bbox"":[20,66,80,87]}",0.890244,0.916667,"[0.5,-2.5]",0.109756,True,"[82,57]","[73,56]",0.890244,0.982456,0.109756,True,"[78,27]","[60,21]",0.769231,0.777778,0.230769,True
base_low,base,low,1,base_detail,18,release,解除,해제,1,126,"{""bbox"":[9,9,91,93],""size"":[82,84],""center"":[50.0,51.0],""pixels"":5312,""component_count"":1,""label_band_start_y"":66,""body_band_proxy_bbox"":[9,9,91,66],""label_band_proxy_bbox"":[11,66,89,93]}","{""bbox"":[14,10,87,85],""size"":[73,75],""center"":[50.5,47.5],""pixels"":4088,""component_count"":1,""label_band_start_y"":66,""body_band_proxy_bbox"":[14,10,87,66],""label_band_proxy_bbox"":[22,66,86,85]}",0.890244,0.892857,"[0.5,-3.5]",0.109756,True,"[82,57]","[73,56]",0.890244,0.982456,0.109756,True,"[78,27]","[64,19]",0.820513,0.703704,0.296296,True
base_low,base,low,1,base_detail,18,release,解除,해제,2,127,"{""bbox"":[9,9,91,93],""size"":[82,84],""center"":[50.0,51.0],""pixels"":5312,""component_count"":1,""label_band_start_y"":66,""body_band_proxy_bbox"":[9,9,91,66],""label_band_proxy_bbox"":[11,66,89,93]}","{""bbox"":[13,10,87,86],""size"":[74,76],""center"":[50.0,48.0],""pixels"":4096,""component_count"":2,""label_band_start_y"":66,""body_band_proxy_bbox"":[13,10,87,66],""label_band_proxy_bbox"":[20,66,86,86]}",0.902439,0.904762,"[0.0,-3.0]",0.097561,True,"[82,57]","[74,56]",0.902439,0.982456,0.097561,True,"[78,27]","[66,20]",0.846154,0.740741,0.259259,True
base_low,base,low,1,base_detail,18,release,解除,해제,3,128,"{""bbox"":[9,9,91,93],""size"":[82,84],""center"":[50.0,51.0],""pixels"":5315,""component_count"":1,""label_band_start_y"":66,""body_band_proxy_bbox"":[9,9,91,66],""label_band_proxy_bbox"":[11,66,89,93]}","{""bbox"":[13,10,86,86],""size"":[73,76],""center"":[49.5,48.0],""pixels"":4074,""component_count"":2,""label_band_start_y"":66,""body_band_proxy_bbox"":[13,10,86,66],""label_band_proxy_bbox"":[20,66,86,86]}",0.890244,0.904762,"[-0.5,-3.0]",0.109756,True,"[82,57]","[73,56]",0.890244,0.982456,0.109756,True,"[78,27]","[66,20]",0.846154,0.740741,0.259259,True
base_low,base,low,1,base_detail,18,release,解除,해제,4,129,"{""bbox"":[9,9,91,93],""size"":[82,84],""center"":[50.0,51.0],""pixels"":5315,""component_count"":1,""label_band_start_y"":66,""body_band_proxy_bbox"":[9,9,91,66],""label_band_proxy_bbox"":[11,66,89,93]}","{""bbox"":[14,10,87,85],""size"":[73,75],""center"":[50.5,47.5],""pixels"":4044,""component_count"":1,""label_band_start_y"":66,""body_band_proxy_bbox"":[14,10,87,66],""label_band_proxy_bbox"":[22,66,86,85]}",0.890244,0.892857,"[0.5,-3.5]",0.109756,True,"[82,57]","[73,56]",0.890244,0.982456,0.109756,True,"[78,27]","[64,19]",0.820513,0.703704,0.296296,True
base_low,base,low,1,base_detail,18,release,解除,해제,5,130,"{""bbox"":[9,9,91,93],""size"":[82,84],""center"":[50.0,51.0],""pixels"":5312,""component_count"":1,""label_band_start_y"":66,""body_band_proxy_bbox"":[9,9,91,66],""label_band_proxy_bbox"":[11,66,89,93]}","{""bbox"":[14,11,86,87],""size"":[72,76],""center"":[50.0,49.0],""pixels"":4071,""component_count"":1,""label_band_start_y"":66,""body_band_proxy_bbox"":[14,11,86,66],""label_band_proxy_bbox"":[21,66,86,87]}",0.878049,0.904762,"[0.0,-2.0]",0.121951,True,"[82,57]","[72,55]",0.878049,0.964912,0.121951,True,"[78,27]","[65,21]",0.833333,0.777778,0.222222,True
base_low,base,low,1,base_detail,18,release,解除,해제,6,131,"{""bbox"":[9,9,91,93],""size"":[82,84],""center"":[50.0,51.0],""pixels"":5315,""component_count"":1,""label_band_start_y"":66,""body_band_proxy_bbox"":[9,9,91,66],""label_band_proxy_bbox"":[11,66,89,93]}","{""bbox"":[13,10,87,85],""size"":[74,75],""center"":[50.0,47.5],""pixels"":4067,""component_count"":1,""label_band_start_y"":66,""body_band_proxy_bbox"":[13,10,87,66],""label_band_proxy_bbox"":[20,66,85,85]}",0.902439,0.892857,"[0.0,-3.5]",0.107143,True,"[82,57]","[74,56]",0.902439,0.982456,0.097561,True,"[78,27]","[65,19]",0.833333,0.703704,0.296296,True
base_low,base,low,1,base_detail,19,request_reinforcement,援軍要請,원군요청,1,132,"{""bbox"":[3,9,97,93],""size"":[94,84],""center"":[50.0,51.0],""pixels"":6078,""component_count"":1,""label_band_start_y"":66,""body_band_proxy_bbox"":[6,9,95,66],""label_band_proxy_bbox"":[3,66,97,93]}","{""bbox"":[11,10,88,87],""size"":[77,77],""center"":[49.5,48.5],""pixels"":4681,""component_count"":1,""label_band_start_y"":66,""body_band_proxy_bbox"":[13,10,88,66],""label_band_proxy_bbox"":[11,66,88,87]}",0.819149,0.916667,"[-0.5,-2.5]",0.180851,True,"[89,57]","[75,56]",0.842697,0.982456,0.157303,True,"[94,27]","[77,21]",0.819149,0.777778,0.222222,True
base_low,base,low,1,base_detail,19,request_reinforcement,援軍要請,원군요청,2,133,"{""bbox"":[3,9,97,93],""size"":[94,84],""center"":[50.0,51.0],""pixels"":6078,""component_count"":1,""label_band_start_y"":66,""body_band_proxy_bbox"":[6,9,95,66],""label_band_proxy_bbox"":[3,66,97,93]}","{""bbox"":[10,10,89,88],""size"":[79,78],""center"":[49.5,49.0],""pixels"":4763,""component_count"":1,""label_band_start_y"":66,""body_band_proxy_bbox"":[13,10,89,66],""label_band_proxy_bbox"":[10,66,89,88]}",0.840426,0.928571,"[-0.5,-2.0]",0.159574,True,"[89,57]","[76,56]",0.853933,0.982456,0.146067,True,"[94,27]","[79,22]",0.840426,0.814815,0.185185,True
base_low,base,low,1,base_detail,19,request_reinforcement,援軍要請,원군요청,3,134,"{""bbox"":[3,9,97,93],""size"":[94,84],""center"":[50.0,51.0],""pixels"":6081,""component_count"":1,""label_band_start_y"":66,""body_band_proxy_bbox"":[6,9,95,66],""label_band_proxy_bbox"":[3,66,97,93]}","{""bbox"":[10,10,88,88],""size"":[78,78],""center"":[49.0,49.0],""pixels"":4669,""component_count"":2,""label_band_start_y"":66,""body_band_proxy_bbox"":[13,10,88,66],""label_band_proxy_bbox"":[10,66,88,88]}",0.829787,0.928571,"[-1.0,-2.0]",0.170213,True,"[89,57]","[75,56]",0.842697,0.982456,0.157303,True,"[94,27]","[78,22]",0.829787,0.814815,0.185185,True
base_low,base,low,1,base_detail,19,request_reinforcement,援軍要請,원군요청,4,135,"{""bbox"":[3,9,97,93],""size"":[94,84],""center"":[50.0,51.0],""pixels"":6080,""component_count"":1,""label_band_start_y"":66,""body_band_proxy_bbox"":[6,9,95,66],""label_band_proxy_bbox"":[3,66,97,93]}","{""bbox"":[13,10,88,87],""size"":[75,77],""center"":[50.5,48.5],""pixels"":4494,""component_count"":2,""label_band_start_y"":66,""body_band_proxy_bbox"":[16,10,88,66],""label_band_proxy_bbox"":[13,66,88,87]}",0.797872,0.916667,"[0.5,-2.5]",0.202128,True,"[89,57]","[72,56]",0.808989,0.982456,0.191011,True,"[94,27]","[75,21]",0.797872,0.777778,0.222222,True
base_low,base,low,1,base_detail,19,request_reinforcement,援軍要請,원군요청,5,136,"{""bbox"":[3,9,97,93],""size"":[94,84],""center"":[50.0,51.0],""pixels"":6078,""component_count"":1,""label_band_start_y"":66,""body_band_proxy_bbox"":[6,9,95,66],""label_band_proxy_bbox"":[3,66,97,93]}","{""bbox"":[11,10,90,88],""size"":[79,78],""center"":[50.5,49.0],""pixels"":4778,""component_count"":4,""label_band_start_y"":66,""body_band_proxy_bbox"":[14,10,89,66],""label_band_proxy_bbox"":[11,66,90,88]}",0.840426,0.928571,"[0.5,-2.0]",0.159574,True,"[89,57]","[75,56]",0.842697,0.982456,0.157303,True,"[94,27]","[79,22]",0.840426,0.814815,0.185185,True
base_low,base,low,1,base_detail,19,request_reinforcement,援軍要請,원군요청,6,137,"{""bbox"":[3,9,97,93],""size"":[94,84],""center"":[50.0,51.0],""pixels"":6080,""component_count"":1,""label_band_start_y"":66,""body_band_proxy_bbox"":[6,9,95,66],""label_band_proxy_bbox"":[3,66,97,93]}","{""bbox"":[13,10,87,86],""size"":[74,76],""center"":[50.0,48.0],""pixels"":4449,""component_count"":1,""label_band_start_y"":66,""body_band_proxy_bbox"":[15,10,87,66],""label_band_proxy_bbox"":[13,66,87,86]}",0.787234,0.904762,"[0.0,-3.0]",0.212766,True,"[89,57]","[72,56]",0.808989,0.982456,0.191011,True,"[94,27]","[74,20]",0.787234,0.740741,0.259259,True
base_low,base,low,1,base_detail,20,cancel_reinforcement,援軍取消,원군취소,1,138,"{""bbox"":[3,9,95,93],""size"":[92,84],""center"":[49.0,51.0],""pixels"":6050,""component_count"":1,""label_band_start_y"":66,""body_band_proxy_bbox"":[6,9,95,66],""label_band_proxy_bbox"":[3,66,95,93]}","{""bbox"":[12,11,89,87],""size"":[77,76],""center"":[50.5,49.0],""pixels"":4534,""component_count"":3,""label_band_start_y"":66,""body_band_proxy_bbox"":[15,11,87,66],""label_band_proxy_bbox"":[12,66,89,87]}",0.836957,0.904762,"[1.5,-2.0]",0.163043,True,"[89,57]","[72,55]",0.808989,0.964912,0.191011,True,"[92,27]","[77,21]",0.836957,0.777778,0.222222,True
base_low,base,low,1,base_detail,20,cancel_reinforcement,援軍取消,원군취소,2,139,"{""bbox"":[3,9,95,93],""size"":[92,84],""center"":[49.0,51.0],""pixels"":6050,""component_count"":1,""label_band_start_y"":66,""body_band_proxy_bbox"":[6,9,95,66],""label_band_proxy_bbox"":[3,66,95,93]}","{""bbox"":[12,11,89,87],""size"":[77,76],""center"":[50.5,49.0],""pixels"":4524,""component_count"":2,""label_band_start_y"":66,""body_band_proxy_bbox"":[14,11,87,66],""label_band_proxy_bbox"":[12,66,89,87]}",0.836957,0.904762,"[1.5,-2.0]",0.163043,True,"[89,57]","[73,55]",0.820225,0.964912,0.179775,True,"[92,27]","[77,21]",0.836957,0.777778,0.222222,True
base_low,base,low,1,base_detail,20,cancel_reinforcement,援軍取消,원군취소,3,140,"{""bbox"":[3,9,95,93],""size"":[92,84],""center"":[49.0,51.0],""pixels"":6053,""component_count"":1,""label_band_start_y"":66,""body_band_proxy_bbox"":[6,9,95,66],""label_band_proxy_bbox"":[3,66,95,93]}","{""bbox"":[12,11,89,87],""size"":[77,76],""center"":[50.5,49.0],""pixels"":4537,""component_count"":2,""label_band_start_y"":66,""body_band_proxy_bbox"":[13,11,87,66],""label_band_proxy_bbox"":[12,66,89,87]}",0.836957,0.904762,"[1.5,-2.0]",0.163043,True,"[89,57]","[74,55]",0.831461,0.964912,0.168539,True,"[92,27]","[77,21]",0.836957,0.777778,0.222222,True
base_low,base,low,1,base_detail,20,cancel_reinforcement,援軍取消,원군취소,4,141,"{""bbox"":[3,9,95,93],""size"":[92,84],""center"":[49.0,51.0],""pixels"":6052,""component_count"":1,""label_band_start_y"":66,""body_band_proxy_bbox"":[6,9,95,66],""label_band_proxy_bbox"":[3,66,95,93]}","{""bbox"":[12,12,87,87],""size"":[75,75],""center"":[49.5,49.5],""pixels"":4360,""component_count"":1,""label_band_start_y"":66,""body_band_proxy_bbox"":[15,12,86,66],""label_band_proxy_bbox"":[12,66,87,87]}",0.815217,0.892857,"[0.5,-1.5]",0.184783,True,"[89,57]","[71,54]",0.797753,0.947368,0.202247,True,"[92,27]","[75,21]",0.815217,0.777778,0.222222,True
base_low,base,low,1,base_detail,20,cancel_reinforcement,援軍取消,원군취소,5,142,"{""bbox"":[3,9,95,93],""size"":[92,84],""center"":[49.0,51.0],""pixels"":6050,""component_count"":1,""label_band_start_y"":66,""body_band_proxy_bbox"":[6,9,95,66],""label_band_proxy_bbox"":[3,66,95,93]}","{""bbox"":[12,11,89,87],""size"":[77,76],""center"":[50.5,49.0],""pixels"":4510,""component_count"":3,""label_band_start_y"":66,""body_band_proxy_bbox"":[15,11,87,66],""label_band_proxy_bbox"":[12,66,89,87]}",0.836957,0.904762,"[1.5,-2.0]",0.163043,True,"[89,57]","[72,55]",0.808989,0.964912,0.191011,True,"[92,27]","[77,21]",0.836957,0.777778,0.222222,True
base_low,base,low,1,base_detail,20,cancel_reinforcement,援軍取消,원군취소,6,143,"{""bbox"":[3,9,95,93],""size"":[92,84],""center"":[49.0,51.0],""pixels"":6052,""component_count"":1,""label_band_start_y"":66,""body_band_proxy_bbox"":[6,9,95,66],""label_band_proxy_bbox"":[3,66,95,93]}","{""bbox"":[12,12,87,87],""size"":[75,75],""center"":[49.5,49.5],""pixels"":4384,""component_count"":1,""label_band_start_y"":66,""body_band_proxy_bbox"":[14,12,86,66],""label_band_proxy_bbox"":[12,66,87,87]}",0.815217,0.892857,"[0.5,-1.5]",0.184783,True,"[89,57]","[72,54]",0.808989,0.947368,0.191011,True,"[92,27]","[75,21]",0.815217,0.777778,0.222222,True
base_low,base,low,1,base_detail,21,local_clan_info,国衆情報,국인정보,1,144,"{""bbox"":[3,9,97,93],""size"":[94,84],""center"":[50.0,51.0],""pixels"":6069,""component_count"":1,""label_band_start_y"":66,""body_band_proxy_bbox"":[3,9,94,66],""label_band_proxy_bbox"":[3,66,97,93]}","{""bbox"":[11,10,89,87],""size"":[78,77],""center"":[50.0,48.5],""pixels"":4607,""component_count"":3,""label_band_start_y"":66,""body_band_proxy_bbox"":[13,10,87,66],""label_band_proxy_bbox"":[11,66,89,87]}",0.829787,0.916667,"[0.0,-2.5]",0.170213,True,"[91,57]","[74,56]",0.813187,0.982456,0.186813,True,"[94,27]","[78,21]",0.829787,0.777778,0.222222,True
base_low,base,low,1,base_detail,21,local_clan_info,国衆情報,국인정보,2,145,"{""bbox"":[3,9,97,93],""size"":[94,84],""center"":[50.0,51.0],""pixels"":6069,""component_count"":1,""label_band_start_y"":66,""body_band_proxy_bbox"":[3,9,94,66],""label_band_proxy_bbox"":[3,66,97,93]}","{""bbox"":[9,10,89,87],""size"":[80,77],""center"":[49.0,48.5],""pixels"":4625,""component_count"":2,""label_band_start_y"":66,""body_band_proxy_bbox"":[12,10,85,66],""label_band_proxy_bbox"":[9,66,89,87]}",0.851064,0.916667,"[-1.0,-2.5]",0.148936,True,"[91,57]","[73,56]",0.802198,0.982456,0.197802,True,"[94,27]","[80,21]",0.851064,0.777778,0.222222,True
base_low,base,low,1,base_detail,21,local_clan_info,国衆情報,국인정보,3,146,"{""bbox"":[3,9,97,93],""size"":[94,84],""center"":[50.0,51.0],""pixels"":6071,""component_count"":1,""label_band_start_y"":66,""body_band_proxy_bbox"":[3,9,94,66],""label_band_proxy_bbox"":[3,66,97,93]}","{""bbox"":[9,10,89,88],""size"":[80,78],""center"":[49.0,49.0],""pixels"":4629,""component_count"":1,""label_band_start_y"":66,""body_band_proxy_bbox"":[12,10,85,66],""label_band_proxy_bbox"":[9,66,89,88]}",0.851064,0.928571,"[-1.0,-2.0]",0.148936,True,"[91,57]","[73,56]",0.802198,0.982456,0.197802,True,"[94,27]","[80,22]",0.851064,0.814815,0.185185,True
base_low,base,low,1,base_detail,21,local_clan_info,国衆情報,국인정보,4,147,"{""bbox"":[3,9,97,93],""size"":[94,84],""center"":[50.0,51.0],""pixels"":6071,""component_count"":1,""label_band_start_y"":66,""body_band_proxy_bbox"":[3,9,94,66],""label_band_proxy_bbox"":[3,66,97,93]}","{""bbox"":[12,10,88,87],""size"":[76,77],""center"":[50.0,48.5],""pixels"":4494,""component_count"":3,""label_band_start_y"":66,""body_band_proxy_bbox"":[15,10,86,66],""label_band_proxy_bbox"":[12,66,88,87]}",0.808511,0.916667,"[0.0,-2.5]",0.191489,True,"[91,57]","[71,56]",0.78022,0.982456,0.21978,True,"[94,27]","[76,21]",0.808511,0.777778,0.222222,True
base_low,base,low,1,base_detail,21,local_clan_info,国衆情報,국인정보,5,148,"{""bbox"":[3,9,97,93],""size"":[94,84],""center"":[50.0,51.0],""pixels"":6069,""component_count"":1,""label_band_start_y"":66,""body_band_proxy_bbox"":[3,9,94,66],""label_band_proxy_bbox"":[3,66,97,93]}","{""bbox"":[9,10,90,87],""size"":[81,77],""center"":[49.5,48.5],""pixels"":4608,""component_count"":1,""label_band_start_y"":66,""body_band_proxy_bbox"":[14,10,86,66],""label_band_proxy_bbox"":[9,66,90,87]}",0.861702,0.916667,"[-0.5,-2.5]",0.138298,True,"[91,57]","[72,56]",0.791209,0.982456,0.208791,True,"[94,27]","[81,21]",0.861702,0.777778,0.222222,True
base_low,base,low,1,base_detail,21,local_clan_info,国衆情報,국인정보,6,149,"{""bbox"":[3,9,97,93],""size"":[94,84],""center"":[50.0,51.0],""pixels"":6071,""component_count"":1,""label_band_start_y"":66,""body_band_proxy_bbox"":[3,9,94,66],""label_band_proxy_bbox"":[3,66,97,93]}","{""bbox"":[11,10,88,87],""size"":[77,77],""center"":[49.5,48.5],""pixels"":4539,""component_count"":4,""label_band_start_y"":66,""body_band_proxy_bbox"":[13,10,87,66],""label_band_proxy_bbox"":[11,66,88,87]}",0.819149,0.916667,"[-0.5,-2.5]",0.180851,True,"[91,57]","[74,56]",0.813187,0.982456,0.186813,True,"[94,27]","[77,21]",0.819149,0.777778,0.222222,True
base_low,base,low,1,base_detail,22,placate_local_clan,国衆懐柔,국인회유,1,150,"{""bbox"":[4,9,97,93],""size"":[93,84],""center"":[50.5,51.0],""pixels"":6033,""component_count"":1,""label_band_start_y"":66,""body_band_proxy_bbox"":[4,9,93,66],""label_band_proxy_bbox"":[4,66,97,93]}","{""bbox"":[13,10,88,87],""size"":[75,77],""center"":[50.5,48.5],""pixels"":4505,""component_count"":1,""label_band_start_y"":66,""body_band_proxy_bbox"":[15,10,85,66],""label_band_proxy_bbox"":[13,66,88,87]}",0.806452,0.916667,"[0.0,-2.5]",0.193548,True,"[89,57]","[70,56]",0.786517,0.982456,0.213483,True,"[93,27]","[75,21]",0.806452,0.777778,0.222222,True
base_low,base,low,1,base_detail,22,placate_local_clan,国衆懐柔,국인회유,2,151,"{""bbox"":[4,9,97,93],""size"":[93,84],""center"":[50.5,51.0],""pixels"":6033,""component_count"":1,""label_band_start_y"":66,""body_band_proxy_bbox"":[4,9,93,66],""label_band_proxy_bbox"":[4,66,97,93]}","{""bbox"":[12,10,89,88],""size"":[77,78],""center"":[50.5,49.0],""pixels"":4565,""component_count"":1,""label_band_start_y"":66,""body_band_proxy_bbox"":[15,10,85,66],""label_band_proxy_bbox"":[12,66,89,88]}",0.827957,0.928571,"[0.0,-2.0]",0.172043,True,"[89,57]","[70,56]",0.786517,0.982456,0.213483,True,"[93,27]","[77,22]",0.827957,0.814815,0.185185,True
base_low,base,low,1,base_detail,22,placate_local_clan,国衆懐柔,국인회유,3,152,"{""bbox"":[4,9,97,93],""size"":[93,84],""center"":[50.5,51.0],""pixels"":6036,""component_count"":1,""label_band_start_y"":66,""body_band_proxy_bbox"":[4,9,93,66],""label_band_proxy_bbox"":[4,66,97,93]}","{""bbox"":[13,10,90,87],""size"":[77,77],""center"":[51.5,48.5],""pixels"":4500,""component_count"":1,""label_band_start_y"":66,""body_band_proxy_bbox"":[16,10,85,66],""label_band_proxy_bbox"":[13,66,90,87]}",0.827957,0.916667,"[1.0,-2.5]",0.172043,True,"[89,57]","[69,56]",0.775281,0.982456,0.224719,True,"[93,27]","[77,21]",0.827957,0.777778,0.222222,True
base_low,base,low,1,base_detail,22,placate_local_clan,国衆懐柔,국인회유,4,153,"{""bbox"":[4,9,97,93],""size"":[93,84],""center"":[50.5,51.0],""pixels"":6035,""component_count"":1,""label_band_start_y"":66,""body_band_proxy_bbox"":[4,9,93,66],""label_band_proxy_bbox"":[4,66,97,93]}","{""bbox"":[13,10,88,88],""size"":[75,78],""center"":[50.5,49.0],""pixels"":4570,""component_count"":1,""label_band_start_y"":66,""body_band_proxy_bbox"":[15,10,87,66],""label_band_proxy_bbox"":[13,66,88,88]}",0.806452,0.928571,"[0.0,-2.0]",0.193548,True,"[89,57]","[72,56]",0.808989,0.982456,0.191011,True,"[93,27]","[75,22]",0.806452,0.814815,0.193548,True
base_low,base,low,1,base_detail,22,placate_local_clan,国衆懐柔,국인회유,5,154,"{""bbox"":[4,9,97,93],""size"":[93,84],""center"":[50.5,51.0],""pixels"":6033,""component_count"":1,""label_band_start_y"":66,""body_band_proxy_bbox"":[4,9,93,66],""label_band_proxy_bbox"":[4,66,97,93]}","{""bbox"":[12,10,88,88],""size"":[76,78],""center"":[50.0,49.0],""pixels"":4520,""component_count"":1,""label_band_start_y"":66,""body_band_proxy_bbox"":[16,10,85,66],""label_band_proxy_bbox"":[12,66,88,88]}",0.817204,0.928571,"[-0.5,-2.0]",0.182796,True,"[89,57]","[69,56]",0.775281,0.982456,0.224719,True,"[93,27]","[76,22]",0.817204,0.814815,0.185185,True
base_low,base,low,1,base_detail,22,placate_local_clan,国衆懐柔,국인회유,6,155,"{""bbox"":[4,9,97,93],""size"":[93,84],""center"":[50.5,51.0],""pixels"":6035,""component_count"":1,""label_band_start_y"":66,""body_band_proxy_bbox"":[4,9,93,66],""label_band_proxy_bbox"":[4,66,97,93]}","{""bbox"":[12,10,87,87],""size"":[75,77],""center"":[49.5,48.5],""pixels"":4524,""component_count"":1,""label_band_start_y"":66,""body_band_proxy_bbox"":[15,10,85,66],""label_band_proxy_bbox"":[12,66,87,87]}",0.806452,0.916667,"[-1.0,-2.5]",0.193548,True,"[89,57]","[70,56]",0.786517,0.982456,0.213483,True,"[93,27]","[75,21]",0.806452,0.777778,0.222222,True
base_low,base,low,1,base_detail,23,absorb_local_clan,国衆取込,국인포섭,1,156,"{""bbox"":[4,9,97,93],""size"":[93,84],""center"":[50.5,51.0],""pixels"":5991,""component_count"":1,""label_band_start_y"":66,""body_band_proxy_bbox"":[4,9,91,66],""label_band_proxy_bbox"":[4,66,97,93]}","{""bbox"":[11,11,87,86],""size"":[76,75],""center"":[49.0,48.5],""pixels"":4346,""component_count"":1,""label_band_start_y"":66,""body_band_proxy_bbox"":[13,11,87,66],""label_band_proxy_bbox"":[11,66,83,86]}",0.817204,0.892857,"[-1.5,-2.5]",0.182796,True,"[87,57]","[74,55]",0.850575,0.964912,0.149425,True,"[93,27]","[72,20]",0.774194,0.740741,0.259259,True
base_low,base,low,1,base_detail,23,absorb_local_clan,国衆取込,국인포섭,2,157,"{""bbox"":[4,9,97,93],""size"":[93,84],""center"":[50.5,51.0],""pixels"":5991,""component_count"":1,""label_band_start_y"":66,""body_band_proxy_bbox"":[4,9,91,66],""label_band_proxy_bbox"":[4,66,97,93]}","{""bbox"":[12,10,87,87],""size"":[75,77],""center"":[49.5,48.5],""pixels"":4528,""component_count"":2,""label_band_start_y"":66,""body_band_proxy_bbox"":[14,10,87,66],""label_band_proxy_bbox"":[12,66,85,87]}",0.806452,0.916667,"[-1.0,-2.5]",0.193548,True,"[87,57]","[73,56]",0.83908,0.982456,0.16092,True,"[93,27]","[73,21]",0.784946,0.777778,0.222222,True
base_low,base,low,1,base_detail,23,absorb_local_clan,国衆取込,국인포섭,3,158,"{""bbox"":[4,9,97,93],""size"":[93,84],""center"":[50.5,51.0],""pixels"":5993,""component_count"":1,""label_band_start_y"":66,""body_band_proxy_bbox"":[4,9,91,66],""label_band_proxy_bbox"":[4,66,97,93]}","{""bbox"":[11,10,86,87],""size"":[75,77],""center"":[48.5,48.5],""pixels"":4519,""component_count"":3,""label_band_start_y"":66,""body_band_proxy_bbox"":[14,10,86,66],""label_band_proxy_bbox"":[11,66,84,87]}",0.806452,0.916667,"[-2.0,-2.5]",0.193548,True,"[87,57]","[72,56]",0.827586,0.982456,0.172414,True,"[93,27]","[73,21]",0.784946,0.777778,0.222222,True
base_low,base,low,1,base_detail,23,absorb_local_clan,国衆取込,국인포섭,4,159,"{""bbox"":[4,9,97,93],""size"":[93,84],""center"":[50.5,51.0],""pixels"":5993,""component_count"":1,""label_band_start_y"":66,""body_band_proxy_bbox"":[4,9,91,66],""label_band_proxy_bbox"":[4,66,97,93]}","{""bbox"":[12,11,87,86],""size"":[75,75],""center"":[49.5,48.5],""pixels"":4333,""component_count"":1,""label_band_start_y"":66,""body_band_proxy_bbox"":[13,11,87,66],""label_band_proxy_bbox"":[12,66,84,86]}",0.806452,0.892857,"[-1.0,-2.5]",0.193548,True,"[87,57]","[74,55]",0.850575,0.964912,0.149425,True,"[93,27]","[72,20]",0.774194,0.740741,0.259259,True
base_low,base,low,1,base_detail,23,absorb_local_clan,国衆取込,국인포섭,5,160,"{""bbox"":[4,9,97,93],""size"":[93,84],""center"":[50.5,51.0],""pixels"":5991,""component_count"":1,""label_band_start_y"":66,""body_band_proxy_bbox"":[4,9,91,66],""label_band_proxy_bbox"":[4,66,97,93]}","{""bbox"":[12,10,87,87],""size"":[75,77],""center"":[49.5,48.5],""pixels"":4497,""component_count"":2,""label_band_start_y"":66,""body_band_proxy_bbox"":[15,10,87,66],""label_band_proxy_bbox"":[12,66,85,87]}",0.806452,0.916667,"[-1.0,-2.5]",0.193548,True,"[87,57]","[72,56]",0.827586,0.982456,0.172414,True,"[93,27]","[73,21]",0.784946,0.777778,0.222222,True
base_low,base,low,1,base_detail,23,absorb_local_clan,国衆取込,국인포섭,6,161,"{""bbox"":[4,9,97,93],""size"":[93,84],""center"":[50.5,51.0],""pixels"":5993,""component_count"":1,""label_band_start_y"":66,""body_band_proxy_bbox"":[4,9,91,66],""label_band_proxy_bbox"":[4,66,97,93]}","{""bbox"":[11,10,87,87],""size"":[76,77],""center"":[49.0,48.5],""pixels"":4521,""component_count"":2,""label_band_start_y"":66,""body_band_proxy_bbox"":[13,10,87,66],""label_band_proxy_bbox"":[11,66,84,87]}",0.817204,0.916667,"[-1.5,-2.5]",0.182796,True,"[87,57]","[74,56]",0.850575,0.982456,0.149425,True,"[93,27]","[73,21]",0.784946,0.777778,0.222222,True
base_low,base,low,1,base_detail,24,castle_info,城情報,성정보,1,162,"{""bbox"":[9,9,91,93],""size"":[82,84],""center"":[50.0,51.0],""pixels"":5576,""component_count"":1,""label_band_start_y"":66,""body_band_proxy_bbox"":[9,9,91,66],""label_band_proxy_bbox"":[11,66,89,93]}","{""bbox"":[26,10,83,69],""size"":[57,59],""center"":[54.5,39.5],""pixels"":2560,""component_count"":1,""label_band_start_y"":66,""body_band_proxy_bbox"":[26,10,83,66],""label_band_proxy_bbox"":[34,66,69,69]}",0.695122,0.702381,"[4.5,-11.5]",0.304878,True,"[82,57]","[57,56]",0.695122,0.982456,0.304878,True,"[78,27]","[35,3]",0.448718,0.111111,0.888889,True
base_low,base,low,1,base_detail,24,castle_info,城情報,성정보,2,163,"{""bbox"":[9,9,91,93],""size"":[82,84],""center"":[50.0,51.0],""pixels"":5576,""component_count"":1,""label_band_start_y"":66,""body_band_proxy_bbox"":[9,9,91,66],""label_band_proxy_bbox"":[11,66,89,93]}","{""bbox"":[13,10,86,88],""size"":[73,78],""center"":[49.5,49.0],""pixels"":4320,""component_count"":2,""label_band_start_y"":66,""body_band_proxy_bbox"":[13,10,86,66],""label_band_proxy_bbox"":[18,66,81,88]}",0.890244,0.928571,"[-0.5,-2.0]",0.109756,True,"[82,57]","[73,56]",0.890244,0.982456,0.109756,True,"[78,27]","[63,22]",0.807692,0.814815,0.192308,True
base_low,base,low,1,base_detail,24,castle_info,城情報,성정보,3,164,"{""bbox"":[9,9,91,93],""size"":[82,84],""center"":[50.0,51.0],""pixels"":5578,""component_count"":1,""label_band_start_y"":66,""body_band_proxy_bbox"":[9,9,91,66],""label_band_proxy_bbox"":[11,66,89,93]}","{""bbox"":[14,10,87,88],""size"":[73,78],""center"":[50.5,49.0],""pixels"":4376,""component_count"":1,""label_band_start_y"":66,""body_band_proxy_bbox"":[14,10,87,66],""label_band_proxy_bbox"":[18,66,81,88]}",0.890244,0.928571,"[0.5,-2.0]",0.109756,True,"[82,57]","[73,56]",0.890244,0.982456,0.109756,True,"[78,27]","[63,22]",0.807692,0.814815,0.192308,True
base_low,base,low,1,base_detail,24,castle_info,城情報,성정보,4,165,"{""bbox"":[9,9,91,93],""size"":[82,84],""center"":[50.0,51.0],""pixels"":5578,""component_count"":1,""label_band_start_y"":66,""body_band_proxy_bbox"":[9,9,91,66],""label_band_proxy_bbox"":[11,66,89,93]}","{""bbox"":[14,10,87,87],""size"":[73,77],""center"":[50.5,48.5],""pixels"":4223,""component_count"":1,""label_band_start_y"":66,""body_band_proxy_bbox"":[14,10,87,66],""label_band_proxy_bbox"":[18,66,80,87]}",0.890244,0.916667,"[0.5,-2.5]",0.109756,True,"[82,57]","[73,56]",0.890244,0.982456,0.109756,True,"[78,27]","[62,21]",0.794872,0.777778,0.222222,True
base_low,base,low,1,base_detail,24,castle_info,城情報,성정보,5,166,"{""bbox"":[9,9,91,93],""size"":[82,84],""center"":[50.0,51.0],""pixels"":5576,""component_count"":1,""label_band_start_y"":66,""body_band_proxy_bbox"":[9,9,91,66],""label_band_proxy_bbox"":[11,66,89,93]}","{""bbox"":[13,10,87,87],""size"":[74,77],""center"":[50.0,48.5],""pixels"":4301,""component_count"":1,""label_band_start_y"":66,""body_band_proxy_bbox"":[13,10,87,66],""label_band_proxy_bbox"":[16,66,81,87]}",0.902439,0.916667,"[0.0,-2.5]",0.097561,True,"[82,57]","[74,56]",0.902439,0.982456,0.097561,True,"[78,27]","[65,21]",0.833333,0.777778,0.222222,True
base_low,base,low,1,base_detail,24,castle_info,城情報,성정보,6,167,"{""bbox"":[9,9,91,93],""size"":[82,84],""center"":[50.0,51.0],""pixels"":5578,""component_count"":1,""label_band_start_y"":66,""body_band_proxy_bbox"":[9,9,91,66],""label_band_proxy_bbox"":[11,66,89,93]}","{""bbox"":[13,10,87,88],""size"":[74,78],""center"":[50.0,49.0],""pixels"":4299,""component_count"":1,""label_band_start_y"":66,""body_band_proxy_bbox"":[13,10,87,66],""label_band_proxy_bbox"":[18,66,81,88]}",0.902439,0.928571,"[0.0,-2.0]",0.097561,True,"[82,57]","[74,56]",0.902439,0.982456,0.097561,True,"[78,27]","[63,22]",0.807692,0.814815,0.192308,True
base_low,base,low,1,base_detail,25,move,移動,이동,1,168,"{""bbox"":[9,9,91,93],""size"":[82,84],""center"":[50.0,51.0],""pixels"":5304,""component_count"":1,""label_band_start_y"":66,""body_band_proxy_bbox"":[9,9,91,66],""label_band_proxy_bbox"":[11,66,89,93]}","{""bbox"":[15,10,87,86],""size"":[72,76],""center"":[51.0,48.0],""pixels"":3934,""component_count"":1,""label_band_start_y"":66,""body_band_proxy_bbox"":[15,10,87,66],""label_band_proxy_bbox"":[21,66,80,86]}",0.878049,0.904762,"[1.0,-3.0]",0.121951,True,"[82,57]","[72,56]",0.878049,0.982456,0.121951,True,"[78,27]","[59,20]",0.75641,0.740741,0.259259,True
base_low,base,low,1,base_detail,25,move,移動,이동,2,169,"{""bbox"":[9,9,91,93],""size"":[82,84],""center"":[50.0,51.0],""pixels"":5304,""component_count"":1,""label_band_start_y"":66,""body_band_proxy_bbox"":[9,9,91,66],""label_band_proxy_bbox"":[11,66,89,93]}","{""bbox"":[14,10,87,88],""size"":[73,78],""center"":[50.5,49.0],""pixels"":4023,""component_count"":1,""label_band_start_y"":66,""body_band_proxy_bbox"":[14,10,87,66],""label_band_proxy_bbox"":[23,66,79,88]}",0.890244,0.928571,"[0.5,-2.0]",0.109756,True,"[82,57]","[73,56]",0.890244,0.982456,0.109756,True,"[78,27]","[56,22]",0.717949,0.814815,0.282051,True
base_low,base,low,1,base_detail,25,move,移動,이동,3,170,"{""bbox"":[9,9,91,93],""size"":[82,84],""center"":[50.0,51.0],""pixels"":5306,""component_count"":1,""label_band_start_y"":66,""body_band_proxy_bbox"":[9,9,91,66],""label_band_proxy_bbox"":[11,66,89,93]}","{""bbox"":[13,10,86,88],""size"":[73,78],""center"":[49.5,49.0],""pixels"":4030,""component_count"":3,""label_band_start_y"":66,""body_band_proxy_bbox"":[13,10,86,66],""label_band_proxy_bbox"":[19,66,80,88]}",0.890244,0.928571,"[-0.5,-2.0]",0.109756,True,"[82,57]","[73,56]",0.890244,0.982456,0.109756,True,"[78,27]","[61,22]",0.782051,0.814815,0.217949,True
base_low,base,low,1,base_detail,25,move,移動,이동,4,171,"{""bbox"":[9,9,91,93],""size"":[82,84],""center"":[50.0,51.0],""pixels"":5306,""component_count"":1,""label_band_start_y"":66,""body_band_proxy_bbox"":[9,9,91,66],""label_band_proxy_bbox"":[11,66,89,93]}","{""bbox"":[15,10,87,87],""size"":[72,77],""center"":[51.0,48.5],""pixels"":3920,""component_count"":1,""label_band_start_y"":66,""body_band_proxy_bbox"":[15,10,87,66],""label_band_proxy_bbox"":[23,66,78,87]}",0.878049,0.916667,"[1.0,-2.5]",0.121951,True,"[82,57]","[72,56]",0.878049,0.982456,0.121951,True,"[78,27]","[55,21]",0.705128,0.777778,0.294872,True
base_low,base,low,1,base_detail,25,move,移動,이동,5,172,"{""bbox"":[9,9,91,93],""size"":[82,84],""center"":[50.0,51.0],""pixels"":5304,""component_count"":1,""label_band_start_y"":66,""body_band_proxy_bbox"":[9,9,91,66],""label_band_proxy_bbox"":[11,66,89,93]}","{""bbox"":[14,10,87,87],""size"":[73,77],""center"":[50.5,48.5],""pixels"":4005,""component_count"":1,""label_band_start_y"":66,""body_band_proxy_bbox"":[14,10,87,66],""label_band_proxy_bbox"":[23,66,81,87]}",0.890244,0.916667,"[0.5,-2.5]",0.109756,True,"[82,57]","[73,56]",0.890244,0.982456,0.109756,True,"[78,27]","[58,21]",0.74359,0.777778,0.25641,True
base_low,base,low,1,base_detail,25,move,移動,이동,6,173,"{""bbox"":[9,9,91,93],""size"":[82,84],""center"":[50.0,51.0],""pixels"":5306,""component_count"":1,""label_band_start_y"":66,""body_band_proxy_bbox"":[9,9,91,66],""label_band_proxy_bbox"":[11,66,89,93]}","{""bbox"":[14,10,87,87],""size"":[73,77],""center"":[50.5,48.5],""pixels"":3939,""component_count"":1,""label_band_start_y"":66,""body_band_proxy_bbox"":[14,10,87,66],""label_band_proxy_bbox"":[21,66,80,87]}",0.890244,0.916667,"[0.5,-2.5]",0.109756,True,"[82,57]","[73,56]",0.890244,0.982456,0.109756,True,"[78,27]","[59,21]",0.75641,0.777778,0.24359,True
base_low,base,low,1,base_detail,26,sortie,出陣,출진,1,174,"{""bbox"":[9,9,91,93],""size"":[82,84],""center"":[50.0,51.0],""pixels"":5296,""component_count"":1,""label_band_start_y"":66,""body_band_proxy_bbox"":[9,9,91,66],""label_band_proxy_bbox"":[11,66,89,93]}","{""bbox"":[14,13,86,87],""size"":[72,74],""center"":[50.0,50.0],""pixels"":3835,""component_count"":1,""label_band_start_y"":66,""body_band_proxy_bbox"":[14,13,86,66],""label_band_proxy_bbox"":[21,66,79,87]}",0.878049,0.880952,"[0.0,-1.0]",0.121951,True,"[82,57]","[72,53]",0.878049,0.929825,0.121951,True,"[78,27]","[58,21]",0.74359,0.777778,0.25641,True
base_low,base,low,1,base_detail,26,sortie,出陣,출진,2,175,"{""bbox"":[9,9,91,93],""size"":[82,84],""center"":[50.0,51.0],""pixels"":5296,""component_count"":1,""label_band_start_y"":66,""body_band_proxy_bbox"":[9,9,91,66],""label_band_proxy_bbox"":[11,66,89,93]}","{""bbox"":[14,13,86,87],""size"":[72,74],""center"":[50.0,50.0],""pixels"":3938,""component_count"":1,""label_band_start_y"":66,""body_band_proxy_bbox"":[14,13,86,66],""label_band_proxy_bbox"":[21,66,80,87]}",0.878049,0.880952,"[0.0,-1.0]",0.121951,True,"[82,57]","[72,53]",0.878049,0.929825,0.121951,True,"[78,27]","[59,21]",0.75641,0.777778,0.24359,True
base_low,base,low,1,base_detail,26,sortie,出陣,출진,3,176,"{""bbox"":[9,9,91,93],""size"":[82,84],""center"":[50.0,51.0],""pixels"":5298,""component_count"":1,""label_band_start_y"":66,""body_band_proxy_bbox"":[9,9,91,66],""label_band_proxy_bbox"":[11,66,89,93]}","{""bbox"":[15,13,87,88],""size"":[72,75],""center"":[51.0,50.5],""pixels"":3958,""component_count"":1,""label_band_start_y"":66,""body_band_proxy_bbox"":[15,13,87,66],""label_band_proxy_bbox"":[21,66,81,88]}",0.878049,0.892857,"[1.0,-0.5]",0.121951,True,"[82,57]","[72,53]",0.878049,0.929825,0.121951,True,"[78,27]","[60,22]",0.769231,0.814815,0.230769,True
base_low,base,low,1,base_detail,26,sortie,出陣,출진,4,177,"{""bbox"":[9,9,91,93],""size"":[82,84],""center"":[50.0,51.0],""pixels"":5298,""component_count"":1,""label_band_start_y"":66,""body_band_proxy_bbox"":[9,9,91,66],""label_band_proxy_bbox"":[11,66,89,93]}","{""bbox"":[14,13,86,87],""size"":[72,74],""center"":[50.0,50.0],""pixels"":3828,""component_count"":1,""label_band_start_y"":66,""body_band_proxy_bbox"":[14,13,86,66],""label_band_proxy_bbox"":[21,66,79,87]}",0.878049,0.880952,"[0.0,-1.0]",0.121951,True,"[82,57]","[72,53]",0.878049,0.929825,0.121951,True,"[78,27]","[58,21]",0.74359,0.777778,0.25641,True
base_low,base,low,1,base_detail,26,sortie,出陣,출진,5,178,"{""bbox"":[9,9,91,93],""size"":[82,84],""center"":[50.0,51.0],""pixels"":5296,""component_count"":1,""label_band_start_y"":66,""body_band_proxy_bbox"":[9,9,91,66],""label_band_proxy_bbox"":[11,66,89,93]}","{""bbox"":[14,13,87,87],""size"":[73,74],""center"":[50.5,50.0],""pixels"":3979,""component_count"":1,""label_band_start_y"":66,""body_band_proxy_bbox"":[14,13,87,66],""label_band_proxy_bbox"":[21,66,80,87]}",0.890244,0.880952,"[0.5,-1.0]",0.119048,True,"[82,57]","[73,53]",0.890244,0.929825,0.109756,True,"[78,27]","[59,21]",0.75641,0.777778,0.24359,True
base_low,base,low,1,base_detail,26,sortie,出陣,출진,6,179,"{""bbox"":[9,9,91,93],""size"":[82,84],""center"":[50.0,51.0],""pixels"":5298,""component_count"":1,""label_band_start_y"":66,""body_band_proxy_bbox"":[9,9,91,66],""label_band_proxy_bbox"":[11,66,89,93]}","{""bbox"":[15,13,86,87],""size"":[71,74],""center"":[50.5,50.0],""pixels"":3825,""component_count"":1,""label_band_start_y"":66,""body_band_proxy_bbox"":[15,13,86,66],""label_band_proxy_bbox"":[21,66,79,87]}",0.865854,0.880952,"[0.5,-1.0]",0.134146,True,"[82,57]","[71,53]",0.865854,0.929825,0.134146,True,"[78,27]","[58,21]",0.74359,0.777778,0.25641,True
base_low,base,low,1,base_detail,27,officer_info,武将情報,무장정보,1,180,"{""bbox"":[3,9,97,93],""size"":[94,84],""center"":[50.0,51.0],""pixels"":6054,""component_count"":1,""label_band_start_y"":66,""body_band_proxy_bbox"":[6,9,94,66],""label_band_proxy_bbox"":[3,66,97,93]}","{""bbox"":[7,11,92,88],""size"":[85,77],""center"":[49.5,49.5],""pixels"":4894,""component_count"":1,""label_band_start_y"":66,""body_band_proxy_bbox"":[11,11,88,66],""label_band_proxy_bbox"":[7,66,92,88]}",0.904255,0.916667,"[-0.5,-1.5]",0.095745,True,"[88,57]","[77,55]",0.875,0.964912,0.125,True,"[94,27]","[85,22]",0.904255,0.814815,0.185185,True
base_low,base,low,1,base_detail,27,officer_info,武将情報,무장정보,2,181,"{""bbox"":[3,9,97,93],""size"":[94,84],""center"":[50.0,51.0],""pixels"":6054,""component_count"":1,""label_band_start_y"":66,""body_band_proxy_bbox"":[6,9,94,66],""label_band_proxy_bbox"":[3,66,97,93]}","{""bbox"":[7,10,92,88],""size"":[85,78],""center"":[49.5,49.0],""pixels"":4855,""component_count"":1,""label_band_start_y"":66,""body_band_proxy_bbox"":[10,10,87,66],""label_band_proxy_bbox"":[7,66,92,88]}",0.904255,0.928571,"[-0.5,-2.0]",0.095745,True,"[88,57]","[77,56]",0.875,0.982456,0.125,True,"[94,27]","[85,22]",0.904255,0.814815,0.185185,True
base_low,base,low,1,base_detail,27,officer_info,武将情報,무장정보,3,182,"{""bbox"":[3,9,97,93],""size"":[94,84],""center"":[50.0,51.0],""pixels"":6056,""component_count"":1,""label_band_start_y"":66,""body_band_proxy_bbox"":[6,9,94,66],""label_band_proxy_bbox"":[3,66,97,93]}","{""bbox"":[7,10,92,88],""size"":[85,78],""center"":[49.5,49.0],""pixels"":4860,""component_count"":1,""label_band_start_y"":66,""body_band_proxy_bbox"":[10,10,87,66],""label_band_proxy_bbox"":[7,66,92,88]}",0.904255,0.928571,"[-0.5,-2.0]",0.095745,True,"[88,57]","[77,56]",0.875,0.982456,0.125,True,"[94,27]","[85,22]",0.904255,0.814815,0.185185,True
base_low,base,low,1,base_detail,27,officer_info,武将情報,무장정보,4,183,"{""bbox"":[3,9,97,93],""size"":[94,84],""center"":[50.0,51.0],""pixels"":6056,""component_count"":1,""label_band_start_y"":66,""body_band_proxy_bbox"":[6,9,94,66],""label_band_proxy_bbox"":[3,66,97,93]}","{""bbox"":[8,10,91,87],""size"":[83,77],""center"":[49.5,48.5],""pixels"":4674,""component_count"":1,""label_band_start_y"":66,""body_band_proxy_bbox"":[11,10,88,66],""label_band_proxy_bbox"":[8,66,91,87]}",0.882979,0.916667,"[-0.5,-2.5]",0.117021,True,"[88,57]","[77,56]",0.875,0.982456,0.125,True,"[94,27]","[83,21]",0.882979,0.777778,0.222222,True
base_low,base,low,1,base_detail,27,officer_info,武将情報,무장정보,5,184,"{""bbox"":[3,9,97,93],""size"":[94,84],""center"":[50.0,51.0],""pixels"":6054,""component_count"":1,""label_band_start_y"":66,""body_band_proxy_bbox"":[6,9,94,66],""label_band_proxy_bbox"":[3,66,97,93]}","{""bbox"":[7,10,92,88],""size"":[85,78],""center"":[49.5,49.0],""pixels"":4846,""component_count"":1,""label_band_start_y"":66,""body_band_proxy_bbox"":[11,10,87,66],""label_band_proxy_bbox"":[7,66,92,88]}",0.904255,0.928571,"[-0.5,-2.0]",0.095745,True,"[88,57]","[76,56]",0.863636,0.982456,0.136364,True,"[94,27]","[85,22]",0.904255,0.814815,0.185185,True
base_low,base,low,1,base_detail,27,officer_info,武将情報,무장정보,6,185,"{""bbox"":[3,9,97,93],""size"":[94,84],""center"":[50.0,51.0],""pixels"":6056,""component_count"":1,""label_band_start_y"":66,""body_band_proxy_bbox"":[6,9,94,66],""label_band_proxy_bbox"":[3,66,97,93]}","{""bbox"":[7,10,91,87],""size"":[84,77],""center"":[49.0,48.5],""pixels"":4779,""component_count"":1,""label_band_start_y"":66,""body_band_proxy_bbox"":[10,10,86,66],""label_band_proxy_bbox"":[7,66,91,87]}",0.893617,0.916667,"[-1.0,-2.5]",0.106383,True,"[88,57]","[76,56]",0.863636,0.982456,0.136364,True,"[94,27]","[84,21]",0.893617,0.777778,0.222222,True
base_low,base,low,1,base_detail,28,summon,呼寄,호출,1,186,"{""bbox"":[9,9,91,93],""size"":[82,84],""center"":[50.0,51.0],""pixels"":5270,""component_count"":1,""label_band_start_y"":66,""body_band_proxy_bbox"":[9,9,91,66],""label_band_proxy_bbox"":[11,66,89,93]}","{""bbox"":[21,22,79,82],""size"":[58,60],""center"":[50.0,52.0],""pixels"":2480,""component_count"":6,""label_band_start_y"":66,""body_band_proxy_bbox"":[21,22,79,66],""label_band_proxy_bbox"":[28,66,72,82]}",0.707317,0.714286,"[0.0,1.0]",0.292683,True,"[82,57]","[58,44]",0.707317,0.77193,0.292683,True,"[78,27]","[44,16]",0.564103,0.592593,0.435897,True
base_low,base,low,1,base_detail,28,summon,呼寄,호출,2,187,"{""bbox"":[9,9,91,93],""size"":[82,84],""center"":[50.0,51.0],""pixels"":5270,""component_count"":1,""label_band_start_y"":66,""body_band_proxy_bbox"":[9,9,91,66],""label_band_proxy_bbox"":[11,66,89,93]}","{""bbox"":[21,21,79,83],""size"":[58,62],""center"":[50.0,52.0],""pixels"":2511,""component_count"":3,""label_band_start_y"":66,""body_band_proxy_bbox"":[21,21,79,66],""label_band_proxy_bbox"":[28,66,73,83]}",0.707317,0.738095,"[0.0,1.0]",0.292683,True,"[82,57]","[58,45]",0.707317,0.789474,0.292683,True,"[78,27]","[45,17]",0.576923,0.62963,0.423077,True
base_low,base,low,1,base_detail,28,summon,呼寄,호출,3,188,"{""bbox"":[9,9,91,93],""size"":[82,84],""center"":[50.0,51.0],""pixels"":5298,""component_count"":1,""label_band_start_y"":66,""body_band_proxy_bbox"":[9,9,91,66],""label_band_proxy_bbox"":[11,66,89,93]}","{""bbox"":[21,20,80,81],""size"":[59,61],""center"":[50.5,50.5],""pixels"":2470,""component_count"":8,""label_band_start_y"":66,""body_band_proxy_bbox"":[21,20,80,66],""label_band_proxy_bbox"":[31,66,72,81]}",0.719512,0.72619,"[0.5,-0.5]",0.280488,True,"[82,57]","[59,46]",0.719512,0.807018,0.280488,True,"[78,27]","[41,15]",0.525641,0.555556,0.474359,True
base_low,base,low,1,base_detail,28,summon,呼寄,호출,4,189,"{""bbox"":[9,9,91,93],""size"":[82,84],""center"":[50.0,51.0],""pixels"":5272,""component_count"":1,""label_band_start_y"":66,""body_band_proxy_bbox"":[9,9,91,66],""label_band_proxy_bbox"":[11,66,89,93]}","{""bbox"":[19,21,79,84],""size"":[60,63],""center"":[49.0,52.5],""pixels"":2689,""component_count"":6,""label_band_start_y"":66,""body_band_proxy_bbox"":[19,21,79,66],""label_band_proxy_bbox"":[25,66,74,84]}",0.731707,0.75,"[-1.0,1.5]",0.268293,True,"[82,57]","[60,45]",0.731707,0.789474,0.268293,True,"[78,27]","[49,18]",0.628205,0.666667,0.371795,True
base_low,base,low,1,base_detail,28,summon,呼寄,호출,5,190,"{""bbox"":[9,9,91,93],""size"":[82,84],""center"":[50.0,51.0],""pixels"":5270,""component_count"":1,""label_band_start_y"":66,""body_band_proxy_bbox"":[9,9,91,66],""label_band_proxy_bbox"":[11,66,89,93]}","{""bbox"":[19,20,79,84],""size"":[60,64],""center"":[49.0,52.0],""pixels"":2750,""component_count"":7,""label_band_start_y"":66,""body_band_proxy_bbox"":[19,20,79,66],""label_band_proxy_bbox"":[25,66,72,84]}",0.731707,0.761905,"[-1.0,1.0]",0.268293,True,"[82,57]","[60,46]",0.731707,0.807018,0.268293,True,"[78,27]","[47,18]",0.602564,0.666667,0.397436,True
base_low,base,low,1,base_detail,28,summon,呼寄,호출,6,191,"{""bbox"":[9,9,91,93],""size"":[82,84],""center"":[50.0,51.0],""pixels"":5272,""component_count"":1,""label_band_start_y"":66,""body_band_proxy_bbox"":[9,9,91,66],""label_band_proxy_bbox"":[11,66,89,93]}","{""bbox"":[21,20,82,84],""size"":[61,64],""center"":[51.5,52.0],""pixels"":2744,""component_count"":5,""label_band_start_y"":66,""body_band_proxy_bbox"":[21,20,82,66],""label_band_proxy_bbox"":[28,66,76,84]}",0.743902,0.761905,"[1.5,1.0]",0.256098,True,"[82,57]","[61,46]",0.743902,0.807018,0.256098,True,"[78,27]","[48,18]",0.615385,0.666667,0.384615,True
base_low,base,low,1,base_detail,29,castle_town_facility,城下施設,성하시설,1,192,"{""bbox"":[4,9,97,93],""size"":[93,84],""center"":[50.5,51.0],""pixels"":6023,""component_count"":1,""label_band_start_y"":66,""body_band_proxy_bbox"":[6,9,93,66],""label_band_proxy_bbox"":[4,66,97,93]}","{""bbox"":[13,10,85,87],""size"":[72,77],""center"":[49.0,48.5],""pixels"":4483,""component_count"":1,""label_band_start_y"":66,""body_band_proxy_bbox"":[13,10,85,66],""label_band_proxy_bbox"":[13,66,85,87]}",0.774194,0.916667,"[-1.5,-2.5]",0.225806,True,"[87,57]","[72,56]",0.827586,0.982456,0.172414,True,"[93,27]","[72,21]",0.774194,0.777778,0.225806,True
base_low,base,low,1,base_detail,29,castle_town_facility,城下施設,성하시설,2,193,"{""bbox"":[4,9,97,93],""size"":[93,84],""center"":[50.5,51.0],""pixels"":6023,""component_count"":1,""label_band_start_y"":66,""body_band_proxy_bbox"":[6,9,93,66],""label_band_proxy_bbox"":[4,66,97,93]}","{""bbox"":[13,10,87,87],""size"":[74,77],""center"":[50.0,48.5],""pixels"":4555,""component_count"":1,""label_band_start_y"":66,""body_band_proxy_bbox"":[14,10,87,66],""label_band_proxy_bbox"":[13,66,87,87]}",0.795699,0.916667,"[-0.5,-2.5]",0.204301,True,"[87,57]","[73,56]",0.83908,0.982456,0.16092,True,"[93,27]","[74,21]",0.795699,0.777778,0.222222,True
base_low,base,low,1,base_detail,29,castle_town_facility,城下施設,성하시설,3,194,"{""bbox"":[4,9,97,93],""size"":[93,84],""center"":[50.5,51.0],""pixels"":6025,""component_count"":1,""label_band_start_y"":66,""body_band_proxy_bbox"":[6,9,93,66],""label_band_proxy_bbox"":[4,66,97,93]}","{""bbox"":[12,10,86,88],""size"":[74,78],""center"":[49.0,49.0],""pixels"":4572,""component_count"":1,""label_band_start_y"":66,""body_band_proxy_bbox"":[13,10,86,66],""label_band_proxy_bbox"":[12,66,86,88]}",0.795699,0.928571,"[-1.5,-2.0]",0.204301,True,"[87,57]","[73,56]",0.83908,0.982456,0.16092,True,"[93,27]","[74,22]",0.795699,0.814815,0.204301,True
base_low,base,low,1,base_detail,29,castle_town_facility,城下施設,성하시설,4,195,"{""bbox"":[4,9,97,93],""size"":[93,84],""center"":[50.5,51.0],""pixels"":6025,""component_count"":1,""label_band_start_y"":66,""body_band_proxy_bbox"":[6,9,93,66],""label_band_proxy_bbox"":[4,66,97,93]}","{""bbox"":[13,10,86,87],""size"":[73,77],""center"":[49.5,48.5],""pixels"":4485,""component_count"":1,""label_band_start_y"":66,""body_band_proxy_bbox"":[13,10,86,66],""label_band_proxy_bbox"":[13,66,84,87]}",0.784946,0.916667,"[-1.0,-2.5]",0.215054,True,"[87,57]","[73,56]",0.83908,0.982456,0.16092,True,"[93,27]","[71,21]",0.763441,0.777778,0.236559,True
base_low,base,low,1,base_detail,29,castle_town_facility,城下施設,성하시설,5,196,"{""bbox"":[4,9,97,93],""size"":[93,84],""center"":[50.5,51.0],""pixels"":6023,""component_count"":1,""label_band_start_y"":66,""body_band_proxy_bbox"":[6,9,93,66],""label_band_proxy_bbox"":[4,66,97,93]}","{""bbox"":[12,10,86,88],""size"":[74,78],""center"":[49.0,49.0],""pixels"":4576,""component_count"":1,""label_band_start_y"":66,""body_band_proxy_bbox"":[12,10,85,66],""label_band_proxy_bbox"":[12,66,86,88]}",0.795699,0.928571,"[-1.5,-2.0]",0.204301,True,"[87,57]","[73,56]",0.83908,0.982456,0.16092,True,"[93,27]","[74,22]",0.795699,0.814815,0.204301,True
base_low,base,low,1,base_detail,29,castle_town_facility,城下施設,성하시설,6,197,"{""bbox"":[4,9,97,93],""size"":[93,84],""center"":[50.5,51.0],""pixels"":6025,""component_count"":1,""label_band_start_y"":66,""body_band_proxy_bbox"":[6,9,93,66],""label_band_proxy_bbox"":[4,66,97,93]}","{""bbox"":[12,10,85,87],""size"":[73,77],""center"":[48.5,48.5],""pixels"":4508,""component_count"":1,""label_band_start_y"":66,""body_band_proxy_bbox"":[12,10,85,66],""label_band_proxy_bbox"":[13,66,84,87]}",0.784946,0.916667,"[-2.0,-2.5]",0.215054,True,"[87,57]","[73,56]",0.83908,0.982456,0.16092,True,"[93,27]","[71,21]",0.763441,0.777778,0.236559,True
base_low,base,low,1,base_detail,30,main_base,本拠,본거지,1,198,"{""bbox"":[9,9,91,93],""size"":[82,84],""center"":[50.0,51.0],""pixels"":5328,""component_count"":1,""label_band_start_y"":66,""body_band_proxy_bbox"":[9,9,91,66],""label_band_proxy_bbox"":[11,66,89,93]}","{""bbox"":[15,10,86,87],""size"":[71,77],""center"":[50.5,48.5],""pixels"":4007,""component_count"":1,""label_band_start_y"":66,""body_band_proxy_bbox"":[15,10,86,66],""label_band_proxy_bbox"":[20,66,79,87]}",0.865854,0.916667,"[0.5,-2.5]",0.134146,True,"[82,57]","[71,56]",0.865854,0.982456,0.134146,True,"[78,27]","[59,21]",0.75641,0.777778,0.24359,True
base_low,base,low,1,base_detail,30,main_base,本拠,본거지,2,199,"{""bbox"":[9,9,91,93],""size"":[82,84],""center"":[50.0,51.0],""pixels"":5328,""component_count"":1,""label_band_start_y"":66,""body_band_proxy_bbox"":[9,9,91,66],""label_band_proxy_bbox"":[11,66,89,93]}","{""bbox"":[15,10,85,87],""size"":[70,77],""center"":[50.0,48.5],""pixels"":3992,""component_count"":1,""label_band_start_y"":66,""body_band_proxy_bbox"":[15,10,85,66],""label_band_proxy_bbox"":[21,66,78,87]}",0.853659,0.916667,"[0.0,-2.5]",0.146341,True,"[82,57]","[70,56]",0.853659,0.982456,0.146341,True,"[78,27]","[57,21]",0.730769,0.777778,0.269231,True
base_low,base,low,1,base_detail,30,main_base,本拠,본거지,3,200,"{""bbox"":[9,9,91,93],""size"":[82,84],""center"":[50.0,51.0],""pixels"":5330,""component_count"":1,""label_band_start_y"":66,""body_band_proxy_bbox"":[9,9,91,66],""label_band_proxy_bbox"":[11,66,89,93]}","{""bbox"":[15,10,85,87],""size"":[70,77],""center"":[50.0,48.5],""pixels"":4012,""component_count"":1,""label_band_start_y"":66,""body_band_proxy_bbox"":[15,10,85,66],""label_band_proxy_bbox"":[20,66,78,87]}",0.853659,0.916667,"[0.0,-2.5]",0.146341,True,"[82,57]","[70,56]",0.853659,0.982456,0.146341,True,"[78,27]","[58,21]",0.74359,0.777778,0.25641,True
base_low,base,low,1,base_detail,30,main_base,本拠,본거지,4,201,"{""bbox"":[9,9,91,93],""size"":[82,84],""center"":[50.0,51.0],""pixels"":5330,""component_count"":1,""label_band_start_y"":66,""body_band_proxy_bbox"":[9,9,91,66],""label_band_proxy_bbox"":[11,66,89,93]}","{""bbox"":[14,10,85,87],""size"":[71,77],""center"":[49.5,48.5],""pixels"":3940,""component_count"":1,""label_band_start_y"":66,""body_band_proxy_bbox"":[14,10,85,66],""label_band_proxy_bbox"":[20,66,79,87]}",0.865854,0.916667,"[-0.5,-2.5]",0.134146,True,"[82,57]","[71,56]",0.865854,0.982456,0.134146,True,"[78,27]","[59,21]",0.75641,0.777778,0.24359,True
base_low,base,low,1,base_detail,30,main_base,本拠,본거지,5,202,"{""bbox"":[9,9,91,93],""size"":[82,84],""center"":[50.0,51.0],""pixels"":5328,""component_count"":1,""label_band_start_y"":66,""body_band_proxy_bbox"":[9,9,91,66],""label_band_proxy_bbox"":[11,66,89,93]}","{""bbox"":[14,10,85,87],""size"":[71,77],""center"":[49.5,48.5],""pixels"":4017,""component_count"":1,""label_band_start_y"":66,""body_band_proxy_bbox"":[14,10,85,66],""label_band_proxy_bbox"":[22,66,78,87]}",0.865854,0.916667,"[-0.5,-2.5]",0.134146,True,"[82,57]","[71,56]",0.865854,0.982456,0.134146,True,"[78,27]","[56,21]",0.717949,0.777778,0.282051,True
base_low,base,low,1,base_detail,30,main_base,本拠,본거지,6,203,"{""bbox"":[9,9,91,93],""size"":[82,84],""center"":[50.0,51.0],""pixels"":5330,""component_count"":1,""label_band_start_y"":66,""body_band_proxy_bbox"":[9,9,91,66],""label_band_proxy_bbox"":[11,66,89,93]}","{""bbox"":[14,10,85,87],""size"":[71,77],""center"":[49.5,48.5],""pixels"":3961,""component_count"":1,""label_band_start_y"":66,""body_band_proxy_bbox"":[14,10,85,66],""label_band_proxy_bbox"":[20,66,79,87]}",0.865854,0.916667,"[-0.5,-2.5]",0.134146,True,"[82,57]","[71,56]",0.865854,0.982456,0.134146,True,"[78,27]","[59,21]",0.75641,0.777778,0.24359,True
base_low,base,low,1,base_detail,31,bulk_fief,一括知行,일괄지행,1,204,"{""bbox"":[3,9,97,93],""size"":[94,84],""center"":[50.0,51.0],""pixels"":5854,""component_count"":1,""label_band_start_y"":66,""body_band_proxy_bbox"":[9,9,95,66],""label_band_proxy_bbox"":[3,66,97,93]}","{""bbox"":[12,10,89,86],""size"":[77,76],""center"":[50.5,48.0],""pixels"":4575,""component_count"":3,""label_band_start_y"":66,""body_band_proxy_bbox"":[13,10,88,66],""label_band_proxy_bbox"":[12,66,89,86]}",0.819149,0.904762,"[0.5,-3.0]",0.180851,True,"[86,57]","[75,56]",0.872093,0.982456,0.127907,True,"[94,27]","[77,20]",0.819149,0.740741,0.259259,True
base_low,base,low,1,base_detail,31,bulk_fief,一括知行,일괄지행,2,205,"{""bbox"":[3,9,97,93],""size"":[94,84],""center"":[50.0,51.0],""pixels"":5854,""component_count"":1,""label_band_start_y"":66,""body_band_proxy_bbox"":[9,9,95,66],""label_band_proxy_bbox"":[3,66,97,93]}","{""bbox"":[12,10,91,88],""size"":[79,78],""center"":[51.5,49.0],""pixels"":4674,""component_count"":2,""label_band_start_y"":66,""body_band_proxy_bbox"":[14,10,90,66],""label_band_proxy_bbox"":[12,66,91,88]}",0.840426,0.928571,"[1.5,-2.0]",0.159574,True,"[86,57]","[76,56]",0.883721,0.982456,0.116279,True,"[94,27]","[79,22]",0.840426,0.814815,0.185185,True
base_low,base,low,1,base_detail,31,bulk_fief,一括知行,일괄지행,3,206,"{""bbox"":[3,9,97,93],""size"":[94,84],""center"":[50.0,51.0],""pixels"":5856,""component_count"":1,""label_band_start_y"":66,""body_band_proxy_bbox"":[9,9,95,66],""label_band_proxy_bbox"":[3,66,97,93]}","{""bbox"":[12,10,91,88],""size"":[79,78],""center"":[51.5,49.0],""pixels"":4663,""component_count"":1,""label_band_start_y"":66,""body_band_proxy_bbox"":[15,10,91,66],""label_band_proxy_bbox"":[12,66,91,88]}",0.840426,0.928571,"[1.5,-2.0]",0.159574,True,"[86,57]","[76,56]",0.883721,0.982456,0.116279,True,"[94,27]","[79,22]",0.840426,0.814815,0.185185,True
base_low,base,low,1,base_detail,31,bulk_fief,一括知行,일괄지행,4,207,"{""bbox"":[3,9,97,93],""size"":[94,84],""center"":[50.0,51.0],""pixels"":5856,""component_count"":1,""label_band_start_y"":66,""body_band_proxy_bbox"":[9,9,95,66],""label_band_proxy_bbox"":[3,66,97,93]}","{""bbox"":[12,10,89,86],""size"":[77,76],""center"":[50.5,48.0],""pixels"":4533,""component_count"":3,""label_band_start_y"":66,""body_band_proxy_bbox"":[15,10,88,66],""label_band_proxy_bbox"":[12,66,89,86]}",0.819149,0.904762,"[0.5,-3.0]",0.180851,True,"[86,57]","[73,56]",0.848837,0.982456,0.151163,True,"[94,27]","[77,20]",0.819149,0.740741,0.259259,True
base_low,base,low,1,base_detail,31,bulk_fief,一括知行,일괄지행,5,208,"{""bbox"":[3,9,97,93],""size"":[94,84],""center"":[50.0,51.0],""pixels"":5854,""component_count"":1,""label_band_start_y"":66,""body_band_proxy_bbox"":[9,9,95,66],""label_band_proxy_bbox"":[3,66,97,93]}","{""bbox"":[12,10,91,87],""size"":[79,77],""center"":[51.5,48.5],""pixels"":4679,""component_count"":1,""label_band_start_y"":66,""body_band_proxy_bbox"":[14,10,90,66],""label_band_proxy_bbox"":[12,66,91,87]}",0.840426,0.916667,"[1.5,-2.5]",0.159574,True,"[86,57]","[76,56]",0.883721,0.982456,0.116279,True,"[94,27]","[79,21]",0.840426,0.777778,0.222222,True
base_low,base,low,1,base_detail,31,bulk_fief,一括知行,일괄지행,6,209,"{""bbox"":[3,9,97,93],""size"":[94,84],""center"":[50.0,51.0],""pixels"":5856,""component_count"":1,""label_band_start_y"":66,""body_band_proxy_bbox"":[9,9,95,66],""label_band_proxy_bbox"":[3,66,97,93]}","{""bbox"":[13,10,90,86],""size"":[77,76],""center"":[51.5,48.0],""pixels"":4540,""component_count"":1,""label_band_start_y"":66,""body_band_proxy_bbox"":[15,10,89,66],""label_band_proxy_bbox"":[13,66,90,86]}",0.819149,0.904762,"[1.5,-3.0]",0.180851,True,"[86,57]","[74,56]",0.860465,0.982456,0.139535,True,"[94,27]","[77,20]",0.819149,0.740741,0.259259,True
base_low,base,low,1,base_detail,32,faction_info,勢力情報,세력정보,1,210,"{""bbox"":[4,9,96,93],""size"":[92,84],""center"":[50.0,51.0],""pixels"":6044,""component_count"":1,""label_band_start_y"":66,""body_band_proxy_bbox"":[5,9,93,66],""label_band_proxy_bbox"":[4,66,96,93]}","{""bbox"":[9,10,91,87],""size"":[82,77],""center"":[50.0,48.5],""pixels"":4637,""component_count"":2,""label_band_start_y"":66,""body_band_proxy_bbox"":[14,10,88,66],""label_band_proxy_bbox"":[9,66,91,87]}",0.891304,0.916667,"[0.0,-2.5]",0.108696,True,"[88,57]","[74,56]",0.840909,0.982456,0.159091,True,"[92,27]","[82,21]",0.891304,0.777778,0.222222,True
base_low,base,low,1,base_detail,32,faction_info,勢力情報,세력정보,2,211,"{""bbox"":[4,9,96,93],""size"":[92,84],""center"":[50.0,51.0],""pixels"":6044,""component_count"":1,""label_band_start_y"":66,""body_band_proxy_bbox"":[5,9,93,66],""label_band_proxy_bbox"":[4,66,96,93]}","{""bbox"":[9,10,91,87],""size"":[82,77],""center"":[50.0,48.5],""pixels"":4629,""component_count"":1,""label_band_start_y"":66,""body_band_proxy_bbox"":[14,10,87,66],""label_band_proxy_bbox"":[9,66,91,87]}",0.891304,0.916667,"[0.0,-2.5]",0.108696,True,"[88,57]","[73,56]",0.829545,0.982456,0.170455,True,"[92,27]","[82,21]",0.891304,0.777778,0.222222,True
base_low,base,low,1,base_detail,32,faction_info,勢力情報,세력정보,3,212,"{""bbox"":[4,9,96,93],""size"":[92,84],""center"":[50.0,51.0],""pixels"":6046,""component_count"":1,""label_band_start_y"":66,""body_band_proxy_bbox"":[5,9,93,66],""label_band_proxy_bbox"":[4,66,96,93]}","{""bbox"":[9,10,91,87],""size"":[82,77],""center"":[50.0,48.5],""pixels"":4600,""component_count"":1,""label_band_start_y"":66,""body_band_proxy_bbox"":[14,10,86,66],""label_band_proxy_bbox"":[9,66,91,87]}",0.891304,0.916667,"[0.0,-2.5]",0.108696,True,"[88,57]","[72,56]",0.818182,0.982456,0.181818,True,"[92,27]","[82,21]",0.891304,0.777778,0.222222,True
base_low,base,low,1,base_detail,32,faction_info,勢力情報,세력정보,4,213,"{""bbox"":[4,9,96,93],""size"":[92,84],""center"":[50.0,51.0],""pixels"":6046,""component_count"":1,""label_band_start_y"":66,""body_band_proxy_bbox"":[5,9,93,66],""label_band_proxy_bbox"":[4,66,96,93]}","{""bbox"":[10,10,90,88],""size"":[80,78],""center"":[50.0,49.0],""pixels"":4619,""component_count"":3,""label_band_start_y"":66,""body_band_proxy_bbox"":[14,10,86,66],""label_band_proxy_bbox"":[10,66,90,88]}",0.869565,0.928571,"[0.0,-2.0]",0.130435,True,"[88,57]","[72,56]",0.818182,0.982456,0.181818,True,"[92,27]","[80,22]",0.869565,0.814815,0.185185,True
base_low,base,low,1,base_detail,32,faction_info,勢力情報,세력정보,5,214,"{""bbox"":[4,9,96,93],""size"":[92,84],""center"":[50.0,51.0],""pixels"":6044,""component_count"":1,""label_band_start_y"":66,""body_band_proxy_bbox"":[5,9,93,66],""label_band_proxy_bbox"":[4,66,96,93]}","{""bbox"":[9,10,91,88],""size"":[82,78],""center"":[50.0,49.0],""pixels"":4623,""component_count"":1,""label_band_start_y"":66,""body_band_proxy_bbox"":[14,10,86,66],""label_band_proxy_bbox"":[9,66,91,88]}",0.891304,0.928571,"[0.0,-2.0]",0.108696,True,"[88,57]","[72,56]",0.818182,0.982456,0.181818,True,"[92,27]","[82,22]",0.891304,0.814815,0.185185,True
base_low,base,low,1,base_detail,32,faction_info,勢力情報,세력정보,6,215,"{""bbox"":[4,9,96,93],""size"":[92,84],""center"":[50.0,51.0],""pixels"":6046,""component_count"":1,""label_band_start_y"":66,""body_band_proxy_bbox"":[5,9,93,66],""label_band_proxy_bbox"":[4,66,96,93]}","{""bbox"":[10,10,90,88],""size"":[80,78],""center"":[50.0,49.0],""pixels"":4591,""component_count"":3,""label_band_start_y"":66,""body_band_proxy_bbox"":[14,10,87,66],""label_band_proxy_bbox"":[10,66,90,88]}",0.869565,0.928571,"[0.0,-2.0]",0.130435,True,"[88,57]","[73,56]",0.829545,0.982456,0.170455,True,"[92,27]","[80,22]",0.869565,0.814815,0.185185,True
base_low,base,low,1,base_detail,33,information,情報,정보,1,216,"{""bbox"":[9,9,91,93],""size"":[82,84],""center"":[50.0,51.0],""pixels"":5441,""component_count"":1,""label_band_start_y"":66,""body_band_proxy_bbox"":[9,9,91,66],""label_band_proxy_bbox"":[11,66,90,93]}","{""bbox"":[13,10,87,87],""size"":[74,77],""center"":[50.0,48.5],""pixels"":4229,""component_count"":1,""label_band_start_y"":66,""body_band_proxy_bbox"":[13,10,87,66],""label_band_proxy_bbox"":[19,66,85,87]}",0.902439,0.916667,"[0.0,-2.5]",0.097561,True,"[82,57]","[74,56]",0.902439,0.982456,0.097561,True,"[79,27]","[66,21]",0.835443,0.777778,0.222222,True
base_low,base,low,1,base_detail,33,information,情報,정보,2,217,"{""bbox"":[9,9,91,93],""size"":[82,84],""center"":[50.0,51.0],""pixels"":5441,""component_count"":1,""label_band_start_y"":66,""body_band_proxy_bbox"":[9,9,91,66],""label_band_proxy_bbox"":[11,66,90,93]}","{""bbox"":[13,10,86,87],""size"":[73,77],""center"":[49.5,48.5],""pixels"":4209,""component_count"":1,""label_band_start_y"":66,""body_band_proxy_bbox"":[13,10,86,66],""label_band_proxy_bbox"":[21,66,86,87]}",0.890244,0.916667,"[-0.5,-2.5]",0.109756,True,"[82,57]","[73,56]",0.890244,0.982456,0.109756,True,"[79,27]","[65,21]",0.822785,0.777778,0.222222,True
base_low,base,low,1,base_detail,33,information,情報,정보,3,218,"{""bbox"":[9,9,91,93],""size"":[82,84],""center"":[50.0,51.0],""pixels"":5444,""component_count"":1,""label_band_start_y"":66,""body_band_proxy_bbox"":[9,9,91,66],""label_band_proxy_bbox"":[11,66,90,93]}","{""bbox"":[13,10,87,87],""size"":[74,77],""center"":[50.0,48.5],""pixels"":4256,""component_count"":1,""label_band_start_y"":66,""body_band_proxy_bbox"":[13,10,87,66],""label_band_proxy_bbox"":[20,66,86,87]}",0.902439,0.916667,"[0.0,-2.5]",0.097561,True,"[82,57]","[74,56]",0.902439,0.982456,0.097561,True,"[79,27]","[66,21]",0.835443,0.777778,0.222222,True
base_low,base,low,1,base_detail,33,information,情報,정보,4,219,"{""bbox"":[9,9,91,93],""size"":[82,84],""center"":[50.0,51.0],""pixels"":5444,""component_count"":1,""label_band_start_y"":66,""body_band_proxy_bbox"":[9,9,91,66],""label_band_proxy_bbox"":[11,66,90,93]}","{""bbox"":[14,10,87,87],""size"":[73,77],""center"":[50.5,48.5],""pixels"":4130,""component_count"":1,""label_band_start_y"":66,""body_band_proxy_bbox"":[14,10,87,66],""label_band_proxy_bbox"":[21,66,84,87]}",0.890244,0.916667,"[0.5,-2.5]",0.109756,True,"[82,57]","[73,56]",0.890244,0.982456,0.109756,True,"[79,27]","[63,21]",0.797468,0.777778,0.222222,True
base_low,base,low,1,base_detail,33,information,情報,정보,5,220,"{""bbox"":[9,9,91,93],""size"":[82,84],""center"":[50.0,51.0],""pixels"":5441,""component_count"":1,""label_band_start_y"":66,""body_band_proxy_bbox"":[9,9,91,66],""label_band_proxy_bbox"":[11,66,90,93]}","{""bbox"":[13,10,85,87],""size"":[72,77],""center"":[49.0,48.5],""pixels"":4211,""component_count"":1,""label_band_start_y"":66,""body_band_proxy_bbox"":[13,10,85,66],""label_band_proxy_bbox"":[20,66,85,87]}",0.878049,0.916667,"[-1.0,-2.5]",0.121951,True,"[82,57]","[72,56]",0.878049,0.982456,0.121951,True,"[79,27]","[65,21]",0.822785,0.777778,0.222222,True
base_low,base,low,1,base_detail,33,information,情報,정보,6,221,"{""bbox"":[9,9,91,93],""size"":[82,84],""center"":[50.0,51.0],""pixels"":5444,""component_count"":1,""label_band_start_y"":66,""body_band_proxy_bbox"":[9,9,91,66],""label_band_proxy_bbox"":[11,66,90,93]}","{""bbox"":[14,10,86,86],""size"":[72,76],""center"":[50.0,48.0],""pixels"":4085,""component_count"":1,""label_band_start_y"":66,""body_band_proxy_bbox"":[14,10,86,66],""label_band_proxy_bbox"":[20,66,85,86]}",0.878049,0.904762,"[0.0,-3.0]",0.121951,True,"[82,57]","[72,56]",0.878049,0.982456,0.121951,True,"[79,27]","[65,20]",0.822785,0.740741,0.259259,True
base_low,base,low,1,base_detail,34,appointment,任命,임명,1,222,"{""bbox"":[9,9,91,93],""size"":[82,84],""center"":[50.0,51.0],""pixels"":5385,""component_count"":1,""label_band_start_y"":66,""body_band_proxy_bbox"":[9,9,91,66],""label_band_proxy_bbox"":[11,66,89,93]}","{""bbox"":[13,10,87,87],""size"":[74,77],""center"":[50.0,48.5],""pixels"":4128,""component_count"":1,""label_band_start_y"":66,""body_band_proxy_bbox"":[13,10,87,66],""label_band_proxy_bbox"":[21,66,83,87]}",0.902439,0.916667,"[0.0,-2.5]",0.097561,True,"[82,57]","[74,56]",0.902439,0.982456,0.097561,True,"[78,27]","[62,21]",0.794872,0.777778,0.222222,True
base_low,base,low,1,base_detail,34,appointment,任命,임명,2,223,"{""bbox"":[9,9,91,93],""size"":[82,84],""center"":[50.0,51.0],""pixels"":5385,""component_count"":1,""label_band_start_y"":66,""body_band_proxy_bbox"":[9,9,91,66],""label_band_proxy_bbox"":[11,66,89,93]}","{""bbox"":[13,10,87,87],""size"":[74,77],""center"":[50.0,48.5],""pixels"":4186,""component_count"":1,""label_band_start_y"":66,""body_band_proxy_bbox"":[13,10,87,66],""label_band_proxy_bbox"":[20,66,84,87]}",0.902439,0.916667,"[0.0,-2.5]",0.097561,True,"[82,57]","[74,56]",0.902439,0.982456,0.097561,True,"[78,27]","[64,21]",0.820513,0.777778,0.222222,True
base_low,base,low,1,base_detail,34,appointment,任命,임명,3,224,"{""bbox"":[9,9,91,93],""size"":[82,84],""center"":[50.0,51.0],""pixels"":5387,""component_count"":1,""label_band_start_y"":66,""body_band_proxy_bbox"":[9,9,91,66],""label_band_proxy_bbox"":[11,66,89,93]}","{""bbox"":[13,10,87,87],""size"":[74,77],""center"":[50.0,48.5],""pixels"":4226,""component_count"":1,""label_band_start_y"":66,""body_band_proxy_bbox"":[13,10,87,66],""label_band_proxy_bbox"":[20,66,84,87]}",0.902439,0.916667,"[0.0,-2.5]",0.097561,True,"[82,57]","[74,56]",0.902439,0.982456,0.097561,True,"[78,27]","[64,21]",0.820513,0.777778,0.222222,True
base_low,base,low,1,base_detail,34,appointment,任命,임명,4,225,"{""bbox"":[9,9,91,93],""size"":[82,84],""center"":[50.0,51.0],""pixels"":5387,""component_count"":1,""label_band_start_y"":66,""body_band_proxy_bbox"":[9,9,91,66],""label_band_proxy_bbox"":[11,66,89,93]}","{""bbox"":[14,10,87,87],""size"":[73,77],""center"":[50.5,48.5],""pixels"":4140,""component_count"":1,""label_band_start_y"":66,""body_band_proxy_bbox"":[14,10,87,66],""label_band_proxy_bbox"":[21,66,83,87]}",0.890244,0.916667,"[0.5,-2.5]",0.109756,True,"[82,57]","[73,56]",0.890244,0.982456,0.109756,True,"[78,27]","[62,21]",0.794872,0.777778,0.222222,True
base_low,base,low,1,base_detail,34,appointment,任命,임명,5,226,"{""bbox"":[9,9,91,93],""size"":[82,84],""center"":[50.0,51.0],""pixels"":5385,""component_count"":1,""label_band_start_y"":66,""body_band_proxy_bbox"":[9,9,91,66],""label_band_proxy_bbox"":[11,66,89,93]}","{""bbox"":[13,10,86,87],""size"":[73,77],""center"":[49.5,48.5],""pixels"":4173,""component_count"":2,""label_band_start_y"":66,""body_band_proxy_bbox"":[13,10,86,66],""label_band_proxy_bbox"":[20,66,84,87]}",0.890244,0.916667,"[-0.5,-2.5]",0.109756,True,"[82,57]","[73,56]",0.890244,0.982456,0.109756,True,"[78,27]","[64,21]",0.820513,0.777778,0.222222,True
base_low,base,low,1,base_detail,34,appointment,任命,임명,6,227,"{""bbox"":[9,9,91,93],""size"":[82,84],""center"":[50.0,51.0],""pixels"":5387,""component_count"":1,""label_band_start_y"":66,""body_band_proxy_bbox"":[9,9,91,66],""label_band_proxy_bbox"":[11,66,89,93]}","{""bbox"":[14,10,87,87],""size"":[73,77],""center"":[50.5,48.5],""pixels"":4122,""component_count"":1,""label_band_start_y"":66,""body_band_proxy_bbox"":[14,10,87,66],""label_band_proxy_bbox"":[20,66,83,87]}",0.890244,0.916667,"[0.5,-2.5]",0.109756,True,"[82,57]","[73,56]",0.890244,0.982456,0.109756,True,"[78,27]","[63,21]",0.807692,0.777778,0.222222,True
base_low,base,low,1,base_detail,35,military,軍事,군사,1,228,"{""bbox"":[9,9,91,93],""size"":[82,84],""center"":[50.0,51.0],""pixels"":5397,""component_count"":1,""label_band_start_y"":66,""body_band_proxy_bbox"":[9,9,91,66],""label_band_proxy_bbox"":[11,66,90,93]}","{""bbox"":[13,10,86,85],""size"":[73,75],""center"":[49.5,47.5],""pixels"":4095,""component_count"":1,""label_band_start_y"":66,""body_band_proxy_bbox"":[13,10,86,66],""label_band_proxy_bbox"":[20,66,85,85]}",0.890244,0.892857,"[-0.5,-3.5]",0.109756,True,"[82,57]","[73,56]",0.890244,0.982456,0.109756,True,"[79,27]","[65,19]",0.822785,0.703704,0.296296,True
base_low,base,low,1,base_detail,35,military,軍事,군사,2,229,"{""bbox"":[9,9,91,93],""size"":[82,84],""center"":[50.0,51.0],""pixels"":5397,""component_count"":1,""label_band_start_y"":66,""body_band_proxy_bbox"":[9,9,91,66],""label_band_proxy_bbox"":[11,66,90,93]}","{""bbox"":[14,10,87,87],""size"":[73,77],""center"":[50.5,48.5],""pixels"":4168,""component_count"":1,""label_band_start_y"":66,""body_band_proxy_bbox"":[14,10,87,66],""label_band_proxy_bbox"":[20,66,86,87]}",0.890244,0.916667,"[0.5,-2.5]",0.109756,True,"[82,57]","[73,56]",0.890244,0.982456,0.109756,True,"[79,27]","[66,21]",0.835443,0.777778,0.222222,True
base_low,base,low,1,base_detail,35,military,軍事,군사,3,230,"{""bbox"":[9,9,91,93],""size"":[82,84],""center"":[50.0,51.0],""pixels"":5399,""component_count"":1,""label_band_start_y"":66,""body_band_proxy_bbox"":[9,9,91,66],""label_band_proxy_bbox"":[11,66,90,93]}","{""bbox"":[14,10,87,87],""size"":[73,77],""center"":[50.5,48.5],""pixels"":4172,""component_count"":1,""label_band_start_y"":66,""body_band_proxy_bbox"":[14,10,87,66],""label_band_proxy_bbox"":[20,66,86,87]}",0.890244,0.916667,"[0.5,-2.5]",0.109756,True,"[82,57]","[73,56]",0.890244,0.982456,0.109756,True,"[79,27]","[66,21]",0.835443,0.777778,0.222222,True
base_low,base,low,1,base_detail,35,military,軍事,군사,4,231,"{""bbox"":[9,9,91,93],""size"":[82,84],""center"":[50.0,51.0],""pixels"":5399,""component_count"":1,""label_band_start_y"":66,""body_band_proxy_bbox"":[9,9,91,66],""label_band_proxy_bbox"":[11,66,90,93]}","{""bbox"":[14,10,87,85],""size"":[73,75],""center"":[50.5,47.5],""pixels"":4053,""component_count"":1,""label_band_start_y"":66,""body_band_proxy_bbox"":[14,10,87,66],""label_band_proxy_bbox"":[20,66,85,85]}",0.890244,0.892857,"[0.5,-3.5]",0.109756,True,"[82,57]","[73,56]",0.890244,0.982456,0.109756,True,"[79,27]","[65,19]",0.822785,0.703704,0.296296,True
base_low,base,low,1,base_detail,35,military,軍事,군사,5,232,"{""bbox"":[9,9,91,93],""size"":[82,84],""center"":[50.0,51.0],""pixels"":5397,""component_count"":1,""label_band_start_y"":66,""body_band_proxy_bbox"":[9,9,91,66],""label_band_proxy_bbox"":[11,66,90,93]}","{""bbox"":[13,10,87,87],""size"":[74,77],""center"":[50.0,48.5],""pixels"":4244,""component_count"":1,""label_band_start_y"":66,""body_band_proxy_bbox"":[13,10,87,66],""label_band_proxy_bbox"":[19,66,86,87]}",0.902439,0.916667,"[0.0,-2.5]",0.097561,True,"[82,57]","[74,56]",0.902439,0.982456,0.097561,True,"[79,27]","[67,21]",0.848101,0.777778,0.222222,True
base_low,base,low,1,base_detail,35,military,軍事,군사,6,233,"{""bbox"":[9,9,91,93],""size"":[82,84],""center"":[50.0,51.0],""pixels"":5399,""component_count"":1,""label_band_start_y"":66,""body_band_proxy_bbox"":[9,9,91,66],""label_band_proxy_bbox"":[11,66,90,93]}","{""bbox"":[13,10,87,85],""size"":[74,75],""center"":[50.0,47.5],""pixels"":4051,""component_count"":1,""label_band_start_y"":66,""body_band_proxy_bbox"":[13,10,87,66],""label_band_proxy_bbox"":[20,66,85,85]}",0.902439,0.892857,"[0.0,-3.5]",0.107143,True,"[82,57]","[74,56]",0.902439,0.982456,0.097561,True,"[79,27]","[65,19]",0.822785,0.703704,0.296296,True
base_low,base,low,1,base_detail,36,domestic,内政,내정,1,234,"{""bbox"":[9,9,91,93],""size"":[82,84],""center"":[50.0,51.0],""pixels"":5426,""component_count"":1,""label_band_start_y"":66,""body_band_proxy_bbox"":[9,9,91,66],""label_band_proxy_bbox"":[11,66,89,93]}","{""bbox"":[13,11,87,87],""size"":[74,76],""center"":[50.0,49.0],""pixels"":4055,""component_count"":1,""label_band_start_y"":66,""body_band_proxy_bbox"":[13,11,87,66],""label_band_proxy_bbox"":[18,66,79,87]}",0.902439,0.904762,"[0.0,-2.0]",0.097561,True,"[82,57]","[74,55]",0.902439,0.964912,0.097561,True,"[78,27]","[61,21]",0.782051,0.777778,0.222222,True
base_low,base,low,1,base_detail,36,domestic,内政,내정,2,235,"{""bbox"":[9,9,91,93],""size"":[82,84],""center"":[50.0,51.0],""pixels"":5426,""component_count"":1,""label_band_start_y"":66,""body_band_proxy_bbox"":[9,9,91,66],""label_band_proxy_bbox"":[11,66,89,93]}","{""bbox"":[14,10,87,88],""size"":[73,78],""center"":[50.5,49.0],""pixels"":4291,""component_count"":1,""label_band_start_y"":66,""body_band_proxy_bbox"":[14,10,87,66],""label_band_proxy_bbox"":[16,66,81,88]}",0.890244,0.928571,"[0.5,-2.0]",0.109756,True,"[82,57]","[73,56]",0.890244,0.982456,0.109756,True,"[78,27]","[65,22]",0.833333,0.814815,0.185185,True
base_low,base,low,1,base_detail,36,domestic,内政,내정,3,236,"{""bbox"":[9,9,91,93],""size"":[82,84],""center"":[50.0,51.0],""pixels"":5428,""component_count"":1,""label_band_start_y"":66,""body_band_proxy_bbox"":[9,9,91,66],""label_band_proxy_bbox"":[11,66,89,93]}","{""bbox"":[13,10,87,88],""size"":[74,78],""center"":[50.0,49.0],""pixels"":4270,""component_count"":1,""label_band_start_y"":66,""body_band_proxy_bbox"":[13,10,87,66],""label_band_proxy_bbox"":[17,66,80,88]}",0.902439,0.928571,"[0.0,-2.0]",0.097561,True,"[82,57]","[74,56]",0.902439,0.982456,0.097561,True,"[78,27]","[63,22]",0.807692,0.814815,0.192308,True
base_low,base,low,1,base_detail,36,domestic,内政,내정,4,237,"{""bbox"":[9,9,91,93],""size"":[82,84],""center"":[50.0,51.0],""pixels"":5428,""component_count"":1,""label_band_start_y"":66,""body_band_proxy_bbox"":[9,9,91,66],""label_band_proxy_bbox"":[11,66,89,93]}","{""bbox"":[14,10,87,87],""size"":[73,77],""center"":[50.5,48.5],""pixels"":4139,""component_count"":1,""label_band_start_y"":66,""body_band_proxy_bbox"":[14,10,87,66],""label_band_proxy_bbox"":[19,66,80,87]}",0.890244,0.916667,"[0.5,-2.5]",0.109756,True,"[82,57]","[73,56]",0.890244,0.982456,0.109756,True,"[78,27]","[61,21]",0.782051,0.777778,0.222222,True
base_low,base,low,1,base_detail,36,domestic,内政,내정,5,238,"{""bbox"":[9,9,91,93],""size"":[82,84],""center"":[50.0,51.0],""pixels"":5426,""component_count"":1,""label_band_start_y"":66,""body_band_proxy_bbox"":[9,9,91,66],""label_band_proxy_bbox"":[11,66,89,93]}","{""bbox"":[14,10,87,88],""size"":[73,78],""center"":[50.5,49.0],""pixels"":4232,""component_count"":1,""label_band_start_y"":66,""body_band_proxy_bbox"":[14,10,87,66],""label_band_proxy_bbox"":[17,66,80,88]}",0.890244,0.928571,"[0.5,-2.0]",0.109756,True,"[82,57]","[73,56]",0.890244,0.982456,0.109756,True,"[78,27]","[63,22]",0.807692,0.814815,0.192308,True
base_low,base,low,1,base_detail,36,domestic,内政,내정,6,239,"{""bbox"":[9,9,91,93],""size"":[82,84],""center"":[50.0,51.0],""pixels"":5428,""component_count"":1,""label_band_start_y"":66,""body_band_proxy_bbox"":[9,9,91,66],""label_band_proxy_bbox"":[11,66,89,93]}","{""bbox"":[14,10,87,88],""size"":[73,78],""center"":[50.5,49.0],""pixels"":4148,""component_count"":1,""label_band_start_y"":66,""body_band_proxy_bbox"":[14,10,87,66],""label_band_proxy_bbox"":[17,66,80,88]}",0.890244,0.928571,"[0.5,-2.0]",0.109756,True,"[82,57]","[73,56]",0.890244,0.982456,0.109756,True,"[78,27]","[63,22]",0.807692,0.814815,0.192308,True
base_low,base,low,1,base_detail,37,domain_policy,領内諸策,영지계책,1,240,"{""bbox"":[3,9,96,93],""size"":[93,84],""center"":[49.5,51.0],""pixels"":5970,""component_count"":1,""label_band_start_y"":66,""body_band_proxy_bbox"":[7,9,93,66],""label_band_proxy_bbox"":[3,66,96,93]}","{""bbox"":[12,10,87,87],""size"":[75,77],""center"":[49.5,48.5],""pixels"":4526,""component_count"":1,""label_band_start_y"":66,""body_band_proxy_bbox"":[13,10,86,66],""label_band_proxy_bbox"":[12,66,87,87]}",0.806452,0.916667,"[0.0,-2.5]",0.193548,True,"[86,57]","[73,56]",0.848837,0.982456,0.151163,True,"[93,27]","[75,21]",0.806452,0.777778,0.222222,True
base_low,base,low,1,base_detail,37,domain_policy,領内諸策,영지계책,2,241,"{""bbox"":[3,9,96,93],""size"":[93,84],""center"":[49.5,51.0],""pixels"":5970,""component_count"":1,""label_band_start_y"":66,""body_band_proxy_bbox"":[7,9,93,66],""label_band_proxy_bbox"":[3,66,96,93]}","{""bbox"":[11,10,88,87],""size"":[77,77],""center"":[49.5,48.5],""pixels"":4650,""component_count"":2,""label_band_start_y"":66,""body_band_proxy_bbox"":[13,10,87,66],""label_band_proxy_bbox"":[11,66,88,87]}",0.827957,0.916667,"[0.0,-2.5]",0.172043,True,"[86,57]","[74,56]",0.860465,0.982456,0.139535,True,"[93,27]","[77,21]",0.827957,0.777778,0.222222,True
base_low,base,low,1,base_detail,37,domain_policy,領内諸策,영지계책,3,242,"{""bbox"":[3,9,96,93],""size"":[93,84],""center"":[49.5,51.0],""pixels"":5974,""component_count"":1,""label_band_start_y"":66,""body_band_proxy_bbox"":[7,9,93,66],""label_band_proxy_bbox"":[3,66,96,93]}","{""bbox"":[11,10,88,88],""size"":[77,78],""center"":[49.5,49.0],""pixels"":4677,""component_count"":1,""label_band_start_y"":66,""body_band_proxy_bbox"":[13,10,87,66],""label_band_proxy_bbox"":[11,66,88,88]}",0.827957,0.928571,"[0.0,-2.0]",0.172043,True,"[86,57]","[74,56]",0.860465,0.982456,0.139535,True,"[93,27]","[77,22]",0.827957,0.814815,0.185185,True
base_low,base,low,1,base_detail,37,domain_policy,領内諸策,영지계책,4,243,"{""bbox"":[3,9,96,93],""size"":[93,84],""center"":[49.5,51.0],""pixels"":5972,""component_count"":1,""label_band_start_y"":66,""body_band_proxy_bbox"":[7,9,93,66],""label_band_proxy_bbox"":[3,66,96,93]}","{""bbox"":[12,10,86,87],""size"":[74,77],""center"":[49.0,48.5],""pixels"":4512,""component_count"":2,""label_band_start_y"":66,""body_band_proxy_bbox"":[14,10,86,66],""label_band_proxy_bbox"":[12,66,86,87]}",0.795699,0.916667,"[-0.5,-2.5]",0.204301,True,"[86,57]","[72,56]",0.837209,0.982456,0.162791,True,"[93,27]","[74,21]",0.795699,0.777778,0.222222,True
base_low,base,low,1,base_detail,37,domain_policy,領内諸策,영지계책,5,244,"{""bbox"":[3,9,96,93],""size"":[93,84],""center"":[49.5,51.0],""pixels"":5970,""component_count"":1,""label_band_start_y"":66,""body_band_proxy_bbox"":[7,9,93,66],""label_band_proxy_bbox"":[3,66,96,93]}","{""bbox"":[10,10,87,88],""size"":[77,78],""center"":[48.5,49.0],""pixels"":4755,""component_count"":1,""label_band_start_y"":66,""body_band_proxy_bbox"":[13,10,87,66],""label_band_proxy_bbox"":[10,66,87,88]}",0.827957,0.928571,"[-1.0,-2.0]",0.172043,True,"[86,57]","[74,56]",0.860465,0.982456,0.139535,True,"[93,27]","[77,22]",0.827957,0.814815,0.185185,True
base_low,base,low,1,base_detail,37,domain_policy,領内諸策,영지계책,6,245,"{""bbox"":[3,9,96,93],""size"":[93,84],""center"":[49.5,51.0],""pixels"":5972,""component_count"":1,""label_band_start_y"":66,""body_band_proxy_bbox"":[7,9,93,66],""label_band_proxy_bbox"":[3,66,96,93]}","{""bbox"":[13,10,87,85],""size"":[74,75],""center"":[50.0,47.5],""pixels"":4406,""component_count"":2,""label_band_start_y"":66,""body_band_proxy_bbox"":[15,10,86,66],""label_band_proxy_bbox"":[13,66,87,85]}",0.795699,0.892857,"[0.5,-3.5]",0.204301,True,"[86,57]","[71,56]",0.825581,0.982456,0.174419,True,"[93,27]","[74,19]",0.795699,0.703704,0.296296,True
base_low,base,low,1,base_detail,38,scheme,調略,조략,1,246,"{""bbox"":[9,9,91,93],""size"":[82,84],""center"":[50.0,51.0],""pixels"":5300,""component_count"":1,""label_band_start_y"":66,""body_band_proxy_bbox"":[9,9,91,66],""label_band_proxy_bbox"":[11,66,89,93]}","{""bbox"":[14,10,85,86],""size"":[71,76],""center"":[49.5,48.0],""pixels"":3850,""component_count"":1,""label_band_start_y"":66,""body_band_proxy_bbox"":[14,10,85,66],""label_band_proxy_bbox"":[20,66,79,86]}",0.865854,0.904762,"[-0.5,-3.0]",0.134146,True,"[82,57]","[71,56]",0.865854,0.982456,0.134146,True,"[78,27]","[59,20]",0.75641,0.740741,0.259259,True
base_low,base,low,1,base_detail,38,scheme,調略,조략,2,247,"{""bbox"":[9,9,91,93],""size"":[82,84],""center"":[50.0,51.0],""pixels"":5300,""component_count"":1,""label_band_start_y"":66,""body_band_proxy_bbox"":[9,9,91,66],""label_band_proxy_bbox"":[11,66,89,93]}","{""bbox"":[14,10,85,87],""size"":[71,77],""center"":[49.5,48.5],""pixels"":3877,""component_count"":1,""label_band_start_y"":66,""body_band_proxy_bbox"":[14,10,85,66],""label_band_proxy_bbox"":[20,66,78,87]}",0.865854,0.916667,"[-0.5,-2.5]",0.134146,True,"[82,57]","[71,56]",0.865854,0.982456,0.134146,True,"[78,27]","[58,21]",0.74359,0.777778,0.25641,True
base_low,base,low,1,base_detail,38,scheme,調略,조략,3,248,"{""bbox"":[9,9,91,93],""size"":[82,84],""center"":[50.0,51.0],""pixels"":5302,""component_count"":1,""label_band_start_y"":66,""body_band_proxy_bbox"":[9,9,91,66],""label_band_proxy_bbox"":[11,66,89,93]}","{""bbox"":[15,10,85,87],""size"":[70,77],""center"":[50.0,48.5],""pixels"":3898,""component_count"":1,""label_band_start_y"":66,""body_band_proxy_bbox"":[15,10,85,66],""label_band_proxy_bbox"":[21,66,80,87]}",0.853659,0.916667,"[0.0,-2.5]",0.146341,True,"[82,57]","[70,56]",0.853659,0.982456,0.146341,True,"[78,27]","[59,21]",0.75641,0.777778,0.24359,True
base_low,base,low,1,base_detail,38,scheme,調略,조략,4,249,"{""bbox"":[9,9,91,93],""size"":[82,84],""center"":[50.0,51.0],""pixels"":5302,""component_count"":1,""label_band_start_y"":66,""body_band_proxy_bbox"":[9,9,91,66],""label_band_proxy_bbox"":[11,66,89,93]}","{""bbox"":[15,10,85,86],""size"":[70,76],""center"":[50.0,48.0],""pixels"":3796,""component_count"":1,""label_band_start_y"":66,""body_band_proxy_bbox"":[15,10,85,66],""label_band_proxy_bbox"":[21,66,79,86]}",0.853659,0.904762,"[0.0,-3.0]",0.146341,True,"[82,57]","[70,56]",0.853659,0.982456,0.146341,True,"[78,27]","[58,20]",0.74359,0.740741,0.259259,True
base_low,base,low,1,base_detail,38,scheme,調略,조략,5,250,"{""bbox"":[9,9,91,93],""size"":[82,84],""center"":[50.0,51.0],""pixels"":5300,""component_count"":1,""label_band_start_y"":66,""body_band_proxy_bbox"":[9,9,91,66],""label_band_proxy_bbox"":[11,66,89,93]}","{""bbox"":[15,10,85,87],""size"":[70,77],""center"":[50.0,48.5],""pixels"":3875,""component_count"":1,""label_band_start_y"":66,""body_band_proxy_bbox"":[15,10,85,66],""label_band_proxy_bbox"":[20,66,78,87]}",0.853659,0.916667,"[0.0,-2.5]",0.146341,True,"[82,57]","[70,56]",0.853659,0.982456,0.146341,True,"[78,27]","[58,21]",0.74359,0.777778,0.25641,True
base_low,base,low,1,base_detail,38,scheme,調略,조략,6,251,"{""bbox"":[9,9,91,93],""size"":[82,84],""center"":[50.0,51.0],""pixels"":5302,""component_count"":1,""label_band_start_y"":66,""body_band_proxy_bbox"":[9,9,91,66],""label_band_proxy_bbox"":[11,66,89,93]}","{""bbox"":[15,10,85,86],""size"":[70,76],""center"":[50.0,48.0],""pixels"":3814,""component_count"":1,""label_band_start_y"":66,""body_band_proxy_bbox"":[15,10,85,66],""label_band_proxy_bbox"":[20,66,79,86]}",0.853659,0.904762,"[0.0,-3.0]",0.146341,True,"[82,57]","[70,56]",0.853659,0.982456,0.146341,True,"[78,27]","[59,20]",0.75641,0.740741,0.259259,True
base_low,base,low,1,base_detail,39,fief,知行,지행,1,282,"{""bbox"":[9,9,91,93],""size"":[82,84],""center"":[50.0,51.0],""pixels"":5301,""component_count"":1,""label_band_start_y"":66,""body_band_proxy_bbox"":[9,9,91,66],""label_band_proxy_bbox"":[11,66,89,93]}","{""bbox"":[13,10,86,85],""size"":[73,75],""center"":[49.5,47.5],""pixels"":3975,""component_count"":1,""label_band_start_y"":66,""body_band_proxy_bbox"":[13,10,86,66],""label_band_proxy_bbox"":[20,66,80,85]}",0.890244,0.892857,"[-0.5,-3.5]",0.109756,True,"[82,57]","[73,56]",0.890244,0.982456,0.109756,True,"[78,27]","[60,19]",0.769231,0.703704,0.296296,True
base_low,base,low,1,base_detail,39,fief,知行,지행,2,283,"{""bbox"":[9,9,91,93],""size"":[82,84],""center"":[50.0,51.0],""pixels"":5301,""component_count"":1,""label_band_start_y"":66,""body_band_proxy_bbox"":[9,9,91,66],""label_band_proxy_bbox"":[11,66,89,93]}","{""bbox"":[13,10,86,87],""size"":[73,77],""center"":[49.5,48.5],""pixels"":4071,""component_count"":1,""label_band_start_y"":66,""body_band_proxy_bbox"":[13,10,86,66],""label_band_proxy_bbox"":[21,66,81,87]}",0.890244,0.916667,"[-0.5,-2.5]",0.109756,True,"[82,57]","[73,56]",0.890244,0.982456,0.109756,True,"[78,27]","[60,21]",0.769231,0.777778,0.230769,True
base_low,base,low,1,base_detail,39,fief,知行,지행,3,284,"{""bbox"":[9,9,91,93],""size"":[82,84],""center"":[50.0,51.0],""pixels"":5303,""component_count"":1,""label_band_start_y"":66,""body_band_proxy_bbox"":[9,9,91,66],""label_band_proxy_bbox"":[11,66,89,93]}","{""bbox"":[13,10,87,87],""size"":[74,77],""center"":[50.0,48.5],""pixels"":4112,""component_count"":1,""label_band_start_y"":66,""body_band_proxy_bbox"":[13,10,87,66],""label_band_proxy_bbox"":[20,66,80,87]}",0.902439,0.916667,"[0.0,-2.5]",0.097561,True,"[82,57]","[74,56]",0.902439,0.982456,0.097561,True,"[78,27]","[60,21]",0.769231,0.777778,0.230769,True
base_low,base,low,1,base_detail,39,fief,知行,지행,4,285,"{""bbox"":[9,9,91,93],""size"":[82,84],""center"":[50.0,51.0],""pixels"":5303,""component_count"":1,""label_band_start_y"":66,""body_band_proxy_bbox"":[9,9,91,66],""label_band_proxy_bbox"":[11,66,89,93]}","{""bbox"":[14,10,87,85],""size"":[73,75],""center"":[50.5,47.5],""pixels"":3933,""component_count"":1,""label_band_start_y"":66,""body_band_proxy_bbox"":[14,10,87,66],""label_band_proxy_bbox"":[22,66,80,85]}",0.890244,0.892857,"[0.5,-3.5]",0.109756,True,"[82,57]","[73,56]",0.890244,0.982456,0.109756,True,"[78,27]","[58,19]",0.74359,0.703704,0.296296,True
base_low,base,low,1,base_detail,39,fief,知行,지행,5,286,"{""bbox"":[9,9,91,93],""size"":[82,84],""center"":[50.0,51.0],""pixels"":5301,""component_count"":1,""label_band_start_y"":66,""body_band_proxy_bbox"":[9,9,91,66],""label_band_proxy_bbox"":[11,66,89,93]}","{""bbox"":[13,10,87,87],""size"":[74,77],""center"":[50.0,48.5],""pixels"":4093,""component_count"":1,""label_band_start_y"":66,""body_band_proxy_bbox"":[13,10,87,66],""label_band_proxy_bbox"":[21,66,79,87]}",0.902439,0.916667,"[0.0,-2.5]",0.097561,True,"[82,57]","[74,56]",0.902439,0.982456,0.097561,True,"[78,27]","[58,21]",0.74359,0.777778,0.25641,True
base_low,base,low,1,base_detail,39,fief,知行,지행,6,287,"{""bbox"":[9,9,91,93],""size"":[82,84],""center"":[50.0,51.0],""pixels"":5303,""component_count"":1,""label_band_start_y"":66,""body_band_proxy_bbox"":[9,9,91,66],""label_band_proxy_bbox"":[11,66,89,93]}","{""bbox"":[13,10,87,86],""size"":[74,76],""center"":[50.0,48.0],""pixels"":4026,""component_count"":1,""label_band_start_y"":66,""body_band_proxy_bbox"":[13,10,87,66],""label_band_proxy_bbox"":[20,66,79,86]}",0.902439,0.904762,"[0.0,-3.0]",0.097561,True,"[82,57]","[74,56]",0.902439,0.982456,0.097561,True,"[78,27]","[59,20]",0.75641,0.740741,0.259259,True
base_low,base,low,1,base_detail,40,transfer_fief,転封,전봉,1,288,"{""bbox"":[9,9,91,93],""size"":[82,84],""center"":[50.0,51.0],""pixels"":5298,""component_count"":1,""label_band_start_y"":66,""body_band_proxy_bbox"":[9,9,91,66],""label_band_proxy_bbox"":[11,66,89,93]}","{""bbox"":[14,10,86,87],""size"":[72,77],""center"":[50.0,48.5],""pixels"":4005,""component_count"":1,""label_band_start_y"":66,""body_band_proxy_bbox"":[14,10,86,66],""label_band_proxy_bbox"":[21,66,79,87]}",0.878049,0.916667,"[0.0,-2.5]",0.121951,True,"[82,57]","[72,56]",0.878049,0.982456,0.121951,True,"[78,27]","[58,21]",0.74359,0.777778,0.25641,True
base_low,base,low,1,base_detail,40,transfer_fief,転封,전봉,2,289,"{""bbox"":[9,9,91,93],""size"":[82,84],""center"":[50.0,51.0],""pixels"":5298,""component_count"":1,""label_band_start_y"":66,""body_band_proxy_bbox"":[9,9,91,66],""label_band_proxy_bbox"":[11,66,89,93]}","{""bbox"":[14,10,87,88],""size"":[73,78],""center"":[50.5,49.0],""pixels"":4135,""component_count"":1,""label_band_start_y"":66,""body_band_proxy_bbox"":[14,10,87,66],""label_band_proxy_bbox"":[20,66,80,88]}",0.890244,0.928571,"[0.5,-2.0]",0.109756,True,"[82,57]","[73,56]",0.890244,0.982456,0.109756,True,"[78,27]","[60,22]",0.769231,0.814815,0.230769,True
base_low,base,low,1,base_detail,40,transfer_fief,転封,전봉,3,290,"{""bbox"":[9,9,91,93],""size"":[82,84],""center"":[50.0,51.0],""pixels"":5300,""component_count"":1,""label_band_start_y"":66,""body_band_proxy_bbox"":[9,9,91,66],""label_band_proxy_bbox"":[11,66,89,93]}","{""bbox"":[14,10,86,88],""size"":[72,78],""center"":[50.0,49.0],""pixels"":4023,""component_count"":1,""label_band_start_y"":66,""body_band_proxy_bbox"":[14,10,86,66],""label_band_proxy_bbox"":[21,66,79,88]}",0.878049,0.928571,"[0.0,-2.0]",0.121951,True,"[82,57]","[72,56]",0.878049,0.982456,0.121951,True,"[78,27]","[58,22]",0.74359,0.814815,0.25641,True
base_low,base,low,1,base_detail,40,transfer_fief,転封,전봉,4,291,"{""bbox"":[9,9,91,93],""size"":[82,84],""center"":[50.0,51.0],""pixels"":5300,""component_count"":1,""label_band_start_y"":66,""body_band_proxy_bbox"":[9,9,91,66],""label_band_proxy_bbox"":[11,66,89,93]}","{""bbox"":[13,10,86,87],""size"":[73,77],""center"":[49.5,48.5],""pixels"":4046,""component_count"":1,""label_band_start_y"":66,""body_band_proxy_bbox"":[13,10,86,66],""label_band_proxy_bbox"":[20,66,80,87]}",0.890244,0.916667,"[-0.5,-2.5]",0.109756,True,"[82,57]","[73,56]",0.890244,0.982456,0.109756,True,"[78,27]","[60,21]",0.769231,0.777778,0.230769,True
base_low,base,low,1,base_detail,40,transfer_fief,転封,전봉,5,292,"{""bbox"":[9,9,91,93],""size"":[82,84],""center"":[50.0,51.0],""pixels"":5298,""component_count"":1,""label_band_start_y"":66,""body_band_proxy_bbox"":[9,9,91,66],""label_band_proxy_bbox"":[11,66,89,93]}","{""bbox"":[14,10,86,88],""size"":[72,78],""center"":[50.0,49.0],""pixels"":4121,""component_count"":2,""label_band_start_y"":66,""body_band_proxy_bbox"":[14,10,86,66],""label_band_proxy_bbox"":[20,66,80,88]}",0.878049,0.928571,"[0.0,-2.0]",0.121951,True,"[82,57]","[72,56]",0.878049,0.982456,0.121951,True,"[78,27]","[60,22]",0.769231,0.814815,0.230769,True
base_low,base,low,1,base_detail,40,transfer_fief,転封,전봉,6,293,"{""bbox"":[9,9,91,93],""size"":[82,84],""center"":[50.0,51.0],""pixels"":5300,""component_count"":1,""label_band_start_y"":66,""body_band_proxy_bbox"":[9,9,91,66],""label_band_proxy_bbox"":[11,66,89,93]}","{""bbox"":[14,10,87,87],""size"":[73,77],""center"":[50.5,48.5],""pixels"":4034,""component_count"":1,""label_band_start_y"":66,""body_band_proxy_bbox"":[14,10,87,66],""label_band_proxy_bbox"":[20,66,80,87]}",0.890244,0.916667,"[0.5,-2.5]",0.109756,True,"[82,57]","[73,56]",0.890244,0.982456,0.109756,True,"[78,27]","[60,21]",0.769231,0.777778,0.230769,True
base_low,base,low,1,base_detail,41,magistrate,代官,대관,1,294,"{""bbox"":[9,9,91,93],""size"":[82,84],""center"":[50.0,51.0],""pixels"":5276,""component_count"":1,""label_band_start_y"":66,""body_band_proxy_bbox"":[9,9,91,66],""label_band_proxy_bbox"":[11,66,89,93]}","{""bbox"":[13,10,87,87],""size"":[74,77],""center"":[50.0,48.5],""pixels"":4100,""component_count"":2,""label_band_start_y"":66,""body_band_proxy_bbox"":[13,10,87,66],""label_band_proxy_bbox"":[20,66,80,87]}",0.902439,0.916667,"[0.0,-2.5]",0.097561,True,"[82,57]","[74,56]",0.902439,0.982456,0.097561,True,"[78,27]","[60,21]",0.769231,0.777778,0.230769,True
base_low,base,low,1,base_detail,41,magistrate,代官,대관,2,295,"{""bbox"":[9,9,91,93],""size"":[82,84],""center"":[50.0,51.0],""pixels"":5276,""component_count"":1,""label_band_start_y"":66,""body_band_proxy_bbox"":[9,9,91,66],""label_band_proxy_bbox"":[11,66,89,93]}","{""bbox"":[14,10,86,87],""size"":[72,77],""center"":[50.0,48.5],""pixels"":4027,""component_count"":1,""label_band_start_y"":66,""body_band_proxy_bbox"":[14,10,86,66],""label_band_proxy_bbox"":[21,66,80,87]}",0.878049,0.916667,"[0.0,-2.5]",0.121951,True,"[82,57]","[72,56]",0.878049,0.982456,0.121951,True,"[78,27]","[59,21]",0.75641,0.777778,0.24359,True
base_low,base,low,1,base_detail,41,magistrate,代官,대관,3,296,"{""bbox"":[9,9,91,93],""size"":[82,84],""center"":[50.0,51.0],""pixels"":5278,""component_count"":1,""label_band_start_y"":66,""body_band_proxy_bbox"":[9,9,91,66],""label_band_proxy_bbox"":[11,66,89,93]}","{""bbox"":[15,10,87,87],""size"":[72,77],""center"":[51.0,48.5],""pixels"":4020,""component_count"":1,""label_band_start_y"":66,""body_band_proxy_bbox"":[15,10,87,66],""label_band_proxy_bbox"":[20,66,80,87]}",0.878049,0.916667,"[1.0,-2.5]",0.121951,True,"[82,57]","[72,56]",0.878049,0.982456,0.121951,True,"[78,27]","[60,21]",0.769231,0.777778,0.230769,True
base_low,base,low,1,base_detail,41,magistrate,代官,대관,4,297,"{""bbox"":[9,9,91,93],""size"":[82,84],""center"":[50.0,51.0],""pixels"":5278,""component_count"":1,""label_band_start_y"":66,""body_band_proxy_bbox"":[9,9,91,66],""label_band_proxy_bbox"":[11,66,89,93]}","{""bbox"":[14,10,87,87],""size"":[73,77],""center"":[50.5,48.5],""pixels"":3998,""component_count"":1,""label_band_start_y"":66,""body_band_proxy_bbox"":[14,10,87,66],""label_band_proxy_bbox"":[20,66,81,87]}",0.890244,0.916667,"[0.5,-2.5]",0.109756,True,"[82,57]","[73,56]",0.890244,0.982456,0.109756,True,"[78,27]","[61,21]",0.782051,0.777778,0.222222,True
base_low,base,low,1,base_detail,41,magistrate,代官,대관,5,298,"{""bbox"":[9,9,91,93],""size"":[82,84],""center"":[50.0,51.0],""pixels"":5276,""component_count"":1,""label_band_start_y"":66,""body_band_proxy_bbox"":[9,9,91,66],""label_band_proxy_bbox"":[11,66,89,93]}","{""bbox"":[14,10,86,87],""size"":[72,77],""center"":[50.0,48.5],""pixels"":4046,""component_count"":1,""label_band_start_y"":66,""body_band_proxy_bbox"":[14,10,86,66],""label_band_proxy_bbox"":[20,66,80,87]}",0.878049,0.916667,"[0.0,-2.5]",0.121951,True,"[82,57]","[72,56]",0.878049,0.982456,0.121951,True,"[78,27]","[60,21]",0.769231,0.777778,0.230769,True
base_low,base,low,1,base_detail,41,magistrate,代官,대관,6,299,"{""bbox"":[9,9,91,93],""size"":[82,84],""center"":[50.0,51.0],""pixels"":5278,""component_count"":1,""label_band_start_y"":66,""body_band_proxy_bbox"":[9,9,91,66],""label_band_proxy_bbox"":[11,66,89,93]}","{""bbox"":[14,10,87,86],""size"":[73,76],""center"":[50.5,48.0],""pixels"":3968,""component_count"":1,""label_band_start_y"":66,""body_band_proxy_bbox"":[14,10,87,66],""label_band_proxy_bbox"":[20,66,79,86]}",0.890244,0.904762,"[0.5,-3.0]",0.109756,True,"[82,57]","[73,56]",0.890244,0.982456,0.109756,True,"[78,27]","[59,20]",0.75641,0.740741,0.259259,True
base_low,base,low,1,base_detail,42,sortie,出陣,출진,1,300,"{""bbox"":[9,9,91,93],""size"":[82,84],""center"":[50.0,51.0],""pixels"":5300,""component_count"":1,""label_band_start_y"":66,""body_band_proxy_bbox"":[9,9,91,66],""label_band_proxy_bbox"":[11,66,89,93]}","{""bbox"":[14,13,86,87],""size"":[72,74],""center"":[50.0,50.0],""pixels"":3835,""component_count"":1,""label_band_start_y"":66,""body_band_proxy_bbox"":[14,13,86,66],""label_band_proxy_bbox"":[21,66,79,87]}",0.878049,0.880952,"[0.0,-1.0]",0.121951,True,"[82,57]","[72,53]",0.878049,0.929825,0.121951,True,"[78,27]","[58,21]",0.74359,0.777778,0.25641,True
base_low,base,low,1,base_detail,42,sortie,出陣,출진,2,301,"{""bbox"":[9,9,91,93],""size"":[82,84],""center"":[50.0,51.0],""pixels"":5300,""component_count"":1,""label_band_start_y"":66,""body_band_proxy_bbox"":[9,9,91,66],""label_band_proxy_bbox"":[11,66,89,93]}","{""bbox"":[14,13,86,87],""size"":[72,74],""center"":[50.0,50.0],""pixels"":3938,""component_count"":1,""label_band_start_y"":66,""body_band_proxy_bbox"":[14,13,86,66],""label_band_proxy_bbox"":[21,66,80,87]}",0.878049,0.880952,"[0.0,-1.0]",0.121951,True,"[82,57]","[72,53]",0.878049,0.929825,0.121951,True,"[78,27]","[59,21]",0.75641,0.777778,0.24359,True
base_low,base,low,1,base_detail,42,sortie,出陣,출진,3,302,"{""bbox"":[9,9,91,93],""size"":[82,84],""center"":[50.0,51.0],""pixels"":5302,""component_count"":1,""label_band_start_y"":66,""body_band_proxy_bbox"":[9,9,91,66],""label_band_proxy_bbox"":[11,66,89,93]}","{""bbox"":[15,13,87,88],""size"":[72,75],""center"":[51.0,50.5],""pixels"":3958,""component_count"":1,""label_band_start_y"":66,""body_band_proxy_bbox"":[15,13,87,66],""label_band_proxy_bbox"":[21,66,81,88]}",0.878049,0.892857,"[1.0,-0.5]",0.121951,True,"[82,57]","[72,53]",0.878049,0.929825,0.121951,True,"[78,27]","[60,22]",0.769231,0.814815,0.230769,True
base_low,base,low,1,base_detail,42,sortie,出陣,출진,4,303,"{""bbox"":[9,9,91,93],""size"":[82,84],""center"":[50.0,51.0],""pixels"":5302,""component_count"":1,""label_band_start_y"":66,""body_band_proxy_bbox"":[9,9,91,66],""label_band_proxy_bbox"":[11,66,89,93]}","{""bbox"":[14,13,86,87],""size"":[72,74],""center"":[50.0,50.0],""pixels"":3828,""component_count"":1,""label_band_start_y"":66,""body_band_proxy_bbox"":[14,13,86,66],""label_band_proxy_bbox"":[21,66,79,87]}",0.878049,0.880952,"[0.0,-1.0]",0.121951,True,"[82,57]","[72,53]",0.878049,0.929825,0.121951,True,"[78,27]","[58,21]",0.74359,0.777778,0.25641,True
base_low,base,low,1,base_detail,42,sortie,出陣,출진,5,304,"{""bbox"":[9,9,91,93],""size"":[82,84],""center"":[50.0,51.0],""pixels"":5300,""component_count"":1,""label_band_start_y"":66,""body_band_proxy_bbox"":[9,9,91,66],""label_band_proxy_bbox"":[11,66,89,93]}","{""bbox"":[14,13,87,87],""size"":[73,74],""center"":[50.5,50.0],""pixels"":3979,""component_count"":1,""label_band_start_y"":66,""body_band_proxy_bbox"":[14,13,87,66],""label_band_proxy_bbox"":[21,66,80,87]}",0.890244,0.880952,"[0.5,-1.0]",0.119048,True,"[82,57]","[73,53]",0.890244,0.929825,0.109756,True,"[78,27]","[59,21]",0.75641,0.777778,0.24359,True
base_low,base,low,1,base_detail,42,sortie,出陣,출진,6,305,"{""bbox"":[9,9,91,93],""size"":[82,84],""center"":[50.0,51.0],""pixels"":5302,""component_count"":1,""label_band_start_y"":66,""body_band_proxy_bbox"":[9,9,91,66],""label_band_proxy_bbox"":[11,66,89,93]}","{""bbox"":[15,13,86,87],""size"":[71,74],""center"":[50.5,50.0],""pixels"":3825,""component_count"":1,""label_band_start_y"":66,""body_band_proxy_bbox"":[15,13,86,66],""label_band_proxy_bbox"":[21,66,79,87]}",0.865854,0.880952,"[0.5,-1.0]",0.134146,True,"[82,57]","[71,53]",0.865854,0.929825,0.134146,True,"[78,27]","[58,21]",0.74359,0.777778,0.25641,True
base_low,base,low,1,base_detail,43,capture_target,攻略目標,공략목표,1,306,"{""bbox"":[3,9,97,93],""size"":[94,84],""center"":[50.0,51.0],""pixels"":6069,""component_count"":1,""label_band_start_y"":66,""body_band_proxy_bbox"":[5,9,96,66],""label_band_proxy_bbox"":[3,66,97,93]}","{""bbox"":[9,10,89,87],""size"":[80,77],""center"":[49.0,48.5],""pixels"":4624,""component_count"":4,""label_band_start_y"":66,""body_band_proxy_bbox"":[13,10,87,66],""label_band_proxy_bbox"":[9,66,89,87]}",0.851064,0.916667,"[-1.0,-2.5]",0.148936,True,"[91,57]","[74,56]",0.813187,0.982456,0.186813,True,"[94,27]","[80,21]",0.851064,0.777778,0.222222,True
base_low,base,low,1,base_detail,43,capture_target,攻略目標,공략목표,2,307,"{""bbox"":[3,9,97,93],""size"":[94,84],""center"":[50.0,51.0],""pixels"":6069,""component_count"":1,""label_band_start_y"":66,""body_band_proxy_bbox"":[5,9,96,66],""label_band_proxy_bbox"":[3,66,97,93]}","{""bbox"":[8,10,91,88],""size"":[83,78],""center"":[49.5,49.0],""pixels"":4708,""component_count"":1,""label_band_start_y"":66,""body_band_proxy_bbox"":[12,10,86,66],""label_band_proxy_bbox"":[8,66,91,88]}",0.882979,0.928571,"[-0.5,-2.0]",0.117021,True,"[91,57]","[74,56]",0.813187,0.982456,0.186813,True,"[94,27]","[83,22]",0.882979,0.814815,0.185185,True
base_low,base,low,1,base_detail,43,capture_target,攻略目標,공략목표,3,308,"{""bbox"":[3,9,97,93],""size"":[94,84],""center"":[50.0,51.0],""pixels"":6071,""component_count"":1,""label_band_start_y"":66,""body_band_proxy_bbox"":[5,9,96,66],""label_band_proxy_bbox"":[3,66,97,93]}","{""bbox"":[9,10,91,88],""size"":[82,78],""center"":[50.0,49.0],""pixels"":4738,""component_count"":1,""label_band_start_y"":66,""body_band_proxy_bbox"":[13,10,88,66],""label_band_proxy_bbox"":[9,66,91,88]}",0.87234,0.928571,"[0.0,-2.0]",0.12766,True,"[91,57]","[75,56]",0.824176,0.982456,0.175824,True,"[94,27]","[82,22]",0.87234,0.814815,0.185185,True
base_low,base,low,1,base_detail,43,capture_target,攻略目標,공략목표,4,309,"{""bbox"":[3,9,97,93],""size"":[94,84],""center"":[50.0,51.0],""pixels"":6071,""component_count"":1,""label_band_start_y"":66,""body_band_proxy_bbox"":[5,9,96,66],""label_band_proxy_bbox"":[3,66,97,93]}","{""bbox"":[9,10,89,87],""size"":[80,77],""center"":[49.0,48.5],""pixels"":4469,""component_count"":1,""label_band_start_y"":66,""body_band_proxy_bbox"":[14,10,84,66],""label_band_proxy_bbox"":[9,66,89,87]}",0.851064,0.916667,"[-1.0,-2.5]",0.148936,True,"[91,57]","[70,56]",0.769231,0.982456,0.230769,True,"[94,27]","[80,21]",0.851064,0.777778,0.222222,True
base_low,base,low,1,base_detail,43,capture_target,攻略目標,공략목표,5,310,"{""bbox"":[3,9,97,93],""size"":[94,84],""center"":[50.0,51.0],""pixels"":6069,""component_count"":1,""label_band_start_y"":66,""body_band_proxy_bbox"":[5,9,96,66],""label_band_proxy_bbox"":[3,66,97,93]}","{""bbox"":[9,11,91,88],""size"":[82,77],""center"":[50.0,49.5],""pixels"":4712,""component_count"":1,""label_band_start_y"":66,""body_band_proxy_bbox"":[13,11,87,66],""label_band_proxy_bbox"":[9,66,91,88]}",0.87234,0.916667,"[0.0,-1.5]",0.12766,True,"[91,57]","[74,55]",0.813187,0.964912,0.186813,True,"[94,27]","[82,22]",0.87234,0.814815,0.185185,True
base_low,base,low,1,base_detail,43,capture_target,攻略目標,공략목표,6,311,"{""bbox"":[3,9,97,93],""size"":[94,84],""center"":[50.0,51.0],""pixels"":6071,""component_count"":1,""label_band_start_y"":66,""body_band_proxy_bbox"":[5,9,96,66],""label_band_proxy_bbox"":[3,66,97,93]}","{""bbox"":[9,10,90,87],""size"":[81,77],""center"":[49.5,48.5],""pixels"":4539,""component_count"":1,""label_band_start_y"":66,""body_band_proxy_bbox"":[14,10,85,66],""label_band_proxy_bbox"":[9,66,90,87]}",0.861702,0.916667,"[-0.5,-2.5]",0.138298,True,"[91,57]","[71,56]",0.78022,0.982456,0.21978,True,"[94,27]","[81,21]",0.861702,0.777778,0.222222,True
base_low,base,low,1,base_detail,44,scheme,調略,조략,1,312,"{""bbox"":[9,9,91,93],""size"":[82,84],""center"":[50.0,51.0],""pixels"":5299,""component_count"":1,""label_band_start_y"":66,""body_band_proxy_bbox"":[9,9,91,66],""label_band_proxy_bbox"":[11,66,89,93]}","{""bbox"":[14,10,85,86],""size"":[71,76],""center"":[49.5,48.0],""pixels"":3850,""component_count"":1,""label_band_start_y"":66,""body_band_proxy_bbox"":[14,10,85,66],""label_band_proxy_bbox"":[20,66,79,86]}",0.865854,0.904762,"[-0.5,-3.0]",0.134146,True,"[82,57]","[71,56]",0.865854,0.982456,0.134146,True,"[78,27]","[59,20]",0.75641,0.740741,0.259259,True
base_low,base,low,1,base_detail,44,scheme,調略,조략,2,313,"{""bbox"":[9,9,91,93],""size"":[82,84],""center"":[50.0,51.0],""pixels"":5299,""component_count"":1,""label_band_start_y"":66,""body_band_proxy_bbox"":[9,9,91,66],""label_band_proxy_bbox"":[11,66,89,93]}","{""bbox"":[14,10,85,87],""size"":[71,77],""center"":[49.5,48.5],""pixels"":3877,""component_count"":1,""label_band_start_y"":66,""body_band_proxy_bbox"":[14,10,85,66],""label_band_proxy_bbox"":[20,66,78,87]}",0.865854,0.916667,"[-0.5,-2.5]",0.134146,True,"[82,57]","[71,56]",0.865854,0.982456,0.134146,True,"[78,27]","[58,21]",0.74359,0.777778,0.25641,True
base_low,base,low,1,base_detail,44,scheme,調略,조략,3,314,"{""bbox"":[9,9,91,93],""size"":[82,84],""center"":[50.0,51.0],""pixels"":5301,""component_count"":1,""label_band_start_y"":66,""body_band_proxy_bbox"":[9,9,91,66],""label_band_proxy_bbox"":[11,66,89,93]}","{""bbox"":[15,10,85,87],""size"":[70,77],""center"":[50.0,48.5],""pixels"":3898,""component_count"":1,""label_band_start_y"":66,""body_band_proxy_bbox"":[15,10,85,66],""label_band_proxy_bbox"":[21,66,80,87]}",0.853659,0.916667,"[0.0,-2.5]",0.146341,True,"[82,57]","[70,56]",0.853659,0.982456,0.146341,True,"[78,27]","[59,21]",0.75641,0.777778,0.24359,True
base_low,base,low,1,base_detail,44,scheme,調略,조략,4,315,"{""bbox"":[9,9,91,93],""size"":[82,84],""center"":[50.0,51.0],""pixels"":5301,""component_count"":1,""label_band_start_y"":66,""body_band_proxy_bbox"":[9,9,91,66],""label_band_proxy_bbox"":[11,66,89,93]}","{""bbox"":[15,10,85,86],""size"":[70,76],""center"":[50.0,48.0],""pixels"":3796,""component_count"":1,""label_band_start_y"":66,""body_band_proxy_bbox"":[15,10,85,66],""label_band_proxy_bbox"":[21,66,79,86]}",0.853659,0.904762,"[0.0,-3.0]",0.146341,True,"[82,57]","[70,56]",0.853659,0.982456,0.146341,True,"[78,27]","[58,20]",0.74359,0.740741,0.259259,True
base_low,base,low,1,base_detail,44,scheme,調略,조략,5,316,"{""bbox"":[9,9,91,93],""size"":[82,84],""center"":[50.0,51.0],""pixels"":5299,""component_count"":1,""label_band_start_y"":66,""body_band_proxy_bbox"":[9,9,91,66],""label_band_proxy_bbox"":[11,66,89,93]}","{""bbox"":[15,10,85,87],""size"":[70,77],""center"":[50.0,48.5],""pixels"":3875,""component_count"":1,""label_band_start_y"":66,""body_band_proxy_bbox"":[15,10,85,66],""label_band_proxy_bbox"":[20,66,78,87]}",0.853659,0.916667,"[0.0,-2.5]",0.146341,True,"[82,57]","[70,56]",0.853659,0.982456,0.146341,True,"[78,27]","[58,21]",0.74359,0.777778,0.25641,True
base_low,base,low,1,base_detail,44,scheme,調略,조략,6,317,"{""bbox"":[9,9,91,93],""size"":[82,84],""center"":[50.0,51.0],""pixels"":5301,""component_count"":1,""label_band_start_y"":66,""body_band_proxy_bbox"":[9,9,91,66],""label_band_proxy_bbox"":[11,66,89,93]}","{""bbox"":[15,10,85,86],""size"":[70,76],""center"":[50.0,48.0],""pixels"":3814,""component_count"":1,""label_band_start_y"":66,""body_band_proxy_bbox"":[15,10,85,66],""label_band_proxy_bbox"":[20,66,79,86]}",0.853659,0.904762,"[0.0,-3.0]",0.146341,True,"[82,57]","[70,56]",0.853659,0.982456,0.146341,True,"[78,27]","[59,20]",0.75641,0.740741,0.259259,True
base_low,base,low,1,base_detail,45,castle_town_facility,城下施設,성하시설,1,318,"{""bbox"":[4,9,97,93],""size"":[93,84],""center"":[50.5,51.0],""pixels"":6023,""component_count"":1,""label_band_start_y"":66,""body_band_proxy_bbox"":[6,9,93,66],""label_band_proxy_bbox"":[4,66,97,93]}","{""bbox"":[13,10,85,87],""size"":[72,77],""center"":[49.0,48.5],""pixels"":4483,""component_count"":1,""label_band_start_y"":66,""body_band_proxy_bbox"":[13,10,85,66],""label_band_proxy_bbox"":[13,66,85,87]}",0.774194,0.916667,"[-1.5,-2.5]",0.225806,True,"[87,57]","[72,56]",0.827586,0.982456,0.172414,True,"[93,27]","[72,21]",0.774194,0.777778,0.225806,True
base_low,base,low,1,base_detail,45,castle_town_facility,城下施設,성하시설,2,319,"{""bbox"":[4,9,97,93],""size"":[93,84],""center"":[50.5,51.0],""pixels"":6023,""component_count"":1,""label_band_start_y"":66,""body_band_proxy_bbox"":[6,9,93,66],""label_band_proxy_bbox"":[4,66,97,93]}","{""bbox"":[13,10,87,87],""size"":[74,77],""center"":[50.0,48.5],""pixels"":4555,""component_count"":1,""label_band_start_y"":66,""body_band_proxy_bbox"":[14,10,87,66],""label_band_proxy_bbox"":[13,66,87,87]}",0.795699,0.916667,"[-0.5,-2.5]",0.204301,True,"[87,57]","[73,56]",0.83908,0.982456,0.16092,True,"[93,27]","[74,21]",0.795699,0.777778,0.222222,True
base_low,base,low,1,base_detail,45,castle_town_facility,城下施設,성하시설,3,320,"{""bbox"":[4,9,97,93],""size"":[93,84],""center"":[50.5,51.0],""pixels"":6025,""component_count"":1,""label_band_start_y"":66,""body_band_proxy_bbox"":[6,9,93,66],""label_band_proxy_bbox"":[4,66,97,93]}","{""bbox"":[12,10,86,88],""size"":[74,78],""center"":[49.0,49.0],""pixels"":4572,""component_count"":1,""label_band_start_y"":66,""body_band_proxy_bbox"":[13,10,86,66],""label_band_proxy_bbox"":[12,66,86,88]}",0.795699,0.928571,"[-1.5,-2.0]",0.204301,True,"[87,57]","[73,56]",0.83908,0.982456,0.16092,True,"[93,27]","[74,22]",0.795699,0.814815,0.204301,True
base_low,base,low,1,base_detail,45,castle_town_facility,城下施設,성하시설,4,321,"{""bbox"":[4,9,97,93],""size"":[93,84],""center"":[50.5,51.0],""pixels"":6025,""component_count"":1,""label_band_start_y"":66,""body_band_proxy_bbox"":[6,9,93,66],""label_band_proxy_bbox"":[4,66,97,93]}","{""bbox"":[13,10,86,87],""size"":[73,77],""center"":[49.5,48.5],""pixels"":4485,""component_count"":1,""label_band_start_y"":66,""body_band_proxy_bbox"":[13,10,86,66],""label_band_proxy_bbox"":[13,66,84,87]}",0.784946,0.916667,"[-1.0,-2.5]",0.215054,True,"[87,57]","[73,56]",0.83908,0.982456,0.16092,True,"[93,27]","[71,21]",0.763441,0.777778,0.236559,True
base_low,base,low,1,base_detail,45,castle_town_facility,城下施設,성하시설,5,322,"{""bbox"":[4,9,97,93],""size"":[93,84],""center"":[50.5,51.0],""pixels"":6023,""component_count"":1,""label_band_start_y"":66,""body_band_proxy_bbox"":[6,9,93,66],""label_band_proxy_bbox"":[4,66,97,93]}","{""bbox"":[12,10,86,88],""size"":[74,78],""center"":[49.0,49.0],""pixels"":4576,""component_count"":1,""label_band_start_y"":66,""body_band_proxy_bbox"":[12,10,85,66],""label_band_proxy_bbox"":[12,66,86,88]}",0.795699,0.928571,"[-1.5,-2.0]",0.204301,True,"[87,57]","[73,56]",0.83908,0.982456,0.16092,True,"[93,27]","[74,22]",0.795699,0.814815,0.204301,True
base_low,base,low,1,base_detail,45,castle_town_facility,城下施設,성하시설,6,323,"{""bbox"":[4,9,97,93],""size"":[93,84],""center"":[50.5,51.0],""pixels"":6025,""component_count"":1,""label_band_start_y"":66,""body_band_proxy_bbox"":[6,9,93,66],""label_band_proxy_bbox"":[4,66,97,93]}","{""bbox"":[12,10,85,87],""size"":[73,77],""center"":[48.5,48.5],""pixels"":4508,""component_count"":1,""label_band_start_y"":66,""body_band_proxy_bbox"":[12,10,85,66],""label_band_proxy_bbox"":[13,66,84,87]}",0.784946,0.916667,"[-2.0,-2.5]",0.215054,True,"[87,57]","[73,56]",0.83908,0.982456,0.16092,True,"[93,27]","[71,21]",0.763441,0.777778,0.236559,True
base_low,base,low,1,base_detail,46,county_develop,郡開発,군개발,1,324,"{""bbox"":[9,9,91,93],""size"":[82,84],""center"":[50.0,51.0],""pixels"":5566,""component_count"":1,""label_band_start_y"":66,""body_band_proxy_bbox"":[9,9,91,66],""label_band_proxy_bbox"":[11,66,89,93]}","{""bbox"":[13,11,87,87],""size"":[74,76],""center"":[50.0,49.0],""pixels"":4267,""component_count"":1,""label_band_start_y"":66,""body_band_proxy_bbox"":[13,11,87,66],""label_band_proxy_bbox"":[19,66,81,87]}",0.902439,0.904762,"[0.0,-2.0]",0.097561,True,"[82,57]","[74,55]",0.902439,0.964912,0.097561,True,"[78,27]","[62,21]",0.794872,0.777778,0.222222,True
base_low,base,low,1,base_detail,46,county_develop,郡開発,군개발,2,325,"{""bbox"":[9,9,91,93],""size"":[82,84],""center"":[50.0,51.0],""pixels"":5566,""component_count"":1,""label_band_start_y"":66,""body_band_proxy_bbox"":[9,9,91,66],""label_band_proxy_bbox"":[11,66,89,93]}","{""bbox"":[13,11,87,88],""size"":[74,77],""center"":[50.0,49.5],""pixels"":4303,""component_count"":1,""label_band_start_y"":66,""body_band_proxy_bbox"":[13,11,87,66],""label_band_proxy_bbox"":[19,66,81,88]}",0.902439,0.916667,"[0.0,-1.5]",0.097561,True,"[82,57]","[74,55]",0.902439,0.964912,0.097561,True,"[78,27]","[62,22]",0.794872,0.814815,0.205128,True
base_low,base,low,1,base_detail,46,county_develop,郡開発,군개발,3,326,"{""bbox"":[9,9,91,93],""size"":[82,84],""center"":[50.0,51.0],""pixels"":5568,""component_count"":1,""label_band_start_y"":66,""body_band_proxy_bbox"":[9,9,91,66],""label_band_proxy_bbox"":[11,66,89,93]}","{""bbox"":[13,10,87,88],""size"":[74,78],""center"":[50.0,49.0],""pixels"":4364,""component_count"":1,""label_band_start_y"":66,""body_band_proxy_bbox"":[13,10,87,66],""label_band_proxy_bbox"":[19,66,81,88]}",0.902439,0.928571,"[0.0,-2.0]",0.097561,True,"[82,57]","[74,56]",0.902439,0.982456,0.097561,True,"[78,27]","[62,22]",0.794872,0.814815,0.205128,True
base_low,base,low,1,base_detail,46,county_develop,郡開発,군개발,4,327,"{""bbox"":[9,9,91,93],""size"":[82,84],""center"":[50.0,51.0],""pixels"":5568,""component_count"":1,""label_band_start_y"":66,""body_band_proxy_bbox"":[9,9,91,66],""label_band_proxy_bbox"":[11,66,89,93]}","{""bbox"":[13,11,87,87],""size"":[74,76],""center"":[50.0,49.0],""pixels"":4258,""component_count"":1,""label_band_start_y"":66,""body_band_proxy_bbox"":[13,11,87,66],""label_band_proxy_bbox"":[19,66,80,87]}",0.902439,0.904762,"[0.0,-2.0]",0.097561,True,"[82,57]","[74,55]",0.902439,0.964912,0.097561,True,"[78,27]","[61,21]",0.782051,0.777778,0.222222,True
base_low,base,low,1,base_detail,46,county_develop,郡開発,군개발,5,328,"{""bbox"":[9,9,91,93],""size"":[82,84],""center"":[50.0,51.0],""pixels"":5566,""component_count"":1,""label_band_start_y"":66,""body_band_proxy_bbox"":[9,9,91,66],""label_band_proxy_bbox"":[11,66,89,93]}","{""bbox"":[13,10,87,88],""size"":[74,78],""center"":[50.0,49.0],""pixels"":4373,""component_count"":1,""label_band_start_y"":66,""body_band_proxy_bbox"":[13,10,87,66],""label_band_proxy_bbox"":[19,66,81,88]}",0.902439,0.928571,"[0.0,-2.0]",0.097561,True,"[82,57]","[74,56]",0.902439,0.982456,0.097561,True,"[78,27]","[62,22]",0.794872,0.814815,0.205128,True
base_low,base,low,1,base_detail,46,county_develop,郡開発,군개발,6,329,"{""bbox"":[9,9,91,93],""size"":[82,84],""center"":[50.0,51.0],""pixels"":5568,""component_count"":1,""label_band_start_y"":66,""body_band_proxy_bbox"":[9,9,91,66],""label_band_proxy_bbox"":[11,66,89,93]}","{""bbox"":[13,11,87,87],""size"":[74,76],""center"":[50.0,49.0],""pixels"":4250,""component_count"":1,""label_band_start_y"":66,""body_band_proxy_bbox"":[13,11,87,66],""label_band_proxy_bbox"":[20,66,81,87]}",0.902439,0.904762,"[0.0,-2.0]",0.097561,True,"[82,57]","[74,55]",0.902439,0.964912,0.097561,True,"[78,27]","[61,21]",0.782051,0.777778,0.222222,True
base_low,base,low,1,base_detail,47,domain_policy,領内諸策,영지계책,1,330,"{""bbox"":[3,9,97,93],""size"":[94,84],""center"":[50.0,51.0],""pixels"":6018,""component_count"":1,""label_band_start_y"":66,""body_band_proxy_bbox"":[7,9,95,66],""label_band_proxy_bbox"":[3,66,97,93]}","{""bbox"":[12,10,87,87],""size"":[75,77],""center"":[49.5,48.5],""pixels"":4526,""component_count"":1,""label_band_start_y"":66,""body_band_proxy_bbox"":[13,10,86,66],""label_band_proxy_bbox"":[12,66,87,87]}",0.797872,0.916667,"[-0.5,-2.5]",0.202128,True,"[88,57]","[73,56]",0.829545,0.982456,0.170455,True,"[94,27]","[75,21]",0.797872,0.777778,0.222222,True
base_low,base,low,1,base_detail,47,domain_policy,領内諸策,영지계책,2,331,"{""bbox"":[3,9,97,93],""size"":[94,84],""center"":[50.0,51.0],""pixels"":6018,""component_count"":1,""label_band_start_y"":66,""body_band_proxy_bbox"":[7,9,95,66],""label_band_proxy_bbox"":[3,66,97,93]}","{""bbox"":[11,10,88,87],""size"":[77,77],""center"":[49.5,48.5],""pixels"":4650,""component_count"":2,""label_band_start_y"":66,""body_band_proxy_bbox"":[13,10,87,66],""label_band_proxy_bbox"":[11,66,88,87]}",0.819149,0.916667,"[-0.5,-2.5]",0.180851,True,"[88,57]","[74,56]",0.840909,0.982456,0.159091,True,"[94,27]","[77,21]",0.819149,0.777778,0.222222,True
base_low,base,low,1,base_detail,47,domain_policy,領内諸策,영지계책,3,332,"{""bbox"":[3,9,97,93],""size"":[94,84],""center"":[50.0,51.0],""pixels"":6022,""component_count"":1,""label_band_start_y"":66,""body_band_proxy_bbox"":[7,9,95,66],""label_band_proxy_bbox"":[3,66,97,93]}","{""bbox"":[11,10,88,88],""size"":[77,78],""center"":[49.5,49.0],""pixels"":4677,""component_count"":1,""label_band_start_y"":66,""body_band_proxy_bbox"":[13,10,87,66],""label_band_proxy_bbox"":[11,66,88,88]}",0.819149,0.928571,"[-0.5,-2.0]",0.180851,True,"[88,57]","[74,56]",0.840909,0.982456,0.159091,True,"[94,27]","[77,22]",0.819149,0.814815,0.185185,True
base_low,base,low,1,base_detail,47,domain_policy,領内諸策,영지계책,4,333,"{""bbox"":[3,9,97,93],""size"":[94,84],""center"":[50.0,51.0],""pixels"":6020,""component_count"":1,""label_band_start_y"":66,""body_band_proxy_bbox"":[7,9,95,66],""label_band_proxy_bbox"":[3,66,97,93]}","{""bbox"":[12,10,86,87],""size"":[74,77],""center"":[49.0,48.5],""pixels"":4512,""component_count"":2,""label_band_start_y"":66,""body_band_proxy_bbox"":[14,10,86,66],""label_band_proxy_bbox"":[12,66,86,87]}",0.787234,0.916667,"[-1.0,-2.5]",0.212766,True,"[88,57]","[72,56]",0.818182,0.982456,0.181818,True,"[94,27]","[74,21]",0.787234,0.777778,0.222222,True
base_low,base,low,1,base_detail,47,domain_policy,領内諸策,영지계책,5,334,"{""bbox"":[3,9,97,93],""size"":[94,84],""center"":[50.0,51.0],""pixels"":6018,""component_count"":1,""label_band_start_y"":66,""body_band_proxy_bbox"":[7,9,95,66],""label_band_proxy_bbox"":[3,66,97,93]}","{""bbox"":[10,10,87,88],""size"":[77,78],""center"":[48.5,49.0],""pixels"":4755,""component_count"":1,""label_band_start_y"":66,""body_band_proxy_bbox"":[13,10,87,66],""label_band_proxy_bbox"":[10,66,87,88]}",0.819149,0.928571,"[-1.5,-2.0]",0.180851,True,"[88,57]","[74,56]",0.840909,0.982456,0.159091,True,"[94,27]","[77,22]",0.819149,0.814815,0.185185,True
base_low,base,low,1,base_detail,47,domain_policy,領内諸策,영지계책,6,335,"{""bbox"":[3,9,97,93],""size"":[94,84],""center"":[50.0,51.0],""pixels"":6020,""component_count"":1,""label_band_start_y"":66,""body_band_proxy_bbox"":[7,9,95,66],""label_band_proxy_bbox"":[3,66,97,93]}","{""bbox"":[13,10,87,85],""size"":[74,75],""center"":[50.0,47.5],""pixels"":4406,""component_count"":2,""label_band_start_y"":66,""body_band_proxy_bbox"":[15,10,86,66],""label_band_proxy_bbox"":[13,66,87,85]}",0.787234,0.892857,"[0.0,-3.5]",0.212766,True,"[88,57]","[71,56]",0.806818,0.982456,0.193182,True,"[94,27]","[74,19]",0.787234,0.703704,0.296296,True
base_low,base,low,1,base_detail,48,friendship,親善,친선,1,336,"{""bbox"":[9,9,91,93],""size"":[82,84],""center"":[50.0,51.0],""pixels"":5285,""component_count"":1,""label_band_start_y"":66,""body_band_proxy_bbox"":[9,9,91,66],""label_band_proxy_bbox"":[11,66,89,93]}","{""bbox"":[13,10,87,87],""size"":[74,77],""center"":[50.0,48.5],""pixels"":4026,""component_count"":1,""label_band_start_y"":66,""body_band_proxy_bbox"":[13,10,87,66],""label_band_proxy_bbox"":[20,66,79,87]}",0.902439,0.916667,"[0.0,-2.5]",0.097561,True,"[82,57]","[74,56]",0.902439,0.982456,0.097561,True,"[78,27]","[59,21]",0.75641,0.777778,0.24359,True
base_low,base,low,1,base_detail,48,friendship,親善,친선,2,337,"{""bbox"":[9,9,91,93],""size"":[82,84],""center"":[50.0,51.0],""pixels"":5285,""component_count"":1,""label_band_start_y"":66,""body_band_proxy_bbox"":[9,9,91,66],""label_band_proxy_bbox"":[11,66,89,93]}","{""bbox"":[13,10,87,87],""size"":[74,77],""center"":[50.0,48.5],""pixels"":4072,""component_count"":1,""label_band_start_y"":66,""body_band_proxy_bbox"":[13,10,87,66],""label_band_proxy_bbox"":[20,66,80,87]}",0.902439,0.916667,"[0.0,-2.5]",0.097561,True,"[82,57]","[74,56]",0.902439,0.982456,0.097561,True,"[78,27]","[60,21]",0.769231,0.777778,0.230769,True
base_low,base,low,1,base_detail,48,friendship,親善,친선,3,338,"{""bbox"":[9,9,91,93],""size"":[82,84],""center"":[50.0,51.0],""pixels"":5287,""component_count"":1,""label_band_start_y"":66,""body_band_proxy_bbox"":[9,9,91,66],""label_band_proxy_bbox"":[11,66,89,93]}","{""bbox"":[13,10,87,88],""size"":[74,78],""center"":[50.0,49.0],""pixels"":4105,""component_count"":1,""label_band_start_y"":66,""body_band_proxy_bbox"":[13,10,87,66],""label_band_proxy_bbox"":[20,66,80,88]}",0.902439,0.928571,"[0.0,-2.0]",0.097561,True,"[82,57]","[74,56]",0.902439,0.982456,0.097561,True,"[78,27]","[60,22]",0.769231,0.814815,0.230769,True
base_low,base,low,1,base_detail,48,friendship,親善,친선,4,339,"{""bbox"":[9,9,91,93],""size"":[82,84],""center"":[50.0,51.0],""pixels"":5287,""component_count"":1,""label_band_start_y"":66,""body_band_proxy_bbox"":[9,9,91,66],""label_band_proxy_bbox"":[11,66,89,93]}","{""bbox"":[13,10,87,87],""size"":[74,77],""center"":[50.0,48.5],""pixels"":4010,""component_count"":1,""label_band_start_y"":66,""body_band_proxy_bbox"":[13,10,87,66],""label_band_proxy_bbox"":[21,66,80,87]}",0.902439,0.916667,"[0.0,-2.5]",0.097561,True,"[82,57]","[74,56]",0.902439,0.982456,0.097561,True,"[78,27]","[59,21]",0.75641,0.777778,0.24359,True
base_low,base,low,1,base_detail,48,friendship,親善,친선,5,340,"{""bbox"":[9,9,91,93],""size"":[82,84],""center"":[50.0,51.0],""pixels"":5285,""component_count"":1,""label_band_start_y"":66,""body_band_proxy_bbox"":[9,9,91,66],""label_band_proxy_bbox"":[11,66,89,93]}","{""bbox"":[12,10,86,87],""size"":[74,77],""center"":[49.0,48.5],""pixels"":4090,""component_count"":1,""label_band_start_y"":66,""body_band_proxy_bbox"":[12,10,86,66],""label_band_proxy_bbox"":[19,66,79,87]}",0.902439,0.916667,"[-1.0,-2.5]",0.097561,True,"[82,57]","[74,56]",0.902439,0.982456,0.097561,True,"[78,27]","[60,21]",0.769231,0.777778,0.230769,True
base_low,base,low,1,base_detail,48,friendship,親善,친선,6,341,"{""bbox"":[9,9,91,93],""size"":[82,84],""center"":[50.0,51.0],""pixels"":5287,""component_count"":1,""label_band_start_y"":66,""body_band_proxy_bbox"":[9,9,91,66],""label_band_proxy_bbox"":[11,66,89,93]}","{""bbox"":[14,10,87,86],""size"":[73,76],""center"":[50.5,48.0],""pixels"":3965,""component_count"":1,""label_band_start_y"":66,""body_band_proxy_bbox"":[14,10,87,66],""label_band_proxy_bbox"":[20,66,80,86]}",0.890244,0.904762,"[0.5,-3.0]",0.109756,True,"[82,57]","[73,56]",0.890244,0.982456,0.109756,True,"[78,27]","[60,20]",0.769231,0.740741,0.259259,True
base_low,base,low,1,base_detail,49,negotiation,交渉,교섭,1,342,"{""bbox"":[9,9,91,93],""size"":[82,84],""center"":[50.0,51.0],""pixels"":5288,""component_count"":1,""label_band_start_y"":66,""body_band_proxy_bbox"":[9,9,91,66],""label_band_proxy_bbox"":[11,66,89,93]}","{""bbox"":[15,10,86,87],""size"":[71,77],""center"":[50.5,48.5],""pixels"":3965,""component_count"":1,""label_band_start_y"":66,""body_band_proxy_bbox"":[15,10,86,66],""label_band_proxy_bbox"":[20,66,80,87]}",0.865854,0.916667,"[0.5,-2.5]",0.134146,True,"[82,57]","[71,56]",0.865854,0.982456,0.134146,True,"[78,27]","[60,21]",0.769231,0.777778,0.230769,True
base_low,base,low,1,base_detail,49,negotiation,交渉,교섭,2,343,"{""bbox"":[9,9,91,93],""size"":[82,84],""center"":[50.0,51.0],""pixels"":5288,""component_count"":1,""label_band_start_y"":66,""body_band_proxy_bbox"":[9,9,91,66],""label_band_proxy_bbox"":[11,66,89,93]}","{""bbox"":[15,10,85,87],""size"":[70,77],""center"":[50.0,48.5],""pixels"":3884,""component_count"":1,""label_band_start_y"":66,""body_band_proxy_bbox"":[15,10,85,66],""label_band_proxy_bbox"":[20,66,79,87]}",0.853659,0.916667,"[0.0,-2.5]",0.146341,True,"[82,57]","[70,56]",0.853659,0.982456,0.146341,True,"[78,27]","[59,21]",0.75641,0.777778,0.24359,True
base_low,base,low,1,base_detail,49,negotiation,交渉,교섭,3,344,"{""bbox"":[9,9,91,93],""size"":[82,84],""center"":[50.0,51.0],""pixels"":5291,""component_count"":1,""label_band_start_y"":66,""body_band_proxy_bbox"":[9,9,91,66],""label_band_proxy_bbox"":[11,66,89,93]}","{""bbox"":[14,10,85,87],""size"":[71,77],""center"":[49.5,48.5],""pixels"":3912,""component_count"":1,""label_band_start_y"":66,""body_band_proxy_bbox"":[14,10,85,66],""label_band_proxy_bbox"":[21,66,79,87]}",0.865854,0.916667,"[-0.5,-2.5]",0.134146,True,"[82,57]","[71,56]",0.865854,0.982456,0.134146,True,"[78,27]","[58,21]",0.74359,0.777778,0.25641,True
base_low,base,low,1,base_detail,49,negotiation,交渉,교섭,4,345,"{""bbox"":[9,9,91,93],""size"":[82,84],""center"":[50.0,51.0],""pixels"":5291,""component_count"":1,""label_band_start_y"":66,""body_band_proxy_bbox"":[9,9,91,66],""label_band_proxy_bbox"":[11,66,89,93]}","{""bbox"":[15,10,86,87],""size"":[71,77],""center"":[50.5,48.5],""pixels"":3911,""component_count"":1,""label_band_start_y"":66,""body_band_proxy_bbox"":[15,10,86,66],""label_band_proxy_bbox"":[20,66,79,87]}",0.865854,0.916667,"[0.5,-2.5]",0.134146,True,"[82,57]","[71,56]",0.865854,0.982456,0.134146,True,"[78,27]","[59,21]",0.75641,0.777778,0.24359,True
base_low,base,low,1,base_detail,49,negotiation,交渉,교섭,5,346,"{""bbox"":[9,9,91,93],""size"":[82,84],""center"":[50.0,51.0],""pixels"":5288,""component_count"":1,""label_band_start_y"":66,""body_band_proxy_bbox"":[9,9,91,66],""label_band_proxy_bbox"":[11,66,89,93]}","{""bbox"":[15,10,85,87],""size"":[70,77],""center"":[50.0,48.5],""pixels"":3888,""component_count"":1,""label_band_start_y"":66,""body_band_proxy_bbox"":[15,10,85,66],""label_band_proxy_bbox"":[20,66,77,87]}",0.853659,0.916667,"[0.0,-2.5]",0.146341,True,"[82,57]","[70,56]",0.853659,0.982456,0.146341,True,"[78,27]","[57,21]",0.730769,0.777778,0.269231,True
base_low,base,low,1,base_detail,49,negotiation,交渉,교섭,6,347,"{""bbox"":[9,9,91,93],""size"":[82,84],""center"":[50.0,51.0],""pixels"":5291,""component_count"":1,""label_band_start_y"":66,""body_band_proxy_bbox"":[9,9,91,66],""label_band_proxy_bbox"":[11,66,89,93]}","{""bbox"":[14,10,85,87],""size"":[71,77],""center"":[49.5,48.5],""pixels"":3902,""component_count"":1,""label_band_start_y"":66,""body_band_proxy_bbox"":[14,10,85,66],""label_band_proxy_bbox"":[20,66,79,87]}",0.865854,0.916667,"[-0.5,-2.5]",0.134146,True,"[82,57]","[71,56]",0.865854,0.982456,0.134146,True,"[78,27]","[59,21]",0.75641,0.777778,0.24359,True
base_low,base,low,1,base_detail,50,imperial_court,朝廷,조정,1,348,"{""bbox"":[9,9,91,93],""size"":[82,84],""center"":[50.0,51.0],""pixels"":5304,""component_count"":1,""label_band_start_y"":66,""body_band_proxy_bbox"":[9,9,91,66],""label_band_proxy_bbox"":[11,66,89,93]}","{""bbox"":[15,10,86,87],""size"":[71,77],""center"":[50.5,48.5],""pixels"":3889,""component_count"":1,""label_band_start_y"":66,""body_band_proxy_bbox"":[15,10,86,66],""label_band_proxy_bbox"":[21,66,77,87]}",0.865854,0.916667,"[0.5,-2.5]",0.134146,True,"[82,57]","[71,56]",0.865854,0.982456,0.134146,True,"[78,27]","[56,21]",0.717949,0.777778,0.282051,True
base_low,base,low,1,base_detail,50,imperial_court,朝廷,조정,2,349,"{""bbox"":[9,9,91,93],""size"":[82,84],""center"":[50.0,51.0],""pixels"":5304,""component_count"":1,""label_band_start_y"":66,""body_band_proxy_bbox"":[9,9,91,66],""label_band_proxy_bbox"":[11,66,89,93]}","{""bbox"":[14,10,86,88],""size"":[72,78],""center"":[50.0,49.0],""pixels"":4075,""component_count"":2,""label_band_start_y"":66,""body_band_proxy_bbox"":[14,10,86,66],""label_band_proxy_bbox"":[22,66,81,88]}",0.878049,0.928571,"[0.0,-2.0]",0.121951,True,"[82,57]","[72,56]",0.878049,0.982456,0.121951,True,"[78,27]","[59,22]",0.75641,0.814815,0.24359,True
base_low,base,low,1,base_detail,50,imperial_court,朝廷,조정,3,350,"{""bbox"":[9,9,91,93],""size"":[82,84],""center"":[50.0,51.0],""pixels"":5306,""component_count"":1,""label_band_start_y"":66,""body_band_proxy_bbox"":[9,9,91,66],""label_band_proxy_bbox"":[11,66,89,93]}","{""bbox"":[14,10,86,88],""size"":[72,78],""center"":[50.0,49.0],""pixels"":3981,""component_count"":1,""label_band_start_y"":66,""body_band_proxy_bbox"":[14,10,86,66],""label_band_proxy_bbox"":[20,66,80,88]}",0.878049,0.928571,"[0.0,-2.0]",0.121951,True,"[82,57]","[72,56]",0.878049,0.982456,0.121951,True,"[78,27]","[60,22]",0.769231,0.814815,0.230769,True
base_low,base,low,1,base_detail,50,imperial_court,朝廷,조정,4,351,"{""bbox"":[9,9,91,93],""size"":[82,84],""center"":[50.0,51.0],""pixels"":5306,""component_count"":1,""label_band_start_y"":66,""body_band_proxy_bbox"":[9,9,91,66],""label_band_proxy_bbox"":[11,66,89,93]}","{""bbox"":[13,10,87,87],""size"":[74,77],""center"":[50.0,48.5],""pixels"":4052,""component_count"":1,""label_band_start_y"":66,""body_band_proxy_bbox"":[13,10,87,66],""label_band_proxy_bbox"":[21,66,81,87]}",0.902439,0.916667,"[0.0,-2.5]",0.097561,True,"[82,57]","[74,56]",0.902439,0.982456,0.097561,True,"[78,27]","[60,21]",0.769231,0.777778,0.230769,True
base_low,base,low,1,base_detail,50,imperial_court,朝廷,조정,5,352,"{""bbox"":[9,9,91,93],""size"":[82,84],""center"":[50.0,51.0],""pixels"":5304,""component_count"":1,""label_band_start_y"":66,""body_band_proxy_bbox"":[9,9,91,66],""label_band_proxy_bbox"":[11,66,89,93]}","{""bbox"":[14,10,87,88],""size"":[73,78],""center"":[50.5,49.0],""pixels"":4087,""component_count"":2,""label_band_start_y"":66,""body_band_proxy_bbox"":[14,10,87,66],""label_band_proxy_bbox"":[22,66,79,88]}",0.890244,0.928571,"[0.5,-2.0]",0.109756,True,"[82,57]","[73,56]",0.890244,0.982456,0.109756,True,"[78,27]","[57,22]",0.730769,0.814815,0.269231,True
base_low,base,low,1,base_detail,50,imperial_court,朝廷,조정,6,353,"{""bbox"":[9,9,91,93],""size"":[82,84],""center"":[50.0,51.0],""pixels"":5306,""component_count"":1,""label_band_start_y"":66,""body_band_proxy_bbox"":[9,9,91,66],""label_band_proxy_bbox"":[11,66,89,93]}","{""bbox"":[13,10,87,87],""size"":[74,77],""center"":[50.0,48.5],""pixels"":4052,""component_count"":1,""label_band_start_y"":66,""body_band_proxy_bbox"":[13,10,87,66],""label_band_proxy_bbox"":[21,66,79,87]}",0.902439,0.916667,"[0.0,-2.5]",0.097561,True,"[82,57]","[74,56]",0.902439,0.982456,0.097561,True,"[78,27]","[58,21]",0.74359,0.777778,0.25641,True
base_low,base,low,1,base_detail,51,office,役職,역직,1,354,"{""bbox"":[9,9,91,93],""size"":[82,84],""center"":[50.0,51.0],""pixels"":5305,""component_count"":1,""label_band_start_y"":66,""body_band_proxy_bbox"":[9,9,91,66],""label_band_proxy_bbox"":[11,66,89,93]}","{""bbox"":[13,10,87,85],""size"":[74,75],""center"":[50.0,47.5],""pixels"":3961,""component_count"":1,""label_band_start_y"":66,""body_band_proxy_bbox"":[13,10,87,66],""label_band_proxy_bbox"":[20,66,79,85]}",0.902439,0.892857,"[0.0,-3.5]",0.107143,True,"[82,57]","[74,56]",0.902439,0.982456,0.097561,True,"[78,27]","[59,19]",0.75641,0.703704,0.296296,True
base_low,base,low,1,base_detail,51,office,役職,역직,2,355,"{""bbox"":[9,9,91,93],""size"":[82,84],""center"":[50.0,51.0],""pixels"":5305,""component_count"":1,""label_band_start_y"":66,""body_band_proxy_bbox"":[9,9,91,66],""label_band_proxy_bbox"":[11,66,89,93]}","{""bbox"":[13,10,87,87],""size"":[74,77],""center"":[50.0,48.5],""pixels"":4070,""component_count"":2,""label_band_start_y"":66,""body_band_proxy_bbox"":[13,10,87,66],""label_band_proxy_bbox"":[20,66,79,87]}",0.902439,0.916667,"[0.0,-2.5]",0.097561,True,"[82,57]","[74,56]",0.902439,0.982456,0.097561,True,"[78,27]","[59,21]",0.75641,0.777778,0.24359,True
base_low,base,low,1,base_detail,51,office,役職,역직,3,356,"{""bbox"":[9,9,91,93],""size"":[82,84],""center"":[50.0,51.0],""pixels"":5307,""component_count"":1,""label_band_start_y"":66,""body_band_proxy_bbox"":[9,9,91,66],""label_band_proxy_bbox"":[11,66,89,93]}","{""bbox"":[13,10,86,87],""size"":[73,77],""center"":[49.5,48.5],""pixels"":4038,""component_count"":1,""label_band_start_y"":66,""body_band_proxy_bbox"":[13,10,86,66],""label_band_proxy_bbox"":[20,66,79,87]}",0.890244,0.916667,"[-0.5,-2.5]",0.109756,True,"[82,57]","[73,56]",0.890244,0.982456,0.109756,True,"[78,27]","[59,21]",0.75641,0.777778,0.24359,True
base_low,base,low,1,base_detail,51,office,役職,역직,4,357,"{""bbox"":[9,9,91,93],""size"":[82,84],""center"":[50.0,51.0],""pixels"":5307,""component_count"":1,""label_band_start_y"":66,""body_band_proxy_bbox"":[9,9,91,66],""label_band_proxy_bbox"":[11,66,89,93]}","{""bbox"":[13,10,87,85],""size"":[74,75],""center"":[50.0,47.5],""pixels"":3939,""component_count"":1,""label_band_start_y"":66,""body_band_proxy_bbox"":[13,10,87,66],""label_band_proxy_bbox"":[20,66,79,85]}",0.902439,0.892857,"[0.0,-3.5]",0.107143,True,"[82,57]","[74,56]",0.902439,0.982456,0.097561,True,"[78,27]","[59,19]",0.75641,0.703704,0.296296,True
base_low,base,low,1,base_detail,51,office,役職,역직,5,358,"{""bbox"":[9,9,91,93],""size"":[82,84],""center"":[50.0,51.0],""pixels"":5305,""component_count"":1,""label_band_start_y"":66,""body_band_proxy_bbox"":[9,9,91,66],""label_band_proxy_bbox"":[11,66,89,93]}","{""bbox"":[13,10,87,87],""size"":[74,77],""center"":[50.0,48.5],""pixels"":4056,""component_count"":1,""label_band_start_y"":66,""body_band_proxy_bbox"":[13,10,87,66],""label_band_proxy_bbox"":[20,66,79,87]}",0.902439,0.916667,"[0.0,-2.5]",0.097561,True,"[82,57]","[74,56]",0.902439,0.982456,0.097561,True,"[78,27]","[59,21]",0.75641,0.777778,0.24359,True
base_low,base,low,1,base_detail,51,office,役職,역직,6,359,"{""bbox"":[9,9,91,93],""size"":[82,84],""center"":[50.0,51.0],""pixels"":5307,""component_count"":1,""label_band_start_y"":66,""body_band_proxy_bbox"":[9,9,91,66],""label_band_proxy_bbox"":[11,66,89,93]}","{""bbox"":[13,10,87,85],""size"":[74,75],""center"":[50.0,47.5],""pixels"":3925,""component_count"":1,""label_band_start_y"":66,""body_band_proxy_bbox"":[13,10,87,66],""label_band_proxy_bbox"":[21,66,79,85]}",0.902439,0.892857,"[0.0,-3.5]",0.107143,True,"[82,57]","[74,56]",0.902439,0.982456,0.097561,True,"[78,27]","[58,19]",0.74359,0.703704,0.296296,True
base_low,base,low,1,base_detail,52,capture_target,攻略目標,공략목표,1,360,"{""bbox"":[3,9,97,93],""size"":[94,84],""center"":[50.0,51.0],""pixels"":6069,""component_count"":1,""label_band_start_y"":66,""body_band_proxy_bbox"":[5,9,96,66],""label_band_proxy_bbox"":[3,66,97,93]}","{""bbox"":[9,10,89,87],""size"":[80,77],""center"":[49.0,48.5],""pixels"":4624,""component_count"":4,""label_band_start_y"":66,""body_band_proxy_bbox"":[13,10,87,66],""label_band_proxy_bbox"":[9,66,89,87]}",0.851064,0.916667,"[-1.0,-2.5]",0.148936,True,"[91,57]","[74,56]",0.813187,0.982456,0.186813,True,"[94,27]","[80,21]",0.851064,0.777778,0.222222,True
base_low,base,low,1,base_detail,52,capture_target,攻略目標,공략목표,2,361,"{""bbox"":[3,9,97,93],""size"":[94,84],""center"":[50.0,51.0],""pixels"":6069,""component_count"":1,""label_band_start_y"":66,""body_band_proxy_bbox"":[5,9,96,66],""label_band_proxy_bbox"":[3,66,97,93]}","{""bbox"":[8,10,91,88],""size"":[83,78],""center"":[49.5,49.0],""pixels"":4708,""component_count"":1,""label_band_start_y"":66,""body_band_proxy_bbox"":[12,10,86,66],""label_band_proxy_bbox"":[8,66,91,88]}",0.882979,0.928571,"[-0.5,-2.0]",0.117021,True,"[91,57]","[74,56]",0.813187,0.982456,0.186813,True,"[94,27]","[83,22]",0.882979,0.814815,0.185185,True
base_low,base,low,1,base_detail,52,capture_target,攻略目標,공략목표,3,362,"{""bbox"":[3,9,97,93],""size"":[94,84],""center"":[50.0,51.0],""pixels"":6071,""component_count"":1,""label_band_start_y"":66,""body_band_proxy_bbox"":[5,9,96,66],""label_band_proxy_bbox"":[3,66,97,93]}","{""bbox"":[9,10,91,88],""size"":[82,78],""center"":[50.0,49.0],""pixels"":4738,""component_count"":1,""label_band_start_y"":66,""body_band_proxy_bbox"":[13,10,88,66],""label_band_proxy_bbox"":[9,66,91,88]}",0.87234,0.928571,"[0.0,-2.0]",0.12766,True,"[91,57]","[75,56]",0.824176,0.982456,0.175824,True,"[94,27]","[82,22]",0.87234,0.814815,0.185185,True
base_low,base,low,1,base_detail,52,capture_target,攻略目標,공략목표,4,363,"{""bbox"":[3,9,97,93],""size"":[94,84],""center"":[50.0,51.0],""pixels"":6071,""component_count"":1,""label_band_start_y"":66,""body_band_proxy_bbox"":[5,9,96,66],""label_band_proxy_bbox"":[3,66,97,93]}","{""bbox"":[9,10,89,87],""size"":[80,77],""center"":[49.0,48.5],""pixels"":4469,""component_count"":1,""label_band_start_y"":66,""body_band_proxy_bbox"":[14,10,84,66],""label_band_proxy_bbox"":[9,66,89,87]}",0.851064,0.916667,"[-1.0,-2.5]",0.148936,True,"[91,57]","[70,56]",0.769231,0.982456,0.230769,True,"[94,27]","[80,21]",0.851064,0.777778,0.222222,True
base_low,base,low,1,base_detail,52,capture_target,攻略目標,공략목표,5,364,"{""bbox"":[3,9,97,93],""size"":[94,84],""center"":[50.0,51.0],""pixels"":6069,""component_count"":1,""label_band_start_y"":66,""body_band_proxy_bbox"":[5,9,96,66],""label_band_proxy_bbox"":[3,66,97,93]}","{""bbox"":[9,11,91,88],""size"":[82,77],""center"":[50.0,49.5],""pixels"":4712,""component_count"":1,""label_band_start_y"":66,""body_band_proxy_bbox"":[13,11,87,66],""label_band_proxy_bbox"":[9,66,91,88]}",0.87234,0.916667,"[0.0,-1.5]",0.12766,True,"[91,57]","[74,55]",0.813187,0.964912,0.186813,True,"[94,27]","[82,22]",0.87234,0.814815,0.185185,True
base_low,base,low,1,base_detail,52,capture_target,攻略目標,공략목표,6,365,"{""bbox"":[3,9,97,93],""size"":[94,84],""center"":[50.0,51.0],""pixels"":6071,""component_count"":1,""label_band_start_y"":66,""body_band_proxy_bbox"":[5,9,96,66],""label_band_proxy_bbox"":[3,66,97,93]}","{""bbox"":[9,10,90,87],""size"":[81,77],""center"":[49.5,48.5],""pixels"":4539,""component_count"":1,""label_band_start_y"":66,""body_band_proxy_bbox"":[14,10,85,66],""label_band_proxy_bbox"":[9,66,90,87]}",0.861702,0.916667,"[-0.5,-2.5]",0.138298,True,"[91,57]","[71,56]",0.78022,0.982456,0.21978,True,"[94,27]","[81,21]",0.861702,0.777778,0.222222,True
base_low,base,low,1,base_detail,53,sortie,出陣,출진,1,366,"{""bbox"":[9,9,91,93],""size"":[82,84],""center"":[50.0,51.0],""pixels"":5300,""component_count"":1,""label_band_start_y"":66,""body_band_proxy_bbox"":[9,9,91,66],""label_band_proxy_bbox"":[11,66,89,93]}","{""bbox"":[14,13,86,87],""size"":[72,74],""center"":[50.0,50.0],""pixels"":3835,""component_count"":1,""label_band_start_y"":66,""body_band_proxy_bbox"":[14,13,86,66],""label_band_proxy_bbox"":[21,66,79,87]}",0.878049,0.880952,"[0.0,-1.0]",0.121951,True,"[82,57]","[72,53]",0.878049,0.929825,0.121951,True,"[78,27]","[58,21]",0.74359,0.777778,0.25641,True
base_low,base,low,1,base_detail,53,sortie,出陣,출진,2,367,"{""bbox"":[9,9,91,93],""size"":[82,84],""center"":[50.0,51.0],""pixels"":5300,""component_count"":1,""label_band_start_y"":66,""body_band_proxy_bbox"":[9,9,91,66],""label_band_proxy_bbox"":[11,66,89,93]}","{""bbox"":[14,13,86,87],""size"":[72,74],""center"":[50.0,50.0],""pixels"":3938,""component_count"":1,""label_band_start_y"":66,""body_band_proxy_bbox"":[14,13,86,66],""label_band_proxy_bbox"":[21,66,80,87]}",0.878049,0.880952,"[0.0,-1.0]",0.121951,True,"[82,57]","[72,53]",0.878049,0.929825,0.121951,True,"[78,27]","[59,21]",0.75641,0.777778,0.24359,True
base_low,base,low,1,base_detail,53,sortie,出陣,출진,3,368,"{""bbox"":[9,9,91,93],""size"":[82,84],""center"":[50.0,51.0],""pixels"":5302,""component_count"":1,""label_band_start_y"":66,""body_band_proxy_bbox"":[9,9,91,66],""label_band_proxy_bbox"":[11,66,89,93]}","{""bbox"":[15,13,87,88],""size"":[72,75],""center"":[51.0,50.5],""pixels"":3958,""component_count"":1,""label_band_start_y"":66,""body_band_proxy_bbox"":[15,13,87,66],""label_band_proxy_bbox"":[21,66,81,88]}",0.878049,0.892857,"[1.0,-0.5]",0.121951,True,"[82,57]","[72,53]",0.878049,0.929825,0.121951,True,"[78,27]","[60,22]",0.769231,0.814815,0.230769,True
base_low,base,low,1,base_detail,53,sortie,出陣,출진,4,369,"{""bbox"":[9,9,91,93],""size"":[82,84],""center"":[50.0,51.0],""pixels"":5302,""component_count"":1,""label_band_start_y"":66,""body_band_proxy_bbox"":[9,9,91,66],""label_band_proxy_bbox"":[11,66,89,93]}","{""bbox"":[14,13,86,87],""size"":[72,74],""center"":[50.0,50.0],""pixels"":3828,""component_count"":1,""label_band_start_y"":66,""body_band_proxy_bbox"":[14,13,86,66],""label_band_proxy_bbox"":[21,66,79,87]}",0.878049,0.880952,"[0.0,-1.0]",0.121951,True,"[82,57]","[72,53]",0.878049,0.929825,0.121951,True,"[78,27]","[58,21]",0.74359,0.777778,0.25641,True
base_low,base,low,1,base_detail,53,sortie,出陣,출진,5,370,"{""bbox"":[9,9,91,93],""size"":[82,84],""center"":[50.0,51.0],""pixels"":5300,""component_count"":1,""label_band_start_y"":66,""body_band_proxy_bbox"":[9,9,91,66],""label_band_proxy_bbox"":[11,66,89,93]}","{""bbox"":[14,13,87,87],""size"":[73,74],""center"":[50.5,50.0],""pixels"":3979,""component_count"":1,""label_band_start_y"":66,""body_band_proxy_bbox"":[14,13,87,66],""label_band_proxy_bbox"":[21,66,80,87]}",0.890244,0.880952,"[0.5,-1.0]",0.119048,True,"[82,57]","[73,53]",0.890244,0.929825,0.109756,True,"[78,27]","[59,21]",0.75641,0.777778,0.24359,True
base_low,base,low,1,base_detail,53,sortie,出陣,출진,6,371,"{""bbox"":[9,9,91,93],""size"":[82,84],""center"":[50.0,51.0],""pixels"":5302,""component_count"":1,""label_band_start_y"":66,""body_band_proxy_bbox"":[9,9,91,66],""label_band_proxy_bbox"":[11,66,89,93]}","{""bbox"":[15,13,86,87],""size"":[71,74],""center"":[50.5,50.0],""pixels"":3825,""component_count"":1,""label_band_start_y"":66,""body_band_proxy_bbox"":[15,13,86,66],""label_band_proxy_bbox"":[21,66,79,87]}",0.865854,0.880952,"[0.5,-1.0]",0.134146,True,"[82,57]","[71,53]",0.865854,0.929825,0.134146,True,"[78,27]","[58,21]",0.74359,0.777778,0.25641,True
base_low,base,low,1,base_detail,54,county_develop,郡開発,군개발,1,372,"{""bbox"":[9,9,91,93],""size"":[82,84],""center"":[50.0,51.0],""pixels"":5566,""component_count"":1,""label_band_start_y"":66,""body_band_proxy_bbox"":[9,9,91,66],""label_band_proxy_bbox"":[11,66,89,93]}","{""bbox"":[13,11,87,87],""size"":[74,76],""center"":[50.0,49.0],""pixels"":4267,""component_count"":1,""label_band_start_y"":66,""body_band_proxy_bbox"":[13,11,87,66],""label_band_proxy_bbox"":[19,66,81,87]}",0.902439,0.904762,"[0.0,-2.0]",0.097561,True,"[82,57]","[74,55]",0.902439,0.964912,0.097561,True,"[78,27]","[62,21]",0.794872,0.777778,0.222222,True
base_low,base,low,1,base_detail,54,county_develop,郡開発,군개발,2,373,"{""bbox"":[9,9,91,93],""size"":[82,84],""center"":[50.0,51.0],""pixels"":5566,""component_count"":1,""label_band_start_y"":66,""body_band_proxy_bbox"":[9,9,91,66],""label_band_proxy_bbox"":[11,66,89,93]}","{""bbox"":[13,11,87,88],""size"":[74,77],""center"":[50.0,49.5],""pixels"":4303,""component_count"":1,""label_band_start_y"":66,""body_band_proxy_bbox"":[13,11,87,66],""label_band_proxy_bbox"":[19,66,81,88]}",0.902439,0.916667,"[0.0,-1.5]",0.097561,True,"[82,57]","[74,55]",0.902439,0.964912,0.097561,True,"[78,27]","[62,22]",0.794872,0.814815,0.205128,True
base_low,base,low,1,base_detail,54,county_develop,郡開発,군개발,3,374,"{""bbox"":[9,9,91,93],""size"":[82,84],""center"":[50.0,51.0],""pixels"":5568,""component_count"":1,""label_band_start_y"":66,""body_band_proxy_bbox"":[9,9,91,66],""label_band_proxy_bbox"":[11,66,89,93]}","{""bbox"":[13,10,87,88],""size"":[74,78],""center"":[50.0,49.0],""pixels"":4364,""component_count"":1,""label_band_start_y"":66,""body_band_proxy_bbox"":[13,10,87,66],""label_band_proxy_bbox"":[19,66,81,88]}",0.902439,0.928571,"[0.0,-2.0]",0.097561,True,"[82,57]","[74,56]",0.902439,0.982456,0.097561,True,"[78,27]","[62,22]",0.794872,0.814815,0.205128,True
base_low,base,low,1,base_detail,54,county_develop,郡開発,군개발,4,375,"{""bbox"":[9,9,91,93],""size"":[82,84],""center"":[50.0,51.0],""pixels"":5568,""component_count"":1,""label_band_start_y"":66,""body_band_proxy_bbox"":[9,9,91,66],""label_band_proxy_bbox"":[11,66,89,93]}","{""bbox"":[13,11,87,87],""size"":[74,76],""center"":[50.0,49.0],""pixels"":4258,""component_count"":1,""label_band_start_y"":66,""body_band_proxy_bbox"":[13,11,87,66],""label_band_proxy_bbox"":[19,66,80,87]}",0.902439,0.904762,"[0.0,-2.0]",0.097561,True,"[82,57]","[74,55]",0.902439,0.964912,0.097561,True,"[78,27]","[61,21]",0.782051,0.777778,0.222222,True
base_low,base,low,1,base_detail,54,county_develop,郡開発,군개발,5,376,"{""bbox"":[9,9,91,93],""size"":[82,84],""center"":[50.0,51.0],""pixels"":5566,""component_count"":1,""label_band_start_y"":66,""body_band_proxy_bbox"":[9,9,91,66],""label_band_proxy_bbox"":[11,66,89,93]}","{""bbox"":[13,10,87,88],""size"":[74,78],""center"":[50.0,49.0],""pixels"":4373,""component_count"":1,""label_band_start_y"":66,""body_band_proxy_bbox"":[13,10,87,66],""label_band_proxy_bbox"":[19,66,81,88]}",0.902439,0.928571,"[0.0,-2.0]",0.097561,True,"[82,57]","[74,56]",0.902439,0.982456,0.097561,True,"[78,27]","[62,22]",0.794872,0.814815,0.205128,True
base_low,base,low,1,base_detail,54,county_develop,郡開発,군개발,6,377,"{""bbox"":[9,9,91,93],""size"":[82,84],""center"":[50.0,51.0],""pixels"":5568,""component_count"":1,""label_band_start_y"":66,""body_band_proxy_bbox"":[9,9,91,66],""label_band_proxy_bbox"":[11,66,89,93]}","{""bbox"":[13,11,87,87],""size"":[74,76],""center"":[50.0,49.0],""pixels"":4250,""component_count"":1,""label_band_start_y"":66,""body_band_proxy_bbox"":[13,11,87,66],""label_band_proxy_bbox"":[20,66,81,87]}",0.902439,0.904762,"[0.0,-2.0]",0.097561,True,"[82,57]","[74,55]",0.902439,0.964912,0.097561,True,"[78,27]","[61,21]",0.782051,0.777778,0.222222,True
base_low,base,low,1,base_detail,55,assignment,主命,주명,1,378,"{""bbox"":[9,9,91,93],""size"":[82,84],""center"":[50.0,51.0],""pixels"":5299,""component_count"":1,""label_band_start_y"":66,""body_band_proxy_bbox"":[9,9,91,66],""label_band_proxy_bbox"":[11,66,89,93]}","{""bbox"":[22,13,80,73],""size"":[58,60],""center"":[51.0,43.0],""pixels"":2455,""component_count"":12,""label_band_start_y"":66,""body_band_proxy_bbox"":[22,13,80,66],""label_band_proxy_bbox"":[33,66,65,73]}",0.707317,0.714286,"[1.0,-8.0]",0.292683,True,"[82,57]","[58,53]",0.707317,0.929825,0.292683,True,"[78,27]","[32,7]",0.410256,0.259259,0.740741,True
base_low,base,low,1,base_detail,55,assignment,主命,주명,2,379,"{""bbox"":[9,9,91,93],""size"":[82,84],""center"":[50.0,51.0],""pixels"":5299,""component_count"":1,""label_band_start_y"":66,""body_band_proxy_bbox"":[9,9,91,66],""label_band_proxy_bbox"":[11,66,89,93]}","{""bbox"":[21,14,80,75],""size"":[59,61],""center"":[50.5,44.5],""pixels"":2525,""component_count"":9,""label_band_start_y"":66,""body_band_proxy_bbox"":[21,14,80,66],""label_band_proxy_bbox"":[32,66,68,75]}",0.719512,0.72619,"[0.5,-6.5]",0.280488,True,"[82,57]","[59,52]",0.719512,0.912281,0.280488,True,"[78,27]","[36,9]",0.461538,0.333333,0.666667,True
base_low,base,low,1,base_detail,55,assignment,主命,주명,3,380,"{""bbox"":[9,9,91,93],""size"":[82,84],""center"":[50.0,51.0],""pixels"":5299,""component_count"":1,""label_band_start_y"":66,""body_band_proxy_bbox"":[9,9,91,66],""label_band_proxy_bbox"":[11,66,89,93]}","{""bbox"":[22,13,81,75],""size"":[59,62],""center"":[51.5,44.0],""pixels"":2537,""component_count"":11,""label_band_start_y"":66,""body_band_proxy_bbox"":[22,13,81,66],""label_band_proxy_bbox"":[34,66,67,75]}",0.719512,0.738095,"[1.5,-7.0]",0.280488,True,"[82,57]","[59,53]",0.719512,0.929825,0.280488,True,"[78,27]","[33,9]",0.423077,0.333333,0.666667,True
base_low,base,low,1,base_detail,55,assignment,主命,주명,4,381,"{""bbox"":[9,9,91,93],""size"":[82,84],""center"":[50.0,51.0],""pixels"":5298,""component_count"":1,""label_band_start_y"":66,""body_band_proxy_bbox"":[9,9,91,66],""label_band_proxy_bbox"":[11,66,89,93]}","{""bbox"":[21,13,80,74],""size"":[59,61],""center"":[50.5,43.5],""pixels"":2503,""component_count"":11,""label_band_start_y"":66,""body_band_proxy_bbox"":[21,13,80,66],""label_band_proxy_bbox"":[33,66,68,74]}",0.719512,0.72619,"[0.5,-7.5]",0.280488,True,"[82,57]","[59,53]",0.719512,0.929825,0.280488,True,"[78,27]","[35,8]",0.448718,0.296296,0.703704,True
base_low,base,low,1,base_detail,55,assignment,主命,주명,5,382,"{""bbox"":[9,9,91,93],""size"":[82,84],""center"":[50.0,51.0],""pixels"":5299,""component_count"":1,""label_band_start_y"":66,""body_band_proxy_bbox"":[9,9,91,66],""label_band_proxy_bbox"":[11,66,89,93]}","{""bbox"":[21,13,80,75],""size"":[59,62],""center"":[50.5,44.0],""pixels"":2530,""component_count"":6,""label_band_start_y"":66,""body_band_proxy_bbox"":[21,13,80,66],""label_band_proxy_bbox"":[32,66,67,75]}",0.719512,0.738095,"[0.5,-7.0]",0.280488,True,"[82,57]","[59,53]",0.719512,0.929825,0.280488,True,"[78,27]","[35,9]",0.448718,0.333333,0.666667,True
base_low,base,low,1,base_detail,55,assignment,主命,주명,6,383,"{""bbox"":[9,9,91,93],""size"":[82,84],""center"":[50.0,51.0],""pixels"":5298,""component_count"":1,""label_band_start_y"":66,""body_band_proxy_bbox"":[9,9,91,66],""label_band_proxy_bbox"":[11,66,89,93]}","{""bbox"":[21,13,80,74],""size"":[59,61],""center"":[50.5,43.5],""pixels"":2516,""component_count"":5,""label_band_start_y"":66,""body_band_proxy_bbox"":[21,13,80,66],""label_band_proxy_bbox"":[33,66,68,74]}",0.719512,0.72619,"[0.5,-7.5]",0.280488,True,"[82,57]","[59,53]",0.719512,0.929825,0.280488,True,"[78,27]","[35,8]",0.448718,0.296296,0.703704,True
base_low,base,low,1,base_detail,56,relocation,移転,이전,1,384,"{""bbox"":[9,9,91,93],""size"":[82,84],""center"":[50.0,51.0],""pixels"":5303,""component_count"":1,""label_band_start_y"":66,""body_band_proxy_bbox"":[9,9,91,66],""label_band_proxy_bbox"":[11,66,89,93]}","{""bbox"":[14,10,86,87],""size"":[72,77],""center"":[50.0,48.5],""pixels"":3939,""component_count"":1,""label_band_start_y"":66,""body_band_proxy_bbox"":[14,10,86,66],""label_band_proxy_bbox"":[20,66,78,87]}",0.878049,0.916667,"[0.0,-2.5]",0.121951,True,"[82,57]","[72,56]",0.878049,0.982456,0.121951,True,"[78,27]","[58,21]",0.74359,0.777778,0.25641,True
base_low,base,low,1,base_detail,56,relocation,移転,이전,2,385,"{""bbox"":[9,9,91,93],""size"":[82,84],""center"":[50.0,51.0],""pixels"":5303,""component_count"":1,""label_band_start_y"":66,""body_band_proxy_bbox"":[9,9,91,66],""label_band_proxy_bbox"":[11,66,89,93]}","{""bbox"":[14,10,86,88],""size"":[72,78],""center"":[50.0,49.0],""pixels"":4011,""component_count"":1,""label_band_start_y"":66,""body_band_proxy_bbox"":[14,10,86,66],""label_band_proxy_bbox"":[22,66,80,88]}",0.878049,0.928571,"[0.0,-2.0]",0.121951,True,"[82,57]","[72,56]",0.878049,0.982456,0.121951,True,"[78,27]","[58,22]",0.74359,0.814815,0.25641,True
base_low,base,low,1,base_detail,56,relocation,移転,이전,3,386,"{""bbox"":[9,9,91,93],""size"":[82,84],""center"":[50.0,51.0],""pixels"":5305,""component_count"":1,""label_band_start_y"":66,""body_band_proxy_bbox"":[9,9,91,66],""label_band_proxy_bbox"":[11,66,89,93]}","{""bbox"":[15,10,86,88],""size"":[71,78],""center"":[50.5,49.0],""pixels"":4019,""component_count"":1,""label_band_start_y"":66,""body_band_proxy_bbox"":[15,10,86,66],""label_band_proxy_bbox"":[22,66,80,88]}",0.865854,0.928571,"[0.5,-2.0]",0.134146,True,"[82,57]","[71,56]",0.865854,0.982456,0.134146,True,"[78,27]","[58,22]",0.74359,0.814815,0.25641,True
base_low,base,low,1,base_detail,56,relocation,移転,이전,4,387,"{""bbox"":[9,9,91,93],""size"":[82,84],""center"":[50.0,51.0],""pixels"":5305,""component_count"":1,""label_band_start_y"":66,""body_band_proxy_bbox"":[9,9,91,66],""label_band_proxy_bbox"":[11,66,89,93]}","{""bbox"":[14,10,86,87],""size"":[72,77],""center"":[50.0,48.5],""pixels"":3940,""component_count"":1,""label_band_start_y"":66,""body_band_proxy_bbox"":[14,10,86,66],""label_band_proxy_bbox"":[20,66,78,87]}",0.878049,0.916667,"[0.0,-2.5]",0.121951,True,"[82,57]","[72,56]",0.878049,0.982456,0.121951,True,"[78,27]","[58,21]",0.74359,0.777778,0.25641,True
base_low,base,low,1,base_detail,56,relocation,移転,이전,5,388,"{""bbox"":[9,9,91,93],""size"":[82,84],""center"":[50.0,51.0],""pixels"":5303,""component_count"":1,""label_band_start_y"":66,""body_band_proxy_bbox"":[9,9,91,66],""label_band_proxy_bbox"":[11,66,89,93]}","{""bbox"":[15,10,87,88],""size"":[72,78],""center"":[51.0,49.0],""pixels"":4041,""component_count"":1,""label_band_start_y"":66,""body_band_proxy_bbox"":[15,10,87,66],""label_band_proxy_bbox"":[21,66,79,88]}",0.878049,0.928571,"[1.0,-2.0]",0.121951,True,"[82,57]","[72,56]",0.878049,0.982456,0.121951,True,"[78,27]","[58,22]",0.74359,0.814815,0.25641,True
base_low,base,low,1,base_detail,56,relocation,移転,이전,6,389,"{""bbox"":[9,9,91,93],""size"":[82,84],""center"":[50.0,51.0],""pixels"":5305,""component_count"":1,""label_band_start_y"":66,""body_band_proxy_bbox"":[9,9,91,66],""label_band_proxy_bbox"":[11,66,89,93]}","{""bbox"":[14,10,86,87],""size"":[72,77],""center"":[50.0,48.5],""pixels"":3945,""component_count"":1,""label_band_start_y"":66,""body_band_proxy_bbox"":[14,10,86,66],""label_band_proxy_bbox"":[21,66,78,87]}",0.878049,0.916667,"[0.0,-2.5]",0.121951,True,"[82,57]","[72,56]",0.878049,0.982456,0.121951,True,"[78,27]","[57,21]",0.730769,0.777778,0.269231,True
base_low,base,low,1,base_main,0,assessment,評定,군평정,1,252,"{""bbox"":[3,1,101,102],""size"":[98,101],""center"":[52.0,51.5],""pixels"":7654,""component_count"":1,""label_band_start_y"":72,""body_band_proxy_bbox"":[3,1,101,72],""label_band_proxy_bbox"":[8,72,96,102]}","{""bbox"":[6,3,98,98],""size"":[92,95],""center"":[52.0,50.5],""pixels"":6695,""component_count"":1,""label_band_start_y"":72,""body_band_proxy_bbox"":[6,3,98,72],""label_band_proxy_bbox"":[13,72,97,98]}",0.938776,0.940594,"[0.0,-1.0]",0.061224,True,"[98,71]","[92,69]",0.938776,0.971831,0.061224,True,"[88,30]","[84,26]",0.954545,0.866667,0.133333,True
base_low,base,low,1,base_main,0,assessment,評定,군평정,2,253,"{""bbox"":[3,1,101,102],""size"":[98,101],""center"":[52.0,51.5],""pixels"":7649,""component_count"":1,""label_band_start_y"":72,""body_band_proxy_bbox"":[3,1,101,72],""label_band_proxy_bbox"":[8,72,96,102]}","{""bbox"":[6,3,98,98],""size"":[92,95],""center"":[52.0,50.5],""pixels"":6722,""component_count"":1,""label_band_start_y"":72,""body_band_proxy_bbox"":[6,3,98,72],""label_band_proxy_bbox"":[14,72,98,98]}",0.938776,0.940594,"[0.0,-1.0]",0.061224,True,"[98,71]","[92,69]",0.938776,0.971831,0.061224,True,"[88,30]","[84,26]",0.954545,0.866667,0.133333,True
base_low,base,low,1,base_main,0,assessment,評定,군평정,3,254,"{""bbox"":[3,1,101,102],""size"":[98,101],""center"":[52.0,51.5],""pixels"":7649,""component_count"":1,""label_band_start_y"":72,""body_band_proxy_bbox"":[3,1,101,72],""label_band_proxy_bbox"":[8,72,96,102]}","{""bbox"":[7,3,97,98],""size"":[90,95],""center"":[52.0,50.5],""pixels"":6618,""component_count"":1,""label_band_start_y"":72,""body_band_proxy_bbox"":[7,3,97,72],""label_band_proxy_bbox"":[14,72,97,98]}",0.918367,0.940594,"[0.0,-1.0]",0.081633,True,"[98,71]","[90,69]",0.918367,0.971831,0.081633,True,"[88,30]","[83,26]",0.943182,0.866667,0.133333,True
base_low,base,low,1,base_main,0,assessment,評定,군평정,4,255,"{""bbox"":[3,1,101,102],""size"":[98,101],""center"":[52.0,51.5],""pixels"":7649,""component_count"":1,""label_band_start_y"":72,""body_band_proxy_bbox"":[3,1,101,72],""label_band_proxy_bbox"":[8,72,96,102]}","{""bbox"":[6,3,97,98],""size"":[91,95],""center"":[51.5,50.5],""pixels"":6582,""component_count"":1,""label_band_start_y"":72,""body_band_proxy_bbox"":[6,3,97,72],""label_band_proxy_bbox"":[14,72,96,98]}",0.928571,0.940594,"[-0.5,-1.0]",0.071429,True,"[98,71]","[91,69]",0.928571,0.971831,0.071429,True,"[88,30]","[82,26]",0.931818,0.866667,0.133333,True
base_low,base,low,1,base_main,0,assessment,評定,군평정,5,256,"{""bbox"":[3,1,101,102],""size"":[98,101],""center"":[52.0,51.5],""pixels"":7649,""component_count"":1,""label_band_start_y"":72,""body_band_proxy_bbox"":[3,1,101,72],""label_band_proxy_bbox"":[8,72,96,102]}","{""bbox"":[6,3,96,98],""size"":[90,95],""center"":[51.0,50.5],""pixels"":6576,""component_count"":1,""label_band_start_y"":72,""body_band_proxy_bbox"":[6,3,96,72],""label_band_proxy_bbox"":[14,72,96,98]}",0.918367,0.940594,"[-1.0,-1.0]",0.081633,True,"[98,71]","[90,69]",0.918367,0.971831,0.081633,True,"[88,30]","[82,26]",0.931818,0.866667,0.133333,True
base_low,base,low,1,base_main,0,assessment,評定,군평정,6,257,"{""bbox"":[3,1,101,102],""size"":[98,101],""center"":[52.0,51.5],""pixels"":7649,""component_count"":1,""label_band_start_y"":72,""body_band_proxy_bbox"":[3,1,101,72],""label_band_proxy_bbox"":[8,72,96,102]}","{""bbox"":[6,3,98,98],""size"":[92,95],""center"":[52.0,50.5],""pixels"":6617,""component_count"":1,""label_band_start_y"":72,""body_band_proxy_bbox"":[6,3,98,72],""label_band_proxy_bbox"":[13,72,96,98]}",0.938776,0.940594,"[0.0,-1.0]",0.061224,True,"[98,71]","[92,69]",0.938776,0.971831,0.061224,True,"[88,30]","[83,26]",0.943182,0.866667,0.133333,True
base_low,base,low,1,base_main,1,appointment,任命,임명,1,258,"{""bbox"":[3,1,101,102],""size"":[98,101],""center"":[52.0,51.5],""pixels"":7757,""component_count"":1,""label_band_start_y"":72,""body_band_proxy_bbox"":[3,1,101,72],""label_band_proxy_bbox"":[8,72,96,102]}","{""bbox"":[7,3,97,98],""size"":[90,95],""center"":[52.0,50.5],""pixels"":6302,""component_count"":2,""label_band_start_y"":72,""body_band_proxy_bbox"":[7,3,97,72],""label_band_proxy_bbox"":[15,72,90,98]}",0.918367,0.940594,"[0.0,-1.0]",0.081633,True,"[98,71]","[90,69]",0.918367,0.971831,0.081633,True,"[88,30]","[75,26]",0.852273,0.866667,0.147727,True
base_low,base,low,1,base_main,1,appointment,任命,임명,2,259,"{""bbox"":[3,1,101,102],""size"":[98,101],""center"":[52.0,51.5],""pixels"":7753,""component_count"":1,""label_band_start_y"":72,""body_band_proxy_bbox"":[3,1,101,72],""label_band_proxy_bbox"":[8,72,96,102]}","{""bbox"":[8,3,96,98],""size"":[88,95],""center"":[52.0,50.5],""pixels"":6402,""component_count"":3,""label_band_start_y"":72,""body_band_proxy_bbox"":[8,3,96,72],""label_band_proxy_bbox"":[17,72,94,98]}",0.897959,0.940594,"[0.0,-1.0]",0.102041,True,"[98,71]","[88,69]",0.897959,0.971831,0.102041,True,"[88,30]","[77,26]",0.875,0.866667,0.133333,True
base_low,base,low,1,base_main,1,appointment,任命,임명,3,260,"{""bbox"":[3,1,101,102],""size"":[98,101],""center"":[52.0,51.5],""pixels"":7753,""component_count"":1,""label_band_start_y"":72,""body_band_proxy_bbox"":[3,1,101,72],""label_band_proxy_bbox"":[8,72,96,102]}","{""bbox"":[7,3,96,98],""size"":[89,95],""center"":[51.5,50.5],""pixels"":6398,""component_count"":1,""label_band_start_y"":72,""body_band_proxy_bbox"":[7,3,96,72],""label_band_proxy_bbox"":[16,72,93,98]}",0.908163,0.940594,"[-0.5,-1.0]",0.091837,True,"[98,71]","[89,69]",0.908163,0.971831,0.091837,True,"[88,30]","[77,26]",0.875,0.866667,0.133333,True
base_low,base,low,1,base_main,1,appointment,任命,임명,4,261,"{""bbox"":[3,1,101,102],""size"":[98,101],""center"":[52.0,51.5],""pixels"":7753,""component_count"":1,""label_band_start_y"":72,""body_band_proxy_bbox"":[3,1,101,72],""label_band_proxy_bbox"":[8,72,96,102]}","{""bbox"":[7,3,97,98],""size"":[90,95],""center"":[52.0,50.5],""pixels"":6334,""component_count"":1,""label_band_start_y"":72,""body_band_proxy_bbox"":[7,3,97,72],""label_band_proxy_bbox"":[14,72,91,98]}",0.918367,0.940594,"[0.0,-1.0]",0.081633,True,"[98,71]","[90,69]",0.918367,0.971831,0.081633,True,"[88,30]","[77,26]",0.875,0.866667,0.133333,True
base_low,base,low,1,base_main,1,appointment,任命,임명,5,262,"{""bbox"":[3,1,101,102],""size"":[98,101],""center"":[52.0,51.5],""pixels"":7753,""component_count"":1,""label_band_start_y"":72,""body_band_proxy_bbox"":[3,1,101,72],""label_band_proxy_bbox"":[8,72,96,102]}","{""bbox"":[8,3,96,98],""size"":[88,95],""center"":[52.0,50.5],""pixels"":6395,""component_count"":2,""label_band_start_y"":72,""body_band_proxy_bbox"":[8,3,96,72],""label_band_proxy_bbox"":[17,72,94,98]}",0.897959,0.940594,"[0.0,-1.0]",0.102041,True,"[98,71]","[88,69]",0.897959,0.971831,0.102041,True,"[88,30]","[77,26]",0.875,0.866667,0.133333,True
base_low,base,low,1,base_main,1,appointment,任命,임명,6,263,"{""bbox"":[3,1,101,102],""size"":[98,101],""center"":[52.0,51.5],""pixels"":7753,""component_count"":1,""label_band_start_y"":72,""body_band_proxy_bbox"":[3,1,101,72],""label_band_proxy_bbox"":[8,72,96,102]}","{""bbox"":[6,3,96,98],""size"":[90,95],""center"":[51.0,50.5],""pixels"":6277,""component_count"":1,""label_band_start_y"":72,""body_band_proxy_bbox"":[6,3,96,72],""label_band_proxy_bbox"":[14,72,89,98]}",0.918367,0.940594,"[-1.0,-1.0]",0.081633,True,"[98,71]","[90,69]",0.918367,0.971831,0.081633,True,"[88,30]","[75,26]",0.852273,0.866667,0.147727,True
base_low,base,low,1,base_main,2,military,軍事,군사,1,264,"{""bbox"":[3,1,101,102],""size"":[98,101],""center"":[52.0,51.5],""pixels"":7727,""component_count"":1,""label_band_start_y"":72,""body_band_proxy_bbox"":[3,1,101,72],""label_band_proxy_bbox"":[8,72,96,102]}","{""bbox"":[10,6,94,97],""size"":[84,91],""center"":[52.0,51.5],""pixels"":5803,""component_count"":1,""label_band_start_y"":72,""body_band_proxy_bbox"":[10,6,94,72],""label_band_proxy_bbox"":[17,72,85,97]}",0.857143,0.90099,"[0.0,0.0]",0.142857,True,"[98,71]","[84,66]",0.857143,0.929577,0.142857,True,"[88,30]","[68,25]",0.772727,0.833333,0.227273,True
base_low,base,low,1,base_main,2,military,軍事,군사,2,265,"{""bbox"":[3,1,101,102],""size"":[98,101],""center"":[52.0,51.5],""pixels"":7722,""component_count"":1,""label_band_start_y"":72,""body_band_proxy_bbox"":[3,1,101,72],""label_band_proxy_bbox"":[8,72,96,102]}","{""bbox"":[9,4,95,99],""size"":[86,95],""center"":[52.0,51.5],""pixels"":6298,""component_count"":1,""label_band_start_y"":72,""body_band_proxy_bbox"":[9,4,95,72],""label_band_proxy_bbox"":[15,72,87,99]}",0.877551,0.940594,"[0.0,0.0]",0.122449,True,"[98,71]","[86,68]",0.877551,0.957746,0.122449,True,"[88,30]","[72,27]",0.818182,0.9,0.181818,True
base_low,base,low,1,base_main,2,military,軍事,군사,3,266,"{""bbox"":[3,1,101,102],""size"":[98,101],""center"":[52.0,51.5],""pixels"":7722,""component_count"":1,""label_band_start_y"":72,""body_band_proxy_bbox"":[3,1,101,72],""label_band_proxy_bbox"":[8,72,96,102]}","{""bbox"":[8,4,96,100],""size"":[88,96],""center"":[52.0,52.0],""pixels"":6482,""component_count"":1,""label_band_start_y"":72,""body_band_proxy_bbox"":[8,4,96,72],""label_band_proxy_bbox"":[13,72,88,100]}",0.897959,0.950495,"[0.0,0.5]",0.102041,True,"[98,71]","[88,68]",0.897959,0.957746,0.102041,True,"[88,30]","[75,28]",0.852273,0.933333,0.147727,True
base_low,base,low,1,base_main,2,military,軍事,군사,4,267,"{""bbox"":[3,1,101,102],""size"":[98,101],""center"":[52.0,51.5],""pixels"":7722,""component_count"":1,""label_band_start_y"":72,""body_band_proxy_bbox"":[3,1,101,72],""label_band_proxy_bbox"":[8,72,96,102]}","{""bbox"":[8,3,95,99],""size"":[87,96],""center"":[51.5,51.0],""pixels"":6433,""component_count"":2,""label_band_start_y"":72,""body_band_proxy_bbox"":[8,3,95,72],""label_band_proxy_bbox"":[13,72,86,99]}",0.887755,0.950495,"[-0.5,-0.5]",0.112245,True,"[98,71]","[87,69]",0.887755,0.971831,0.112245,True,"[88,30]","[73,27]",0.829545,0.9,0.170455,True
base_low,base,low,1,base_main,2,military,軍事,군사,5,268,"{""bbox"":[3,1,101,102],""size"":[98,101],""center"":[52.0,51.5],""pixels"":7722,""component_count"":1,""label_band_start_y"":72,""body_band_proxy_bbox"":[3,1,101,72],""label_band_proxy_bbox"":[8,72,96,102]}","{""bbox"":[9,4,95,99],""size"":[86,95],""center"":[52.0,51.5],""pixels"":6297,""component_count"":2,""label_band_start_y"":72,""body_band_proxy_bbox"":[9,4,95,72],""label_band_proxy_bbox"":[14,72,86,99]}",0.877551,0.940594,"[0.0,0.0]",0.122449,True,"[98,71]","[86,68]",0.877551,0.957746,0.122449,True,"[88,30]","[72,27]",0.818182,0.9,0.181818,True
base_low,base,low,1,base_main,2,military,軍事,군사,6,269,"{""bbox"":[3,1,101,102],""size"":[98,101],""center"":[52.0,51.5],""pixels"":7722,""component_count"":1,""label_band_start_y"":72,""body_band_proxy_bbox"":[3,1,101,72],""label_band_proxy_bbox"":[8,72,96,102]}","{""bbox"":[8,4,95,99],""size"":[87,95],""center"":[51.5,51.5],""pixels"":6322,""component_count"":1,""label_band_start_y"":72,""body_band_proxy_bbox"":[8,4,95,72],""label_band_proxy_bbox"":[14,72,87,99]}",0.887755,0.940594,"[-0.5,0.0]",0.112245,True,"[98,71]","[87,68]",0.887755,0.957746,0.112245,True,"[88,30]","[73,27]",0.829545,0.9,0.170455,True
base_low,base,low,1,base_main,3,domestic,内政,내정,1,270,"{""bbox"":[3,1,101,102],""size"":[98,101],""center"":[52.0,51.5],""pixels"":7807,""component_count"":1,""label_band_start_y"":72,""body_band_proxy_bbox"":[3,1,101,72],""label_band_proxy_bbox"":[8,72,96,102]}","{""bbox"":[9,3,96,98],""size"":[87,95],""center"":[52.5,50.5],""pixels"":6262,""component_count"":2,""label_band_start_y"":72,""body_band_proxy_bbox"":[9,3,95,72],""label_band_proxy_bbox"":[16,72,96,98]}",0.887755,0.940594,"[0.5,-1.0]",0.112245,True,"[98,71]","[86,69]",0.877551,0.971831,0.122449,True,"[88,30]","[80,26]",0.909091,0.866667,0.133333,True
base_low,base,low,1,base_main,3,domestic,内政,내정,2,271,"{""bbox"":[3,1,101,102],""size"":[98,101],""center"":[52.0,51.5],""pixels"":7803,""component_count"":1,""label_band_start_y"":72,""body_band_proxy_bbox"":[3,1,101,72],""label_band_proxy_bbox"":[8,72,96,102]}","{""bbox"":[9,3,95,98],""size"":[86,95],""center"":[52.0,50.5],""pixels"":6153,""component_count"":1,""label_band_start_y"":72,""body_band_proxy_bbox"":[9,3,94,72],""label_band_proxy_bbox"":[17,72,95,98]}",0.877551,0.940594,"[0.0,-1.0]",0.122449,True,"[98,71]","[85,69]",0.867347,0.971831,0.132653,True,"[88,30]","[78,26]",0.886364,0.866667,0.133333,True
base_low,base,low,1,base_main,3,domestic,内政,내정,3,272,"{""bbox"":[3,1,101,102],""size"":[98,101],""center"":[52.0,51.5],""pixels"":7803,""component_count"":1,""label_band_start_y"":72,""body_band_proxy_bbox"":[3,1,101,72],""label_band_proxy_bbox"":[8,72,96,102]}","{""bbox"":[9,3,95,98],""size"":[86,95],""center"":[52.0,50.5],""pixels"":6166,""component_count"":1,""label_band_start_y"":72,""body_band_proxy_bbox"":[9,3,94,72],""label_band_proxy_bbox"":[15,72,95,98]}",0.877551,0.940594,"[0.0,-1.0]",0.122449,True,"[98,71]","[85,69]",0.867347,0.971831,0.132653,True,"[88,30]","[80,26]",0.909091,0.866667,0.133333,True
base_low,base,low,1,base_main,3,domestic,内政,내정,4,273,"{""bbox"":[3,1,101,102],""size"":[98,101],""center"":[52.0,51.5],""pixels"":7803,""component_count"":1,""label_band_start_y"":72,""body_band_proxy_bbox"":[3,1,101,72],""label_band_proxy_bbox"":[8,72,96,102]}","{""bbox"":[9,3,95,98],""size"":[86,95],""center"":[52.0,50.5],""pixels"":6209,""component_count"":1,""label_band_start_y"":72,""body_band_proxy_bbox"":[9,3,94,72],""label_band_proxy_bbox"":[16,72,95,98]}",0.877551,0.940594,"[0.0,-1.0]",0.122449,True,"[98,71]","[85,69]",0.867347,0.971831,0.132653,True,"[88,30]","[79,26]",0.897727,0.866667,0.133333,True
base_low,base,low,1,base_main,3,domestic,内政,내정,5,274,"{""bbox"":[3,1,101,102],""size"":[98,101],""center"":[52.0,51.5],""pixels"":7803,""component_count"":1,""label_band_start_y"":72,""body_band_proxy_bbox"":[3,1,101,72],""label_band_proxy_bbox"":[8,72,96,102]}","{""bbox"":[9,3,95,98],""size"":[86,95],""center"":[52.0,50.5],""pixels"":6088,""component_count"":2,""label_band_start_y"":72,""body_band_proxy_bbox"":[9,3,93,72],""label_band_proxy_bbox"":[15,72,95,98]}",0.877551,0.940594,"[0.0,-1.0]",0.122449,True,"[98,71]","[84,69]",0.857143,0.971831,0.142857,True,"[88,30]","[80,26]",0.909091,0.866667,0.133333,True
base_low,base,low,1,base_main,3,domestic,内政,내정,6,275,"{""bbox"":[3,1,101,102],""size"":[98,101],""center"":[52.0,51.5],""pixels"":7803,""component_count"":1,""label_band_start_y"":72,""body_band_proxy_bbox"":[3,1,101,72],""label_band_proxy_bbox"":[8,72,96,102]}","{""bbox"":[9,3,95,98],""size"":[86,95],""center"":[52.0,50.5],""pixels"":6216,""component_count"":1,""label_band_start_y"":72,""body_band_proxy_bbox"":[9,3,94,72],""label_band_proxy_bbox"":[15,72,95,98]}",0.877551,0.940594,"[0.0,-1.0]",0.122449,True,"[98,71]","[85,69]",0.867347,0.971831,0.132653,True,"[88,30]","[80,26]",0.909091,0.866667,0.133333,True
base_low,base,low,1,base_main,4,diplomacy,外交,외교,1,276,"{""bbox"":[3,1,101,102],""size"":[98,101],""center"":[52.0,51.5],""pixels"":7799,""component_count"":1,""label_band_start_y"":72,""body_band_proxy_bbox"":[3,1,101,72],""label_band_proxy_bbox"":[8,72,96,102]}","{""bbox"":[7,3,97,98],""size"":[90,95],""center"":[52.0,50.5],""pixels"":6329,""component_count"":1,""label_band_start_y"":72,""body_band_proxy_bbox"":[7,3,97,72],""label_band_proxy_bbox"":[14,72,95,98]}",0.918367,0.940594,"[0.0,-1.0]",0.081633,True,"[98,71]","[90,69]",0.918367,0.971831,0.081633,True,"[88,30]","[81,26]",0.920455,0.866667,0.133333,True
base_low,base,low,1,base_main,4,diplomacy,外交,외교,2,277,"{""bbox"":[3,1,101,102],""size"":[98,101],""center"":[52.0,51.5],""pixels"":7795,""component_count"":1,""label_band_start_y"":72,""body_band_proxy_bbox"":[3,1,101,72],""label_band_proxy_bbox"":[8,72,96,102]}","{""bbox"":[7,3,97,98],""size"":[90,95],""center"":[52.0,50.5],""pixels"":6321,""component_count"":1,""label_band_start_y"":72,""body_band_proxy_bbox"":[7,3,97,72],""label_band_proxy_bbox"":[14,72,95,98]}",0.918367,0.940594,"[0.0,-1.0]",0.081633,True,"[98,71]","[90,69]",0.918367,0.971831,0.081633,True,"[88,30]","[81,26]",0.920455,0.866667,0.133333,True
base_low,base,low,1,base_main,4,diplomacy,外交,외교,3,278,"{""bbox"":[3,1,101,102],""size"":[98,101],""center"":[52.0,51.5],""pixels"":7795,""component_count"":1,""label_band_start_y"":72,""body_band_proxy_bbox"":[3,1,101,72],""label_band_proxy_bbox"":[8,72,96,102]}","{""bbox"":[8,3,96,98],""size"":[88,95],""center"":[52.0,50.5],""pixels"":6326,""component_count"":1,""label_band_start_y"":72,""body_band_proxy_bbox"":[8,3,96,72],""label_band_proxy_bbox"":[15,72,95,98]}",0.897959,0.940594,"[0.0,-1.0]",0.102041,True,"[98,71]","[88,69]",0.897959,0.971831,0.102041,True,"[88,30]","[80,26]",0.909091,0.866667,0.133333,True
base_low,base,low,1,base_main,4,diplomacy,外交,외교,4,279,"{""bbox"":[3,1,101,102],""size"":[98,101],""center"":[52.0,51.5],""pixels"":7795,""component_count"":1,""label_band_start_y"":72,""body_band_proxy_bbox"":[3,1,101,72],""label_band_proxy_bbox"":[8,72,96,102]}","{""bbox"":[7,3,97,98],""size"":[90,95],""center"":[52.0,50.5],""pixels"":6327,""component_count"":3,""label_band_start_y"":72,""body_band_proxy_bbox"":[7,3,97,72],""label_band_proxy_bbox"":[14,72,95,98]}",0.918367,0.940594,"[0.0,-1.0]",0.081633,True,"[98,71]","[90,69]",0.918367,0.971831,0.081633,True,"[88,30]","[81,26]",0.920455,0.866667,0.133333,True
base_low,base,low,1,base_main,4,diplomacy,外交,외교,5,280,"{""bbox"":[3,1,101,102],""size"":[98,101],""center"":[52.0,51.5],""pixels"":7795,""component_count"":1,""label_band_start_y"":72,""body_band_proxy_bbox"":[3,1,101,72],""label_band_proxy_bbox"":[8,72,96,102]}","{""bbox"":[8,3,96,98],""size"":[88,95],""center"":[52.0,50.5],""pixels"":6301,""component_count"":1,""label_band_start_y"":72,""body_band_proxy_bbox"":[8,3,96,72],""label_band_proxy_bbox"":[14,72,95,98]}",0.897959,0.940594,"[0.0,-1.0]",0.102041,True,"[98,71]","[88,69]",0.897959,0.971831,0.102041,True,"[88,30]","[81,26]",0.920455,0.866667,0.133333,True
base_low,base,low,1,base_main,4,diplomacy,外交,외교,6,281,"{""bbox"":[3,1,101,102],""size"":[98,101],""center"":[52.0,51.5],""pixels"":7795,""component_count"":1,""label_band_start_y"":72,""body_band_proxy_bbox"":[3,1,101,72],""label_band_proxy_bbox"":[8,72,96,102]}","{""bbox"":[7,3,97,98],""size"":[90,95],""center"":[52.0,50.5],""pixels"":6453,""component_count"":2,""label_band_start_y"":72,""body_band_proxy_bbox"":[7,3,97,72],""label_band_proxy_bbox"":[15,72,96,98]}",0.918367,0.940594,"[0.0,-1.0]",0.081633,True,"[98,71]","[90,69]",0.918367,0.971831,0.081633,True,"[88,30]","[81,26]",0.920455,0.866667,0.133333,True
base_high,base,high,2,base_detail,0,county_info,郡情報,군정보,1,18,"{""bbox"":[18,18,182,186],""size"":[164,168],""center"":[100.0,102.0],""pixels"":22524,""component_count"":2,""label_band_start_y"":133,""body_band_proxy_bbox"":[18,18,182,133],""label_band_proxy_bbox"":[24,133,180,186]}","{""bbox"":[25,21,175,176],""size"":[150,155],""center"":[100.0,98.5],""pixels"":17598,""component_count"":1,""label_band_start_y"":133,""body_band_proxy_bbox"":[25,21,175,133],""label_band_proxy_bbox"":[36,133,165,176]}",0.914634,0.922619,"[0.0,-3.5]",0.085366,True,"[164,115]","[150,112]",0.914634,0.973913,0.085366,True,"[156,53]","[129,43]",0.826923,0.811321,0.188679,True
base_high,base,high,2,base_detail,0,county_info,郡情報,군정보,2,19,"{""bbox"":[18,18,182,186],""size"":[164,168],""center"":[100.0,102.0],""pixels"":22524,""component_count"":2,""label_band_start_y"":133,""body_band_proxy_bbox"":[18,18,182,133],""label_band_proxy_bbox"":[24,133,180,186]}","{""bbox"":[25,20,175,178],""size"":[150,158],""center"":[100.0,99.0],""pixels"":18231,""component_count"":2,""label_band_start_y"":133,""body_band_proxy_bbox"":[25,20,175,133],""label_band_proxy_bbox"":[34,133,169,178]}",0.914634,0.940476,"[0.0,-3.0]",0.085366,True,"[164,115]","[150,113]",0.914634,0.982609,0.085366,True,"[156,53]","[135,45]",0.865385,0.849057,0.150943,True
base_high,base,high,2,base_detail,0,county_info,郡情報,군정보,3,20,"{""bbox"":[18,18,182,186],""size"":[164,168],""center"":[100.0,102.0],""pixels"":22675,""component_count"":2,""label_band_start_y"":133,""body_band_proxy_bbox"":[18,18,182,133],""label_band_proxy_bbox"":[24,133,180,186]}","{""bbox"":[25,20,175,178],""size"":[150,158],""center"":[100.0,99.0],""pixels"":18095,""component_count"":4,""label_band_start_y"":133,""body_band_proxy_bbox"":[25,20,175,133],""label_band_proxy_bbox"":[35,133,168,178]}",0.914634,0.940476,"[0.0,-3.0]",0.085366,True,"[164,115]","[150,113]",0.914634,0.982609,0.085366,True,"[156,53]","[133,45]",0.852564,0.849057,0.150943,True
base_high,base,high,2,base_detail,0,county_info,郡情報,군정보,4,21,"{""bbox"":[18,18,182,186],""size"":[164,168],""center"":[100.0,102.0],""pixels"":22524,""component_count"":2,""label_band_start_y"":133,""body_band_proxy_bbox"":[18,18,182,133],""label_band_proxy_bbox"":[24,133,180,186]}","{""bbox"":[25,20,175,177],""size"":[150,157],""center"":[100.0,98.5],""pixels"":17752,""component_count"":2,""label_band_start_y"":133,""body_band_proxy_bbox"":[25,20,175,133],""label_band_proxy_bbox"":[36,133,166,177]}",0.914634,0.934524,"[0.0,-3.5]",0.085366,True,"[164,115]","[150,113]",0.914634,0.982609,0.085366,True,"[156,53]","[130,44]",0.833333,0.830189,0.169811,True
base_high,base,high,2,base_detail,0,county_info,郡情報,군정보,5,22,"{""bbox"":[18,18,182,186],""size"":[164,168],""center"":[100.0,102.0],""pixels"":22524,""component_count"":2,""label_band_start_y"":133,""body_band_proxy_bbox"":[18,18,182,133],""label_band_proxy_bbox"":[24,133,180,186]}","{""bbox"":[25,20,175,178],""size"":[150,158],""center"":[100.0,99.0],""pixels"":18185,""component_count"":5,""label_band_start_y"":133,""body_band_proxy_bbox"":[25,20,175,133],""label_band_proxy_bbox"":[34,133,169,178]}",0.914634,0.940476,"[0.0,-3.0]",0.085366,True,"[164,115]","[150,113]",0.914634,0.982609,0.085366,True,"[156,53]","[135,45]",0.865385,0.849057,0.150943,True
base_high,base,high,2,base_detail,0,county_info,郡情報,군정보,6,23,"{""bbox"":[18,18,182,186],""size"":[164,168],""center"":[100.0,102.0],""pixels"":22524,""component_count"":2,""label_band_start_y"":133,""body_band_proxy_bbox"":[18,18,182,133],""label_band_proxy_bbox"":[24,133,180,186]}","{""bbox"":[25,22,175,177],""size"":[150,155],""center"":[100.0,99.5],""pixels"":17449,""component_count"":3,""label_band_start_y"":133,""body_band_proxy_bbox"":[25,22,175,133],""label_band_proxy_bbox"":[36,133,166,177]}",0.914634,0.922619,"[0.0,-2.5]",0.085366,True,"[164,115]","[150,111]",0.914634,0.965217,0.085366,True,"[156,53]","[130,44]",0.833333,0.830189,0.169811,True
base_high,base,high,2,base_detail,1,battle_info,合戦情報,합전정보,1,24,"{""bbox"":[4,18,194,186],""size"":[190,168],""center"":[99.0,102.0],""pixels"":24019,""component_count"":2,""label_band_start_y"":133,""body_band_proxy_bbox"":[18,18,188,133],""label_band_proxy_bbox"":[4,133,194,186]}","{""bbox"":[25,20,179,176],""size"":[154,156],""center"":[102.0,98.0],""pixels"":18772,""component_count"":1,""label_band_start_y"":133,""body_band_proxy_bbox"":[25,20,174,133],""label_band_proxy_bbox"":[26,133,179,176]}",0.810526,0.928571,"[3.0,-4.0]",0.189474,True,"[170,115]","[149,113]",0.876471,0.982609,0.123529,True,"[190,53]","[153,43]",0.805263,0.811321,0.194737,True
base_high,base,high,2,base_detail,1,battle_info,合戦情報,합전정보,2,25,"{""bbox"":[4,18,194,186],""size"":[190,168],""center"":[99.0,102.0],""pixels"":24019,""component_count"":2,""label_band_start_y"":133,""body_band_proxy_bbox"":[18,18,188,133],""label_band_proxy_bbox"":[4,133,194,186]}","{""bbox"":[19,20,182,180],""size"":[163,160],""center"":[100.5,100.0],""pixels"":19968,""component_count"":4,""label_band_start_y"":133,""body_band_proxy_bbox"":[23,20,175,133],""label_band_proxy_bbox"":[19,133,182,180]}",0.857895,0.952381,"[1.5,-2.0]",0.142105,True,"[170,115]","[152,113]",0.894118,0.982609,0.105882,True,"[190,53]","[163,47]",0.857895,0.886792,0.142105,True
base_high,base,high,2,base_detail,1,battle_info,合戦情報,합전정보,3,26,"{""bbox"":[4,18,194,186],""size"":[190,168],""center"":[99.0,102.0],""pixels"":24019,""component_count"":2,""label_band_start_y"":133,""body_band_proxy_bbox"":[18,18,188,133],""label_band_proxy_bbox"":[4,133,194,186]}","{""bbox"":[23,20,181,179],""size"":[158,159],""center"":[102.0,99.5],""pixels"":19453,""component_count"":3,""label_band_start_y"":133,""body_band_proxy_bbox"":[24,20,174,133],""label_band_proxy_bbox"":[23,133,181,179]}",0.831579,0.946429,"[3.0,-2.5]",0.168421,True,"[170,115]","[150,113]",0.882353,0.982609,0.117647,True,"[190,53]","[158,46]",0.831579,0.867925,0.168421,True
base_high,base,high,2,base_detail,1,battle_info,合戦情報,합전정보,4,27,"{""bbox"":[4,18,194,186],""size"":[190,168],""center"":[99.0,102.0],""pixels"":24019,""component_count"":2,""label_band_start_y"":133,""body_band_proxy_bbox"":[18,18,188,133],""label_band_proxy_bbox"":[4,133,194,186]}","{""bbox"":[24,19,177,177],""size"":[153,158],""center"":[100.5,98.0],""pixels"":19038,""component_count"":3,""label_band_start_y"":133,""body_band_proxy_bbox"":[24,19,175,133],""label_band_proxy_bbox"":[24,133,177,177]}",0.805263,0.940476,"[1.5,-4.0]",0.194737,True,"[170,115]","[151,114]",0.888235,0.991304,0.111765,True,"[190,53]","[153,44]",0.805263,0.830189,0.194737,True
base_high,base,high,2,base_detail,1,battle_info,合戦情報,합전정보,5,28,"{""bbox"":[4,18,194,186],""size"":[190,168],""center"":[99.0,102.0],""pixels"":24019,""component_count"":2,""label_band_start_y"":133,""body_band_proxy_bbox"":[18,18,188,133],""label_band_proxy_bbox"":[4,133,194,186]}","{""bbox"":[19,20,182,180],""size"":[163,160],""center"":[100.5,100.0],""pixels"":20061,""component_count"":5,""label_band_start_y"":133,""body_band_proxy_bbox"":[24,20,175,133],""label_band_proxy_bbox"":[19,133,182,180]}",0.857895,0.952381,"[1.5,-2.0]",0.142105,True,"[170,115]","[151,113]",0.888235,0.982609,0.111765,True,"[190,53]","[163,47]",0.857895,0.886792,0.142105,True
base_high,base,high,2,base_detail,1,battle_info,合戦情報,합전정보,6,29,"{""bbox"":[4,18,194,186],""size"":[190,168],""center"":[99.0,102.0],""pixels"":24019,""component_count"":2,""label_band_start_y"":133,""body_band_proxy_bbox"":[18,18,188,133],""label_band_proxy_bbox"":[4,133,194,186]}","{""bbox"":[25,19,180,177],""size"":[155,158],""center"":[102.5,98.0],""pixels"":19127,""component_count"":5,""label_band_start_y"":133,""body_band_proxy_bbox"":[25,19,176,133],""label_band_proxy_bbox"":[25,133,180,177]}",0.815789,0.940476,"[3.5,-4.0]",0.184211,True,"[170,115]","[151,114]",0.888235,0.991304,0.111765,True,"[190,53]","[155,44]",0.815789,0.830189,0.184211,True
base_high,base,high,2,base_detail,2,fief,知行,지행,1,30,"{""bbox"":[18,18,182,186],""size"":[164,168],""center"":[100.0,102.0],""pixels"":21131,""component_count"":2,""label_band_start_y"":133,""body_band_proxy_bbox"":[18,18,182,133],""label_band_proxy_bbox"":[24,133,176,186]}","{""bbox"":[25,20,175,176],""size"":[150,156],""center"":[100.0,98.0],""pixels"":16773,""component_count"":2,""label_band_start_y"":133,""body_band_proxy_bbox"":[25,20,175,133],""label_band_proxy_bbox"":[38,133,162,176]}",0.914634,0.928571,"[0.0,-4.0]",0.085366,True,"[164,115]","[150,113]",0.914634,0.982609,0.085366,True,"[152,53]","[124,43]",0.815789,0.811321,0.188679,True
base_high,base,high,2,base_detail,2,fief,知行,지행,2,31,"{""bbox"":[18,18,182,186],""size"":[164,168],""center"":[100.0,102.0],""pixels"":21131,""component_count"":2,""label_band_start_y"":133,""body_band_proxy_bbox"":[18,18,182,133],""label_band_proxy_bbox"":[24,133,176,186]}","{""bbox"":[26,20,174,177],""size"":[148,157],""center"":[100.0,98.5],""pixels"":16660,""component_count"":1,""label_band_start_y"":133,""body_band_proxy_bbox"":[26,20,174,133],""label_band_proxy_bbox"":[39,133,160,177]}",0.902439,0.934524,"[0.0,-3.5]",0.097561,True,"[164,115]","[148,113]",0.902439,0.982609,0.097561,True,"[152,53]","[121,44]",0.796053,0.830189,0.203947,True
base_high,base,high,2,base_detail,2,fief,知行,지행,3,32,"{""bbox"":[18,18,182,186],""size"":[164,168],""center"":[100.0,102.0],""pixels"":21131,""component_count"":2,""label_band_start_y"":133,""body_band_proxy_bbox"":[18,18,182,133],""label_band_proxy_bbox"":[24,133,176,186]}","{""bbox"":[25,19,175,177],""size"":[150,158],""center"":[100.0,98.0],""pixels"":17000,""component_count"":2,""label_band_start_y"":133,""body_band_proxy_bbox"":[25,19,175,133],""label_band_proxy_bbox"":[38,133,162,177]}",0.914634,0.940476,"[0.0,-4.0]",0.085366,True,"[164,115]","[150,114]",0.914634,0.991304,0.085366,True,"[152,53]","[124,44]",0.815789,0.830189,0.184211,True
base_high,base,high,2,base_detail,2,fief,知行,지행,4,33,"{""bbox"":[18,18,182,186],""size"":[164,168],""center"":[100.0,102.0],""pixels"":21131,""component_count"":2,""label_band_start_y"":133,""body_band_proxy_bbox"":[18,18,182,133],""label_band_proxy_bbox"":[24,133,176,186]}","{""bbox"":[26,20,174,175],""size"":[148,155],""center"":[100.0,97.5],""pixels"":16291,""component_count"":2,""label_band_start_y"":133,""body_band_proxy_bbox"":[26,20,174,133],""label_band_proxy_bbox"":[40,133,161,175]}",0.902439,0.922619,"[0.0,-4.5]",0.097561,True,"[164,115]","[148,113]",0.902439,0.982609,0.097561,True,"[152,53]","[121,42]",0.796053,0.792453,0.207547,True
base_high,base,high,2,base_detail,2,fief,知行,지행,5,34,"{""bbox"":[18,18,182,186],""size"":[164,168],""center"":[100.0,102.0],""pixels"":21131,""component_count"":2,""label_band_start_y"":133,""body_band_proxy_bbox"":[18,18,182,133],""label_band_proxy_bbox"":[24,133,176,186]}","{""bbox"":[26,20,175,177],""size"":[149,157],""center"":[100.5,98.5],""pixels"":16728,""component_count"":2,""label_band_start_y"":133,""body_band_proxy_bbox"":[26,20,175,133],""label_band_proxy_bbox"":[40,133,162,177]}",0.908537,0.934524,"[0.5,-3.5]",0.091463,True,"[164,115]","[149,113]",0.908537,0.982609,0.091463,True,"[152,53]","[122,44]",0.802632,0.830189,0.197368,True
base_high,base,high,2,base_detail,2,fief,知行,지행,6,35,"{""bbox"":[18,18,182,186],""size"":[164,168],""center"":[100.0,102.0],""pixels"":21131,""component_count"":2,""label_band_start_y"":133,""body_band_proxy_bbox"":[18,18,182,133],""label_band_proxy_bbox"":[24,133,176,186]}","{""bbox"":[26,20,174,175],""size"":[148,155],""center"":[100.0,97.5],""pixels"":16412,""component_count"":6,""label_band_start_y"":133,""body_band_proxy_bbox"":[26,20,174,133],""label_band_proxy_bbox"":[39,133,161,175]}",0.902439,0.922619,"[0.0,-4.5]",0.097561,True,"[164,115]","[148,113]",0.902439,0.982609,0.097561,True,"[152,53]","[122,42]",0.802632,0.792453,0.207547,True
base_high,base,high,2,base_detail,3,magistrate,代官,대관,1,36,"{""bbox"":[18,18,182,186],""size"":[164,168],""center"":[100.0,102.0],""pixels"":21209,""component_count"":2,""label_band_start_y"":133,""body_band_proxy_bbox"":[18,18,182,133],""label_band_proxy_bbox"":[23,133,177,186]}","{""bbox"":[26,19,175,176],""size"":[149,157],""center"":[100.5,97.5],""pixels"":16685,""component_count"":2,""label_band_start_y"":133,""body_band_proxy_bbox"":[26,19,175,133],""label_band_proxy_bbox"":[40,133,161,176]}",0.908537,0.934524,"[0.5,-4.5]",0.091463,True,"[164,115]","[149,114]",0.908537,0.991304,0.091463,True,"[154,53]","[121,43]",0.785714,0.811321,0.214286,True
base_high,base,high,2,base_detail,3,magistrate,代官,대관,2,37,"{""bbox"":[18,18,182,186],""size"":[164,168],""center"":[100.0,102.0],""pixels"":21209,""component_count"":2,""label_band_start_y"":133,""body_band_proxy_bbox"":[18,18,182,133],""label_band_proxy_bbox"":[23,133,177,186]}","{""bbox"":[26,19,174,177],""size"":[148,158],""center"":[100.0,98.0],""pixels"":16701,""component_count"":4,""label_band_start_y"":133,""body_band_proxy_bbox"":[26,19,174,133],""label_band_proxy_bbox"":[39,133,160,177]}",0.902439,0.940476,"[0.0,-4.0]",0.097561,True,"[164,115]","[148,114]",0.902439,0.991304,0.097561,True,"[154,53]","[121,44]",0.785714,0.830189,0.214286,True
base_high,base,high,2,base_detail,3,magistrate,代官,대관,3,38,"{""bbox"":[18,18,182,186],""size"":[164,168],""center"":[100.0,102.0],""pixels"":21209,""component_count"":2,""label_band_start_y"":133,""body_band_proxy_bbox"":[18,18,182,133],""label_band_proxy_bbox"":[23,133,177,186]}","{""bbox"":[26,19,173,177],""size"":[147,158],""center"":[99.5,98.0],""pixels"":16637,""component_count"":2,""label_band_start_y"":133,""body_band_proxy_bbox"":[26,19,173,133],""label_band_proxy_bbox"":[39,133,160,177]}",0.896341,0.940476,"[-0.5,-4.0]",0.103659,True,"[164,115]","[147,114]",0.896341,0.991304,0.103659,True,"[154,53]","[121,44]",0.785714,0.830189,0.214286,True
base_high,base,high,2,base_detail,3,magistrate,代官,대관,4,39,"{""bbox"":[18,18,182,186],""size"":[164,168],""center"":[100.0,102.0],""pixels"":21209,""component_count"":2,""label_band_start_y"":133,""body_band_proxy_bbox"":[18,18,182,133],""label_band_proxy_bbox"":[23,133,177,186]}","{""bbox"":[26,19,175,176],""size"":[149,157],""center"":[100.5,97.5],""pixels"":16714,""component_count"":6,""label_band_start_y"":133,""body_band_proxy_bbox"":[26,19,175,133],""label_band_proxy_bbox"":[39,133,162,176]}",0.908537,0.934524,"[0.5,-4.5]",0.091463,True,"[164,115]","[149,114]",0.908537,0.991304,0.091463,True,"[154,53]","[123,43]",0.798701,0.811321,0.201299,True
base_high,base,high,2,base_detail,3,magistrate,代官,대관,5,40,"{""bbox"":[18,18,182,186],""size"":[164,168],""center"":[100.0,102.0],""pixels"":21209,""component_count"":2,""label_band_start_y"":133,""body_band_proxy_bbox"":[18,18,182,133],""label_band_proxy_bbox"":[23,133,177,186]}","{""bbox"":[26,19,174,177],""size"":[148,158],""center"":[100.0,98.0],""pixels"":16694,""component_count"":4,""label_band_start_y"":133,""body_band_proxy_bbox"":[26,19,174,133],""label_band_proxy_bbox"":[39,133,160,177]}",0.902439,0.940476,"[0.0,-4.0]",0.097561,True,"[164,115]","[148,114]",0.902439,0.991304,0.097561,True,"[154,53]","[121,44]",0.785714,0.830189,0.214286,True
base_high,base,high,2,base_detail,3,magistrate,代官,대관,6,41,"{""bbox"":[18,18,182,186],""size"":[164,168],""center"":[100.0,102.0],""pixels"":21209,""component_count"":2,""label_band_start_y"":133,""body_band_proxy_bbox"":[18,18,182,133],""label_band_proxy_bbox"":[23,133,177,186]}","{""bbox"":[26,19,174,176],""size"":[148,157],""center"":[100.0,97.5],""pixels"":16561,""component_count"":6,""label_band_start_y"":133,""body_band_proxy_bbox"":[26,19,174,133],""label_band_proxy_bbox"":[39,133,160,176]}",0.902439,0.934524,"[0.0,-4.5]",0.097561,True,"[164,115]","[148,114]",0.902439,0.991304,0.097561,True,"[154,53]","[121,43]",0.785714,0.811321,0.214286,True
base_high,base,high,2,base_detail,4,county_develop,郡開発,군개발,1,42,"{""bbox"":[18,18,182,186],""size"":[164,168],""center"":[100.0,102.0],""pixels"":22406,""component_count"":2,""label_band_start_y"":133,""body_band_proxy_bbox"":[18,18,182,133],""label_band_proxy_bbox"":[23,133,177,186]}","{""bbox"":[25,21,175,176],""size"":[150,155],""center"":[100.0,98.5],""pixels"":17759,""component_count"":2,""label_band_start_y"":133,""body_band_proxy_bbox"":[25,21,175,133],""label_band_proxy_bbox"":[36,133,164,176]}",0.914634,0.922619,"[0.0,-3.5]",0.085366,True,"[164,115]","[150,112]",0.914634,0.973913,0.085366,True,"[154,53]","[128,43]",0.831169,0.811321,0.188679,True
base_high,base,high,2,base_detail,4,county_develop,郡開発,군개발,2,43,"{""bbox"":[18,18,182,186],""size"":[164,168],""center"":[100.0,102.0],""pixels"":22406,""component_count"":2,""label_band_start_y"":133,""body_band_proxy_bbox"":[18,18,182,133],""label_band_proxy_bbox"":[23,133,177,186]}","{""bbox"":[25,20,176,179],""size"":[151,159],""center"":[100.5,99.5],""pixels"":18365,""component_count"":4,""label_band_start_y"":133,""body_band_proxy_bbox"":[25,20,176,133],""label_band_proxy_bbox"":[35,133,166,179]}",0.920732,0.946429,"[0.5,-2.5]",0.079268,True,"[164,115]","[151,113]",0.920732,0.982609,0.079268,True,"[154,53]","[131,46]",0.850649,0.867925,0.149351,True
base_high,base,high,2,base_detail,4,county_develop,郡開発,군개발,3,44,"{""bbox"":[18,18,182,186],""size"":[164,168],""center"":[100.0,102.0],""pixels"":22406,""component_count"":2,""label_band_start_y"":133,""body_band_proxy_bbox"":[18,18,182,133],""label_band_proxy_bbox"":[23,133,177,186]}","{""bbox"":[25,19,175,179],""size"":[150,160],""center"":[100.0,99.0],""pixels"":18444,""component_count"":3,""label_band_start_y"":133,""body_band_proxy_bbox"":[25,19,175,133],""label_band_proxy_bbox"":[35,133,165,179]}",0.914634,0.952381,"[0.0,-3.0]",0.085366,True,"[164,115]","[150,114]",0.914634,0.991304,0.085366,True,"[154,53]","[130,46]",0.844156,0.867925,0.155844,True
base_high,base,high,2,base_detail,4,county_develop,郡開発,군개발,4,45,"{""bbox"":[18,18,182,186],""size"":[164,168],""center"":[100.0,102.0],""pixels"":22406,""component_count"":2,""label_band_start_y"":133,""body_band_proxy_bbox"":[18,18,182,133],""label_band_proxy_bbox"":[23,133,177,186]}","{""bbox"":[24,20,175,177],""size"":[151,157],""center"":[99.5,98.5],""pixels"":18141,""component_count"":3,""label_band_start_y"":133,""body_band_proxy_bbox"":[24,20,175,133],""label_band_proxy_bbox"":[35,133,165,177]}",0.920732,0.934524,"[-0.5,-3.5]",0.079268,True,"[164,115]","[151,113]",0.920732,0.982609,0.079268,True,"[154,53]","[130,44]",0.844156,0.830189,0.169811,True
base_high,base,high,2,base_detail,4,county_develop,郡開発,군개발,5,46,"{""bbox"":[18,18,182,186],""size"":[164,168],""center"":[100.0,102.0],""pixels"":22406,""component_count"":2,""label_band_start_y"":133,""body_band_proxy_bbox"":[18,18,182,133],""label_band_proxy_bbox"":[23,133,177,186]}","{""bbox"":[25,20,175,179],""size"":[150,159],""center"":[100.0,99.5],""pixels"":18220,""component_count"":3,""label_band_start_y"":133,""body_band_proxy_bbox"":[25,20,175,133],""label_band_proxy_bbox"":[36,133,165,179]}",0.914634,0.946429,"[0.0,-2.5]",0.085366,True,"[164,115]","[150,113]",0.914634,0.982609,0.085366,True,"[154,53]","[129,46]",0.837662,0.867925,0.162338,True
base_high,base,high,2,base_detail,4,county_develop,郡開発,군개발,6,47,"{""bbox"":[18,18,182,186],""size"":[164,168],""center"":[100.0,102.0],""pixels"":22406,""component_count"":2,""label_band_start_y"":133,""body_band_proxy_bbox"":[18,18,182,133],""label_band_proxy_bbox"":[23,133,177,186]}","{""bbox"":[25,20,175,177],""size"":[150,157],""center"":[100.0,98.5],""pixels"":18063,""component_count"":5,""label_band_start_y"":133,""body_band_proxy_bbox"":[25,20,175,133],""label_band_proxy_bbox"":[35,133,165,177]}",0.914634,0.934524,"[0.0,-3.5]",0.085366,True,"[164,115]","[150,113]",0.914634,0.982609,0.085366,True,"[154,53]","[130,44]",0.844156,0.830189,0.169811,True
base_high,base,high,2,base_detail,5,unit_info,部隊情報,부대정보,1,48,"{""bbox"":[5,18,194,186],""size"":[189,168],""center"":[99.5,102.0],""pixels"":24467,""component_count"":2,""label_band_start_y"":133,""body_band_proxy_bbox"":[7,18,188,133],""label_band_proxy_bbox"":[5,133,194,186]}","{""bbox"":[20,21,183,175],""size"":[163,154],""center"":[101.5,98.0],""pixels"":18596,""component_count"":3,""label_band_start_y"":133,""body_band_proxy_bbox"":[27,21,176,133],""label_band_proxy_bbox"":[20,133,183,175]}",0.862434,0.916667,"[2.0,-4.0]",0.137566,True,"[181,115]","[149,112]",0.823204,0.973913,0.176796,True,"[189,53]","[163,42]",0.862434,0.792453,0.207547,True
base_high,base,high,2,base_detail,5,unit_info,部隊情報,부대정보,2,49,"{""bbox"":[5,18,194,186],""size"":[189,168],""center"":[99.5,102.0],""pixels"":24467,""component_count"":2,""label_band_start_y"":133,""body_band_proxy_bbox"":[7,18,188,133],""label_band_proxy_bbox"":[5,133,194,186]}","{""bbox"":[18,21,184,177],""size"":[166,156],""center"":[101.0,99.0],""pixels"":18749,""component_count"":9,""label_band_start_y"":133,""body_band_proxy_bbox"":[27,21,175,133],""label_band_proxy_bbox"":[18,133,184,177]}",0.878307,0.928571,"[1.5,-3.0]",0.121693,True,"[181,115]","[148,112]",0.81768,0.973913,0.18232,True,"[189,53]","[166,44]",0.878307,0.830189,0.169811,True
base_high,base,high,2,base_detail,5,unit_info,部隊情報,부대정보,3,50,"{""bbox"":[5,18,194,186],""size"":[189,168],""center"":[99.5,102.0],""pixels"":24467,""component_count"":2,""label_band_start_y"":133,""body_band_proxy_bbox"":[7,18,188,133],""label_band_proxy_bbox"":[5,133,194,186]}","{""bbox"":[18,21,183,176],""size"":[165,155],""center"":[100.5,98.5],""pixels"":18632,""component_count"":8,""label_band_start_y"":133,""body_band_proxy_bbox"":[26,21,174,133],""label_band_proxy_bbox"":[18,133,183,176]}",0.873016,0.922619,"[1.0,-3.5]",0.126984,True,"[181,115]","[148,112]",0.81768,0.973913,0.18232,True,"[189,53]","[165,43]",0.873016,0.811321,0.188679,True
base_high,base,high,2,base_detail,5,unit_info,部隊情報,부대정보,4,51,"{""bbox"":[5,18,194,186],""size"":[189,168],""center"":[99.5,102.0],""pixels"":24467,""component_count"":2,""label_band_start_y"":133,""body_band_proxy_bbox"":[7,18,188,133],""label_band_proxy_bbox"":[5,133,194,186]}","{""bbox"":[18,21,179,175],""size"":[161,154],""center"":[98.5,98.0],""pixels"":18272,""component_count"":1,""label_band_start_y"":133,""body_band_proxy_bbox"":[26,21,174,133],""label_band_proxy_bbox"":[18,133,179,175]}",0.851852,0.916667,"[-1.0,-4.0]",0.148148,True,"[181,115]","[148,112]",0.81768,0.973913,0.18232,True,"[189,53]","[161,42]",0.851852,0.792453,0.207547,True
base_high,base,high,2,base_detail,5,unit_info,部隊情報,부대정보,5,52,"{""bbox"":[5,18,194,186],""size"":[189,168],""center"":[99.5,102.0],""pixels"":24467,""component_count"":1,""label_band_start_y"":133,""body_band_proxy_bbox"":[7,18,188,133],""label_band_proxy_bbox"":[5,133,194,186]}","{""bbox"":[17,20,183,176],""size"":[166,156],""center"":[100.0,98.0],""pixels"":18819,""component_count"":11,""label_band_start_y"":133,""body_band_proxy_bbox"":[25,20,175,133],""label_band_proxy_bbox"":[17,133,183,176]}",0.878307,0.928571,"[0.5,-4.0]",0.121693,True,"[181,115]","[150,113]",0.828729,0.982609,0.171271,True,"[189,53]","[166,43]",0.878307,0.811321,0.188679,True
base_high,base,high,2,base_detail,5,unit_info,部隊情報,부대정보,6,53,"{""bbox"":[5,18,194,186],""size"":[189,168],""center"":[99.5,102.0],""pixels"":24467,""component_count"":1,""label_band_start_y"":133,""body_band_proxy_bbox"":[7,18,188,133],""label_band_proxy_bbox"":[5,133,194,186]}","{""bbox"":[16,20,178,174],""size"":[162,154],""center"":[97.0,97.0],""pixels"":18480,""component_count"":6,""label_band_start_y"":133,""body_band_proxy_bbox"":[24,20,174,133],""label_band_proxy_bbox"":[16,133,178,174]}",0.857143,0.916667,"[-2.5,-5.0]",0.142857,True,"[181,115]","[150,113]",0.828729,0.982609,0.171271,True,"[189,53]","[162,41]",0.857143,0.773585,0.226415,True
base_high,base,high,2,base_detail,6,sortie,出陣,출진,1,54,"{""bbox"":[18,18,182,186],""size"":[164,168],""center"":[100.0,102.0],""pixels"":21293,""component_count"":2,""label_band_start_y"":133,""body_band_proxy_bbox"":[18,18,182,133],""label_band_proxy_bbox"":[23,133,177,186]}","{""bbox"":[28,26,171,175],""size"":[143,149],""center"":[99.5,100.5],""pixels"":15616,""component_count"":1,""label_band_start_y"":133,""body_band_proxy_bbox"":[28,26,171,133],""label_band_proxy_bbox"":[39,133,162,175]}",0.871951,0.886905,"[-0.5,-1.5]",0.128049,True,"[164,115]","[143,107]",0.871951,0.930435,0.128049,True,"[154,53]","[123,42]",0.798701,0.792453,0.207547,True
base_high,base,high,2,base_detail,6,sortie,出陣,출진,2,55,"{""bbox"":[18,18,182,186],""size"":[164,168],""center"":[100.0,102.0],""pixels"":21293,""component_count"":2,""label_band_start_y"":133,""body_band_proxy_bbox"":[18,18,182,133],""label_band_proxy_bbox"":[23,133,177,186]}","{""bbox"":[28,26,172,177],""size"":[144,151],""center"":[100.0,101.5],""pixels"":16047,""component_count"":2,""label_band_start_y"":133,""body_band_proxy_bbox"":[28,26,172,133],""label_band_proxy_bbox"":[39,133,161,177]}",0.878049,0.89881,"[0.0,-0.5]",0.121951,True,"[164,115]","[144,107]",0.878049,0.930435,0.121951,True,"[154,53]","[122,44]",0.792208,0.830189,0.207792,True
base_high,base,high,2,base_detail,6,sortie,出陣,출진,3,56,"{""bbox"":[18,18,182,186],""size"":[164,168],""center"":[100.0,102.0],""pixels"":21293,""component_count"":1,""label_band_start_y"":133,""body_band_proxy_bbox"":[18,18,182,133],""label_band_proxy_bbox"":[23,133,177,186]}","{""bbox"":[26,26,173,177],""size"":[147,151],""center"":[99.5,101.5],""pixels"":16280,""component_count"":1,""label_band_start_y"":133,""body_band_proxy_bbox"":[26,26,173,133],""label_band_proxy_bbox"":[37,133,162,177]}",0.896341,0.89881,"[-0.5,-0.5]",0.103659,True,"[164,115]","[147,107]",0.896341,0.930435,0.103659,True,"[154,53]","[125,44]",0.811688,0.830189,0.188312,True
base_high,base,high,2,base_detail,6,sortie,出陣,출진,4,57,"{""bbox"":[18,18,182,186],""size"":[164,168],""center"":[100.0,102.0],""pixels"":21293,""component_count"":1,""label_band_start_y"":133,""body_band_proxy_bbox"":[18,18,182,133],""label_band_proxy_bbox"":[23,133,177,186]}","{""bbox"":[26,25,173,176],""size"":[147,151],""center"":[99.5,100.5],""pixels"":16112,""component_count"":1,""label_band_start_y"":133,""body_band_proxy_bbox"":[26,25,173,133],""label_band_proxy_bbox"":[37,133,162,176]}",0.896341,0.89881,"[-0.5,-1.5]",0.103659,True,"[164,115]","[147,108]",0.896341,0.93913,0.103659,True,"[154,53]","[125,43]",0.811688,0.811321,0.188679,True
base_high,base,high,2,base_detail,6,sortie,出陣,출진,5,58,"{""bbox"":[18,18,182,186],""size"":[164,168],""center"":[100.0,102.0],""pixels"":21293,""component_count"":1,""label_band_start_y"":133,""body_band_proxy_bbox"":[18,18,182,133],""label_band_proxy_bbox"":[23,133,177,186]}","{""bbox"":[28,25,173,177],""size"":[145,152],""center"":[100.5,101.0],""pixels"":16306,""component_count"":2,""label_band_start_y"":133,""body_band_proxy_bbox"":[28,25,173,133],""label_band_proxy_bbox"":[39,133,162,177]}",0.884146,0.904762,"[0.5,-1.0]",0.115854,True,"[164,115]","[145,108]",0.884146,0.93913,0.115854,True,"[154,53]","[123,44]",0.798701,0.830189,0.201299,True
base_high,base,high,2,base_detail,6,sortie,出陣,출진,6,59,"{""bbox"":[18,18,182,186],""size"":[164,168],""center"":[100.0,102.0],""pixels"":21293,""component_count"":1,""label_band_start_y"":133,""body_band_proxy_bbox"":[18,18,182,133],""label_band_proxy_bbox"":[23,133,177,186]}","{""bbox"":[27,25,173,175],""size"":[146,150],""center"":[100.0,100.0],""pixels"":15863,""component_count"":1,""label_band_start_y"":133,""body_band_proxy_bbox"":[27,25,173,133],""label_band_proxy_bbox"":[38,133,161,175]}",0.890244,0.892857,"[0.0,-2.0]",0.109756,True,"[164,115]","[146,108]",0.890244,0.93913,0.109756,True,"[154,53]","[123,42]",0.798701,0.792453,0.207547,True
base_high,base,high,2,base_detail,7,return_castle,帰城,귀성,1,60,"{""bbox"":[18,18,182,186],""size"":[164,168],""center"":[100.0,102.0],""pixels"":21473,""component_count"":1,""label_band_start_y"":133,""body_band_proxy_bbox"":[18,18,182,133],""label_band_proxy_bbox"":[23,133,177,186]}","{""bbox"":[27,25,173,178],""size"":[146,153],""center"":[100.0,101.5],""pixels"":15928,""component_count"":2,""label_band_start_y"":133,""body_band_proxy_bbox"":[27,25,173,133],""label_band_proxy_bbox"":[38,133,162,178]}",0.890244,0.910714,"[0.0,-0.5]",0.109756,True,"[164,115]","[146,108]",0.890244,0.93913,0.109756,True,"[154,53]","[124,45]",0.805195,0.849057,0.194805,True
base_high,base,high,2,base_detail,7,return_castle,帰城,귀성,2,61,"{""bbox"":[18,18,182,186],""size"":[164,168],""center"":[100.0,102.0],""pixels"":21473,""component_count"":1,""label_band_start_y"":133,""body_band_proxy_bbox"":[18,18,182,133],""label_band_proxy_bbox"":[23,133,177,186]}","{""bbox"":[27,24,173,179],""size"":[146,155],""center"":[100.0,101.5],""pixels"":16267,""component_count"":2,""label_band_start_y"":133,""body_band_proxy_bbox"":[27,24,173,133],""label_band_proxy_bbox"":[39,133,160,179]}",0.890244,0.922619,"[0.0,-0.5]",0.109756,True,"[164,115]","[146,109]",0.890244,0.947826,0.109756,True,"[154,53]","[121,46]",0.785714,0.867925,0.214286,True
base_high,base,high,2,base_detail,7,return_castle,帰城,귀성,3,62,"{""bbox"":[18,18,182,186],""size"":[164,168],""center"":[100.0,102.0],""pixels"":21473,""component_count"":1,""label_band_start_y"":133,""body_band_proxy_bbox"":[18,18,182,133],""label_band_proxy_bbox"":[23,133,177,186]}","{""bbox"":[25,24,175,178],""size"":[150,154],""center"":[100.0,101.0],""pixels"":16069,""component_count"":1,""label_band_start_y"":133,""body_band_proxy_bbox"":[25,24,175,133],""label_band_proxy_bbox"":[36,133,163,178]}",0.914634,0.916667,"[0.0,-1.0]",0.085366,True,"[164,115]","[150,109]",0.914634,0.947826,0.085366,True,"[154,53]","[127,45]",0.824675,0.849057,0.175325,True
base_high,base,high,2,base_detail,7,return_castle,帰城,귀성,4,63,"{""bbox"":[18,18,182,186],""size"":[164,168],""center"":[100.0,102.0],""pixels"":21473,""component_count"":1,""label_band_start_y"":133,""body_band_proxy_bbox"":[18,18,182,133],""label_band_proxy_bbox"":[23,133,177,186]}","{""bbox"":[26,24,173,178],""size"":[147,154],""center"":[99.5,101.0],""pixels"":16129,""component_count"":3,""label_band_start_y"":133,""body_band_proxy_bbox"":[26,24,173,133],""label_band_proxy_bbox"":[37,133,161,178]}",0.896341,0.916667,"[-0.5,-1.0]",0.103659,True,"[164,115]","[147,109]",0.896341,0.947826,0.103659,True,"[154,53]","[124,45]",0.805195,0.849057,0.194805,True
base_high,base,high,2,base_detail,7,return_castle,帰城,귀성,5,64,"{""bbox"":[18,18,182,186],""size"":[164,168],""center"":[100.0,102.0],""pixels"":21473,""component_count"":1,""label_band_start_y"":133,""body_band_proxy_bbox"":[18,18,182,133],""label_band_proxy_bbox"":[23,133,177,186]}","{""bbox"":[25,20,175,179],""size"":[150,159],""center"":[100.0,99.5],""pixels"":17174,""component_count"":5,""label_band_start_y"":133,""body_band_proxy_bbox"":[25,20,175,133],""label_band_proxy_bbox"":[39,133,161,179]}",0.914634,0.946429,"[0.0,-2.5]",0.085366,True,"[164,115]","[150,113]",0.914634,0.982609,0.085366,True,"[154,53]","[122,46]",0.792208,0.867925,0.207792,True
base_high,base,high,2,base_detail,7,return_castle,帰城,귀성,6,65,"{""bbox"":[18,18,182,186],""size"":[164,168],""center"":[100.0,102.0],""pixels"":21473,""component_count"":1,""label_band_start_y"":133,""body_band_proxy_bbox"":[18,18,182,133],""label_band_proxy_bbox"":[23,133,177,186]}","{""bbox"":[25,19,175,177],""size"":[150,158],""center"":[100.0,98.0],""pixels"":16849,""component_count"":1,""label_band_start_y"":133,""body_band_proxy_bbox"":[25,19,175,133],""label_band_proxy_bbox"":[38,133,161,177]}",0.914634,0.940476,"[0.0,-4.0]",0.085366,True,"[164,115]","[150,114]",0.914634,0.991304,0.085366,True,"[154,53]","[123,44]",0.798701,0.830189,0.201299,True
base_high,base,high,2,base_detail,8,enter_castle,入城,입성,1,66,"{""bbox"":[18,18,182,186],""size"":[164,168],""center"":[100.0,102.0],""pixels"":21471,""component_count"":1,""label_band_start_y"":133,""body_band_proxy_bbox"":[18,18,182,133],""label_band_proxy_bbox"":[23,133,177,186]}","{""bbox"":[44,40,159,157],""size"":[115,117],""center"":[101.5,98.5],""pixels"":9533,""component_count"":15,""label_band_start_y"":133,""body_band_proxy_bbox"":[44,40,159,133],""label_band_proxy_bbox"":[64,133,139,157]}",0.70122,0.696429,"[1.5,-3.5]",0.303571,True,"[164,115]","[115,93]",0.70122,0.808696,0.29878,True,"[154,53]","[75,24]",0.487013,0.45283,0.54717,True
base_high,base,high,2,base_detail,8,enter_castle,入城,입성,2,67,"{""bbox"":[18,18,182,186],""size"":[164,168],""center"":[100.0,102.0],""pixels"":21471,""component_count"":1,""label_band_start_y"":133,""body_band_proxy_bbox"":[18,18,182,133],""label_band_proxy_bbox"":[23,133,177,186]}","{""bbox"":[51,42,163,156],""size"":[112,114],""center"":[107.0,99.0],""pixels"":9030,""component_count"":5,""label_band_start_y"":133,""body_band_proxy_bbox"":[51,42,163,133],""label_band_proxy_bbox"":[71,133,143,156]}",0.682927,0.678571,"[7.0,-3.0]",0.321429,True,"[164,115]","[112,91]",0.682927,0.791304,0.317073,True,"[154,53]","[72,23]",0.467532,0.433962,0.566038,True
base_high,base,high,2,base_detail,8,enter_castle,入城,입성,3,68,"{""bbox"":[18,18,182,186],""size"":[164,168],""center"":[100.0,102.0],""pixels"":21471,""component_count"":1,""label_band_start_y"":133,""body_band_proxy_bbox"":[18,18,182,133],""label_band_proxy_bbox"":[23,133,177,186]}","{""bbox"":[50,42,162,156],""size"":[112,114],""center"":[106.0,99.0],""pixels"":9007,""component_count"":11,""label_band_start_y"":133,""body_band_proxy_bbox"":[50,42,162,133],""label_band_proxy_bbox"":[71,133,142,156]}",0.682927,0.678571,"[6.0,-3.0]",0.321429,True,"[164,115]","[112,91]",0.682927,0.791304,0.317073,True,"[154,53]","[71,23]",0.461039,0.433962,0.566038,True
base_high,base,high,2,base_detail,8,enter_castle,入城,입성,4,69,"{""bbox"":[18,18,182,186],""size"":[164,168],""center"":[100.0,102.0],""pixels"":21471,""component_count"":2,""label_band_start_y"":133,""body_band_proxy_bbox"":[18,18,182,133],""label_band_proxy_bbox"":[23,133,177,186]}","{""bbox"":[49,42,162,155],""size"":[113,113],""center"":[105.5,98.5],""pixels"":8919,""component_count"":12,""label_band_start_y"":133,""body_band_proxy_bbox"":[49,42,162,133],""label_band_proxy_bbox"":[70,133,142,155]}",0.689024,0.672619,"[5.5,-3.5]",0.327381,True,"[164,115]","[113,91]",0.689024,0.791304,0.310976,True,"[154,53]","[72,22]",0.467532,0.415094,0.584906,True
base_high,base,high,2,base_detail,8,enter_castle,入城,입성,5,70,"{""bbox"":[18,18,182,186],""size"":[164,168],""center"":[100.0,102.0],""pixels"":21471,""component_count"":1,""label_band_start_y"":133,""body_band_proxy_bbox"":[18,18,182,133],""label_band_proxy_bbox"":[23,133,177,186]}","{""bbox"":[46,42,158,156],""size"":[112,114],""center"":[102.0,99.0],""pixels"":8887,""component_count"":9,""label_band_start_y"":133,""body_band_proxy_bbox"":[46,42,158,133],""label_band_proxy_bbox"":[66,133,138,156]}",0.682927,0.678571,"[2.0,-3.0]",0.321429,True,"[164,115]","[112,91]",0.682927,0.791304,0.317073,True,"[154,53]","[72,23]",0.467532,0.433962,0.566038,True
base_high,base,high,2,base_detail,8,enter_castle,入城,입성,6,71,"{""bbox"":[18,18,182,186],""size"":[164,168],""center"":[100.0,102.0],""pixels"":21471,""component_count"":2,""label_band_start_y"":133,""body_band_proxy_bbox"":[18,18,182,133],""label_band_proxy_bbox"":[23,133,177,186]}","{""bbox"":[44,41,158,156],""size"":[114,115],""center"":[101.0,98.5],""pixels"":9182,""component_count"":15,""label_band_start_y"":133,""body_band_proxy_bbox"":[44,41,158,133],""label_band_proxy_bbox"":[63,133,138,156]}",0.695122,0.684524,"[1.0,-3.5]",0.315476,True,"[164,115]","[114,92]",0.695122,0.8,0.304878,True,"[154,53]","[75,23]",0.487013,0.433962,0.566038,True
base_high,base,high,2,base_detail,9,target,目標,목표,1,72,"{""bbox"":[18,18,182,186],""size"":[164,168],""center"":[100.0,102.0],""pixels"":21263,""component_count"":2,""label_band_start_y"":133,""body_band_proxy_bbox"":[18,18,182,133],""label_band_proxy_bbox"":[23,133,177,186]}","{""bbox"":[26,19,173,175],""size"":[147,156],""center"":[99.5,97.0],""pixels"":16544,""component_count"":3,""label_band_start_y"":133,""body_band_proxy_bbox"":[26,19,173,133],""label_band_proxy_bbox"":[41,133,158,175]}",0.896341,0.928571,"[-0.5,-5.0]",0.103659,True,"[164,115]","[147,114]",0.896341,0.991304,0.103659,True,"[154,53]","[117,42]",0.75974,0.792453,0.24026,True
base_high,base,high,2,base_detail,9,target,目標,목표,2,73,"{""bbox"":[18,18,182,186],""size"":[164,168],""center"":[100.0,102.0],""pixels"":21263,""component_count"":2,""label_band_start_y"":133,""body_band_proxy_bbox"":[18,18,182,133],""label_band_proxy_bbox"":[23,133,177,186]}","{""bbox"":[26,19,173,177],""size"":[147,158],""center"":[99.5,98.0],""pixels"":16726,""component_count"":2,""label_band_start_y"":133,""body_band_proxy_bbox"":[26,19,173,133],""label_band_proxy_bbox"":[40,133,159,177]}",0.896341,0.940476,"[-0.5,-4.0]",0.103659,True,"[164,115]","[147,114]",0.896341,0.991304,0.103659,True,"[154,53]","[119,44]",0.772727,0.830189,0.227273,True
base_high,base,high,2,base_detail,9,target,目標,목표,3,74,"{""bbox"":[18,18,182,186],""size"":[164,168],""center"":[100.0,102.0],""pixels"":21263,""component_count"":2,""label_band_start_y"":133,""body_band_proxy_bbox"":[18,18,182,133],""label_band_proxy_bbox"":[23,133,177,186]}","{""bbox"":[28,19,172,176],""size"":[144,157],""center"":[100.0,97.5],""pixels"":16369,""component_count"":1,""label_band_start_y"":133,""body_band_proxy_bbox"":[28,19,172,133],""label_band_proxy_bbox"":[41,133,159,176]}",0.878049,0.934524,"[0.0,-4.5]",0.121951,True,"[164,115]","[144,114]",0.878049,0.991304,0.121951,True,"[154,53]","[118,43]",0.766234,0.811321,0.233766,True
base_high,base,high,2,base_detail,9,target,目標,목표,4,75,"{""bbox"":[18,18,182,186],""size"":[164,168],""center"":[100.0,102.0],""pixels"":21263,""component_count"":2,""label_band_start_y"":133,""body_band_proxy_bbox"":[18,18,182,133],""label_band_proxy_bbox"":[23,133,177,186]}","{""bbox"":[27,19,173,175],""size"":[146,156],""center"":[100.0,97.0],""pixels"":16397,""component_count"":3,""label_band_start_y"":133,""body_band_proxy_bbox"":[27,19,173,133],""label_band_proxy_bbox"":[41,133,159,175]}",0.890244,0.928571,"[0.0,-5.0]",0.109756,True,"[164,115]","[146,114]",0.890244,0.991304,0.109756,True,"[154,53]","[118,42]",0.766234,0.792453,0.233766,True
base_high,base,high,2,base_detail,9,target,目標,목표,5,76,"{""bbox"":[18,18,182,186],""size"":[164,168],""center"":[100.0,102.0],""pixels"":21263,""component_count"":2,""label_band_start_y"":133,""body_band_proxy_bbox"":[18,18,182,133],""label_band_proxy_bbox"":[23,133,177,186]}","{""bbox"":[26,19,173,177],""size"":[147,158],""center"":[99.5,98.0],""pixels"":16753,""component_count"":2,""label_band_start_y"":133,""body_band_proxy_bbox"":[26,19,173,133],""label_band_proxy_bbox"":[40,133,159,177]}",0.896341,0.940476,"[-0.5,-4.0]",0.103659,True,"[164,115]","[147,114]",0.896341,0.991304,0.103659,True,"[154,53]","[119,44]",0.772727,0.830189,0.227273,True
base_high,base,high,2,base_detail,9,target,目標,목표,6,77,"{""bbox"":[18,18,182,186],""size"":[164,168],""center"":[100.0,102.0],""pixels"":21263,""component_count"":2,""label_band_start_y"":133,""body_band_proxy_bbox"":[18,18,182,133],""label_band_proxy_bbox"":[23,133,177,186]}","{""bbox"":[26,19,174,175],""size"":[148,156],""center"":[100.0,97.0],""pixels"":16655,""component_count"":3,""label_band_start_y"":133,""body_band_proxy_bbox"":[26,19,174,133],""label_band_proxy_bbox"":[40,133,161,175]}",0.902439,0.928571,"[0.0,-5.0]",0.097561,True,"[164,115]","[148,114]",0.902439,0.991304,0.097561,True,"[154,53]","[121,42]",0.785714,0.792453,0.214286,True
base_high,base,high,2,base_detail,10,storm,強攻,강공,1,78,"{""bbox"":[18,18,182,186],""size"":[164,168],""center"":[100.0,102.0],""pixels"":21427,""component_count"":2,""label_band_start_y"":133,""body_band_proxy_bbox"":[18,18,182,133],""label_band_proxy_bbox"":[23,133,177,186]}","{""bbox"":[25,19,175,177],""size"":[150,158],""center"":[100.0,98.0],""pixels"":17539,""component_count"":1,""label_band_start_y"":133,""body_band_proxy_bbox"":[25,19,175,133],""label_band_proxy_bbox"":[38,133,171,177]}",0.914634,0.940476,"[0.0,-4.0]",0.085366,True,"[164,115]","[150,114]",0.914634,0.991304,0.085366,True,"[154,53]","[133,44]",0.863636,0.830189,0.169811,True
base_high,base,high,2,base_detail,10,storm,強攻,강공,2,79,"{""bbox"":[18,18,182,186],""size"":[164,168],""center"":[100.0,102.0],""pixels"":21427,""component_count"":2,""label_band_start_y"":133,""body_band_proxy_bbox"":[18,18,182,133],""label_band_proxy_bbox"":[23,133,177,186]}","{""bbox"":[26,19,173,178],""size"":[147,159],""center"":[99.5,98.5],""pixels"":17290,""component_count"":1,""label_band_start_y"":133,""body_band_proxy_bbox"":[26,19,173,133],""label_band_proxy_bbox"":[38,133,168,178]}",0.896341,0.946429,"[-0.5,-3.5]",0.103659,True,"[164,115]","[147,114]",0.896341,0.991304,0.103659,True,"[154,53]","[130,45]",0.844156,0.849057,0.155844,True
base_high,base,high,2,base_detail,10,storm,強攻,강공,3,80,"{""bbox"":[18,18,182,186],""size"":[164,168],""center"":[100.0,102.0],""pixels"":21427,""component_count"":2,""label_band_start_y"":133,""body_band_proxy_bbox"":[18,18,182,133],""label_band_proxy_bbox"":[23,133,177,186]}","{""bbox"":[28,19,173,178],""size"":[145,159],""center"":[100.5,98.5],""pixels"":17068,""component_count"":1,""label_band_start_y"":133,""body_band_proxy_bbox"":[28,19,173,133],""label_band_proxy_bbox"":[39,133,169,178]}",0.884146,0.946429,"[0.5,-3.5]",0.115854,True,"[164,115]","[145,114]",0.884146,0.991304,0.115854,True,"[154,53]","[130,45]",0.844156,0.849057,0.155844,True
base_high,base,high,2,base_detail,10,storm,強攻,강공,4,81,"{""bbox"":[18,18,182,186],""size"":[164,168],""center"":[100.0,102.0],""pixels"":21427,""component_count"":2,""label_band_start_y"":133,""body_band_proxy_bbox"":[18,18,182,133],""label_band_proxy_bbox"":[23,133,177,186]}","{""bbox"":[27,20,173,177],""size"":[146,157],""center"":[100.0,98.5],""pixels"":16859,""component_count"":1,""label_band_start_y"":133,""body_band_proxy_bbox"":[27,20,173,133],""label_band_proxy_bbox"":[39,133,170,177]}",0.890244,0.934524,"[0.0,-3.5]",0.109756,True,"[164,115]","[146,113]",0.890244,0.982609,0.109756,True,"[154,53]","[131,44]",0.850649,0.830189,0.169811,True
base_high,base,high,2,base_detail,10,storm,強攻,강공,5,82,"{""bbox"":[18,18,182,186],""size"":[164,168],""center"":[100.0,102.0],""pixels"":21427,""component_count"":2,""label_band_start_y"":133,""body_band_proxy_bbox"":[18,18,182,133],""label_band_proxy_bbox"":[23,133,177,186]}","{""bbox"":[26,19,173,178],""size"":[147,159],""center"":[99.5,98.5],""pixels"":17387,""component_count"":2,""label_band_start_y"":133,""body_band_proxy_bbox"":[26,19,173,133],""label_band_proxy_bbox"":[38,133,171,178]}",0.896341,0.946429,"[-0.5,-3.5]",0.103659,True,"[164,115]","[147,114]",0.896341,0.991304,0.103659,True,"[154,53]","[133,45]",0.863636,0.849057,0.150943,True
base_high,base,high,2,base_detail,10,storm,強攻,강공,6,83,"{""bbox"":[18,18,182,186],""size"":[164,168],""center"":[100.0,102.0],""pixels"":21427,""component_count"":2,""label_band_start_y"":133,""body_band_proxy_bbox"":[18,18,182,133],""label_band_proxy_bbox"":[23,133,177,186]}","{""bbox"":[26,20,173,177],""size"":[147,157],""center"":[99.5,98.5],""pixels"":17009,""component_count"":2,""label_band_start_y"":133,""body_band_proxy_bbox"":[26,20,173,133],""label_band_proxy_bbox"":[38,133,170,177]}",0.896341,0.934524,"[-0.5,-3.5]",0.103659,True,"[164,115]","[147,113]",0.896341,0.982609,0.103659,True,"[154,53]","[132,44]",0.857143,0.830189,0.169811,True
base_high,base,high,2,base_detail,11,encircle,包囲,포위,1,84,"{""bbox"":[18,18,182,186],""size"":[164,168],""center"":[100.0,102.0],""pixels"":21254,""component_count"":2,""label_band_start_y"":133,""body_band_proxy_bbox"":[18,18,182,133],""label_band_proxy_bbox"":[23,133,177,186]}","{""bbox"":[28,19,173,174],""size"":[145,155],""center"":[100.5,96.5],""pixels"":16362,""component_count"":1,""label_band_start_y"":133,""body_band_proxy_bbox"":[28,19,173,133],""label_band_proxy_bbox"":[45,133,157,174]}",0.884146,0.922619,"[0.5,-5.5]",0.115854,True,"[164,115]","[145,114]",0.884146,0.991304,0.115854,True,"[154,53]","[112,41]",0.727273,0.773585,0.272727,True
base_high,base,high,2,base_detail,11,encircle,包囲,포위,2,85,"{""bbox"":[18,18,182,186],""size"":[164,168],""center"":[100.0,102.0],""pixels"":21254,""component_count"":2,""label_band_start_y"":133,""body_band_proxy_bbox"":[18,18,182,133],""label_band_proxy_bbox"":[23,133,177,186]}","{""bbox"":[28,19,172,175],""size"":[144,156],""center"":[100.0,97.0],""pixels"":16408,""component_count"":1,""label_band_start_y"":133,""body_band_proxy_bbox"":[28,19,172,133],""label_band_proxy_bbox"":[43,133,157,175]}",0.878049,0.928571,"[0.0,-5.0]",0.121951,True,"[164,115]","[144,114]",0.878049,0.991304,0.121951,True,"[154,53]","[114,42]",0.74026,0.792453,0.25974,True
base_high,base,high,2,base_detail,11,encircle,包囲,포위,3,86,"{""bbox"":[18,18,182,186],""size"":[164,168],""center"":[100.0,102.0],""pixels"":21254,""component_count"":2,""label_band_start_y"":133,""body_band_proxy_bbox"":[18,18,182,133],""label_band_proxy_bbox"":[23,133,177,186]}","{""bbox"":[27,19,173,175],""size"":[146,156],""center"":[100.0,97.0],""pixels"":16618,""component_count"":1,""label_band_start_y"":133,""body_band_proxy_bbox"":[27,19,173,133],""label_band_proxy_bbox"":[41,133,159,175]}",0.890244,0.928571,"[0.0,-5.0]",0.109756,True,"[164,115]","[146,114]",0.890244,0.991304,0.109756,True,"[154,53]","[118,42]",0.766234,0.792453,0.233766,True
base_high,base,high,2,base_detail,11,encircle,包囲,포위,4,87,"{""bbox"":[18,18,182,186],""size"":[164,168],""center"":[100.0,102.0],""pixels"":21254,""component_count"":2,""label_band_start_y"":133,""body_band_proxy_bbox"":[18,18,182,133],""label_band_proxy_bbox"":[23,133,177,186]}","{""bbox"":[29,19,171,174],""size"":[142,155],""center"":[100.0,96.5],""pixels"":15917,""component_count"":1,""label_band_start_y"":133,""body_band_proxy_bbox"":[29,19,171,133],""label_band_proxy_bbox"":[45,133,155,174]}",0.865854,0.922619,"[0.0,-5.5]",0.134146,True,"[164,115]","[142,114]",0.865854,0.991304,0.134146,True,"[154,53]","[110,41]",0.714286,0.773585,0.285714,True
base_high,base,high,2,base_detail,11,encircle,包囲,포위,5,88,"{""bbox"":[18,18,182,186],""size"":[164,168],""center"":[100.0,102.0],""pixels"":21254,""component_count"":2,""label_band_start_y"":133,""body_band_proxy_bbox"":[18,18,182,133],""label_band_proxy_bbox"":[23,133,177,186]}","{""bbox"":[28,19,173,175],""size"":[145,156],""center"":[100.5,97.0],""pixels"":16573,""component_count"":3,""label_band_start_y"":133,""body_band_proxy_bbox"":[28,19,173,133],""label_band_proxy_bbox"":[43,133,158,175]}",0.884146,0.928571,"[0.5,-5.0]",0.115854,True,"[164,115]","[145,114]",0.884146,0.991304,0.115854,True,"[154,53]","[115,42]",0.746753,0.792453,0.253247,True
base_high,base,high,2,base_detail,11,encircle,包囲,포위,6,89,"{""bbox"":[18,18,182,186],""size"":[164,168],""center"":[100.0,102.0],""pixels"":21254,""component_count"":2,""label_band_start_y"":133,""body_band_proxy_bbox"":[18,18,182,133],""label_band_proxy_bbox"":[23,133,177,186]}","{""bbox"":[28,19,171,174],""size"":[143,155],""center"":[99.5,96.5],""pixels"":16045,""component_count"":1,""label_band_start_y"":133,""body_band_proxy_bbox"":[28,19,171,133],""label_band_proxy_bbox"":[44,133,155,174]}",0.871951,0.922619,"[-0.5,-5.5]",0.128049,True,"[164,115]","[143,114]",0.871951,0.991304,0.128049,True,"[154,53]","[111,41]",0.720779,0.773585,0.279221,True
base_high,base,high,2,base_detail,12,formation,編制,편제,1,90,"{""bbox"":[18,18,182,186],""size"":[164,168],""center"":[100.0,102.0],""pixels"":21358,""component_count"":2,""label_band_start_y"":133,""body_band_proxy_bbox"":[18,18,182,133],""label_band_proxy_bbox"":[23,133,177,186]}","{""bbox"":[31,28,169,173],""size"":[138,145],""center"":[100.0,100.5],""pixels"":14323,""component_count"":2,""label_band_start_y"":133,""body_band_proxy_bbox"":[31,28,169,133],""label_band_proxy_bbox"":[44,133,157,173]}",0.841463,0.863095,"[0.0,-1.5]",0.158537,True,"[164,115]","[138,105]",0.841463,0.913043,0.158537,True,"[154,53]","[113,40]",0.733766,0.754717,0.266234,True
base_high,base,high,2,base_detail,12,formation,編制,편제,2,91,"{""bbox"":[18,18,182,186],""size"":[164,168],""center"":[100.0,102.0],""pixels"":21358,""component_count"":2,""label_band_start_y"":133,""body_band_proxy_bbox"":[18,18,182,133],""label_band_proxy_bbox"":[23,133,177,186]}","{""bbox"":[26,19,175,177],""size"":[149,158],""center"":[100.5,98.0],""pixels"":16871,""component_count"":3,""label_band_start_y"":133,""body_band_proxy_bbox"":[26,19,175,133],""label_band_proxy_bbox"":[39,133,162,177]}",0.908537,0.940476,"[0.5,-4.0]",0.091463,True,"[164,115]","[149,114]",0.908537,0.991304,0.091463,True,"[154,53]","[123,44]",0.798701,0.830189,0.201299,True
base_high,base,high,2,base_detail,12,formation,編制,편제,3,92,"{""bbox"":[18,18,182,186],""size"":[164,168],""center"":[100.0,102.0],""pixels"":21358,""component_count"":2,""label_band_start_y"":133,""body_band_proxy_bbox"":[18,18,182,133],""label_band_proxy_bbox"":[23,133,177,186]}","{""bbox"":[25,19,174,177],""size"":[149,158],""center"":[99.5,98.0],""pixels"":16782,""component_count"":5,""label_band_start_y"":133,""body_band_proxy_bbox"":[25,19,174,133],""label_band_proxy_bbox"":[38,133,160,177]}",0.908537,0.940476,"[-0.5,-4.0]",0.091463,True,"[164,115]","[149,114]",0.908537,0.991304,0.091463,True,"[154,53]","[122,44]",0.792208,0.830189,0.207792,True
base_high,base,high,2,base_detail,12,formation,編制,편제,4,93,"{""bbox"":[18,18,182,186],""size"":[164,168],""center"":[100.0,102.0],""pixels"":21358,""component_count"":2,""label_band_start_y"":133,""body_band_proxy_bbox"":[18,18,182,133],""label_band_proxy_bbox"":[23,133,177,186]}","{""bbox"":[24,18,176,174],""size"":[152,156],""center"":[100.0,96.0],""pixels"":15104,""component_count"":1,""label_band_start_y"":133,""body_band_proxy_bbox"":[24,18,176,133],""label_band_proxy_bbox"":[37,133,163,174]}",0.926829,0.928571,"[0.0,-6.0]",0.073171,True,"[164,115]","[152,115]",0.926829,1.0,0.073171,True,"[154,53]","[126,41]",0.818182,0.773585,0.226415,True
base_high,base,high,2,base_detail,12,formation,編制,편제,5,94,"{""bbox"":[18,18,182,186],""size"":[164,168],""center"":[100.0,102.0],""pixels"":21358,""component_count"":2,""label_band_start_y"":133,""body_band_proxy_bbox"":[18,18,182,133],""label_band_proxy_bbox"":[23,133,177,186]}","{""bbox"":[26,19,175,177],""size"":[149,158],""center"":[100.5,98.0],""pixels"":16866,""component_count"":6,""label_band_start_y"":133,""body_band_proxy_bbox"":[26,19,175,133],""label_band_proxy_bbox"":[39,133,162,177]}",0.908537,0.940476,"[0.5,-4.0]",0.091463,True,"[164,115]","[149,114]",0.908537,0.991304,0.091463,True,"[154,53]","[123,44]",0.798701,0.830189,0.201299,True
base_high,base,high,2,base_detail,12,formation,編制,편제,6,95,"{""bbox"":[18,18,182,186],""size"":[164,168],""center"":[100.0,102.0],""pixels"":21358,""component_count"":2,""label_band_start_y"":133,""body_band_proxy_bbox"":[18,18,182,133],""label_band_proxy_bbox"":[23,133,177,186]}","{""bbox"":[24,18,176,173],""size"":[152,155],""center"":[100.0,95.5],""pixels"":14948,""component_count"":2,""label_band_start_y"":133,""body_band_proxy_bbox"":[24,18,176,133],""label_band_proxy_bbox"":[36,133,163,173]}",0.926829,0.922619,"[0.0,-6.5]",0.077381,True,"[164,115]","[152,115]",0.926829,1.0,0.073171,True,"[154,53]","[127,40]",0.824675,0.754717,0.245283,True
base_high,base,high,2,base_detail,13,battle,合戦,합전,1,96,"{""bbox"":[18,18,182,186],""size"":[164,168],""center"":[100.0,102.0],""pixels"":21304,""component_count"":2,""label_band_start_y"":133,""body_band_proxy_bbox"":[18,18,182,133],""label_band_proxy_bbox"":[23,133,177,186]}","{""bbox"":[28,19,173,173],""size"":[145,154],""center"":[100.5,96.0],""pixels"":16013,""component_count"":3,""label_band_start_y"":133,""body_band_proxy_bbox"":[28,19,173,133],""label_band_proxy_bbox"":[43,133,158,173]}",0.884146,0.916667,"[0.5,-6.0]",0.115854,True,"[164,115]","[145,114]",0.884146,0.991304,0.115854,True,"[154,53]","[115,40]",0.746753,0.754717,0.253247,True
base_high,base,high,2,base_detail,13,battle,合戦,합전,2,97,"{""bbox"":[18,18,182,186],""size"":[164,168],""center"":[100.0,102.0],""pixels"":21356,""component_count"":2,""label_band_start_y"":133,""body_band_proxy_bbox"":[18,18,182,133],""label_band_proxy_bbox"":[23,133,177,186]}","{""bbox"":[28,19,173,174],""size"":[145,155],""center"":[100.5,96.5],""pixels"":16149,""component_count"":2,""label_band_start_y"":133,""body_band_proxy_bbox"":[28,19,173,133],""label_band_proxy_bbox"":[43,133,158,174]}",0.884146,0.922619,"[0.5,-5.5]",0.115854,True,"[164,115]","[145,114]",0.884146,0.991304,0.115854,True,"[154,53]","[115,41]",0.746753,0.773585,0.253247,True
base_high,base,high,2,base_detail,13,battle,合戦,합전,3,98,"{""bbox"":[18,18,182,186],""size"":[164,168],""center"":[100.0,102.0],""pixels"":21356,""component_count"":2,""label_band_start_y"":133,""body_band_proxy_bbox"":[18,18,182,133],""label_band_proxy_bbox"":[23,133,177,186]}","{""bbox"":[27,19,173,174],""size"":[146,155],""center"":[100.0,96.5],""pixels"":16157,""component_count"":3,""label_band_start_y"":133,""body_band_proxy_bbox"":[27,19,173,133],""label_band_proxy_bbox"":[42,133,158,174]}",0.890244,0.922619,"[0.0,-5.5]",0.109756,True,"[164,115]","[146,114]",0.890244,0.991304,0.109756,True,"[154,53]","[116,41]",0.753247,0.773585,0.246753,True
base_high,base,high,2,base_detail,13,battle,合戦,합전,4,99,"{""bbox"":[18,18,182,186],""size"":[164,168],""center"":[100.0,102.0],""pixels"":21356,""component_count"":2,""label_band_start_y"":133,""body_band_proxy_bbox"":[18,18,182,133],""label_band_proxy_bbox"":[23,133,177,186]}","{""bbox"":[28,19,173,172],""size"":[145,153],""center"":[100.5,95.5],""pixels"":15882,""component_count"":4,""label_band_start_y"":133,""body_band_proxy_bbox"":[28,19,173,133],""label_band_proxy_bbox"":[44,133,157,172]}",0.884146,0.910714,"[0.5,-6.5]",0.115854,True,"[164,115]","[145,114]",0.884146,0.991304,0.115854,True,"[154,53]","[113,39]",0.733766,0.735849,0.266234,True
base_high,base,high,2,base_detail,13,battle,合戦,합전,5,100,"{""bbox"":[18,18,182,186],""size"":[164,168],""center"":[100.0,102.0],""pixels"":21356,""component_count"":2,""label_band_start_y"":133,""body_band_proxy_bbox"":[18,18,182,133],""label_band_proxy_bbox"":[23,133,177,186]}","{""bbox"":[28,19,172,174],""size"":[144,155],""center"":[100.0,96.5],""pixels"":15919,""component_count"":2,""label_band_start_y"":133,""body_band_proxy_bbox"":[28,19,172,133],""label_band_proxy_bbox"":[43,133,157,174]}",0.878049,0.922619,"[0.0,-5.5]",0.121951,True,"[164,115]","[144,114]",0.878049,0.991304,0.121951,True,"[154,53]","[114,41]",0.74026,0.773585,0.25974,True
base_high,base,high,2,base_detail,13,battle,合戦,합전,6,101,"{""bbox"":[18,18,182,186],""size"":[164,168],""center"":[100.0,102.0],""pixels"":21356,""component_count"":2,""label_band_start_y"":133,""body_band_proxy_bbox"":[18,18,182,133],""label_band_proxy_bbox"":[23,133,177,186]}","{""bbox"":[28,19,173,172],""size"":[145,153],""center"":[100.5,95.5],""pixels"":15876,""component_count"":1,""label_band_start_y"":133,""body_band_proxy_bbox"":[28,19,173,133],""label_band_proxy_bbox"":[44,133,157,172]}",0.884146,0.910714,"[0.5,-6.5]",0.115854,True,"[164,115]","[145,114]",0.884146,0.991304,0.115854,True,"[154,53]","[113,39]",0.733766,0.735849,0.266234,True
base_high,base,high,2,base_detail,14,cancel_sortie,出陣取消,출진취소,1,102,"{""bbox"":[10,18,190,186],""size"":[180,168],""center"":[100.0,102.0],""pixels"":23937,""component_count"":2,""label_band_start_y"":133,""body_band_proxy_bbox"":[13,18,190,133],""label_band_proxy_bbox"":[10,133,190,186]}","{""bbox"":[22,19,178,176],""size"":[156,157],""center"":[100.0,97.5],""pixels"":19470,""component_count"":4,""label_band_start_y"":133,""body_band_proxy_bbox"":[23,19,178,133],""label_band_proxy_bbox"":[22,133,178,176]}",0.866667,0.934524,"[0.0,-4.5]",0.133333,True,"[177,115]","[155,114]",0.875706,0.991304,0.124294,True,"[180,53]","[156,43]",0.866667,0.811321,0.188679,True
base_high,base,high,2,base_detail,14,cancel_sortie,出陣取消,출진취소,2,103,"{""bbox"":[10,18,190,186],""size"":[180,168],""center"":[100.0,102.0],""pixels"":23937,""component_count"":2,""label_band_start_y"":133,""body_band_proxy_bbox"":[13,18,190,133],""label_band_proxy_bbox"":[10,133,190,186]}","{""bbox"":[19,20,180,176],""size"":[161,156],""center"":[99.5,98.0],""pixels"":19305,""component_count"":2,""label_band_start_y"":133,""body_band_proxy_bbox"":[24,20,174,133],""label_band_proxy_bbox"":[19,133,180,176]}",0.894444,0.928571,"[-0.5,-4.0]",0.105556,True,"[177,115]","[150,113]",0.847458,0.982609,0.152542,True,"[180,53]","[161,43]",0.894444,0.811321,0.188679,True
base_high,base,high,2,base_detail,14,cancel_sortie,出陣取消,출진취소,3,104,"{""bbox"":[10,18,190,186],""size"":[180,168],""center"":[100.0,102.0],""pixels"":23942,""component_count"":2,""label_band_start_y"":133,""body_band_proxy_bbox"":[13,18,190,133],""label_band_proxy_bbox"":[10,133,190,186]}","{""bbox"":[19,20,180,176],""size"":[161,156],""center"":[99.5,98.0],""pixels"":19271,""component_count"":1,""label_band_start_y"":133,""body_band_proxy_bbox"":[25,20,175,133],""label_band_proxy_bbox"":[19,133,180,176]}",0.894444,0.928571,"[-0.5,-4.0]",0.105556,True,"[177,115]","[150,113]",0.847458,0.982609,0.152542,True,"[180,53]","[161,43]",0.894444,0.811321,0.188679,True
base_high,base,high,2,base_detail,14,cancel_sortie,出陣取消,출진취소,4,105,"{""bbox"":[10,18,190,186],""size"":[180,168],""center"":[100.0,102.0],""pixels"":23937,""component_count"":2,""label_band_start_y"":133,""body_band_proxy_bbox"":[13,18,190,133],""label_band_proxy_bbox"":[10,133,190,186]}","{""bbox"":[21,20,177,175],""size"":[156,155],""center"":[99.0,97.5],""pixels"":18912,""component_count"":5,""label_band_start_y"":133,""body_band_proxy_bbox"":[26,20,177,133],""label_band_proxy_bbox"":[21,133,177,175]}",0.866667,0.922619,"[-1.0,-4.5]",0.133333,True,"[177,115]","[151,113]",0.853107,0.982609,0.146893,True,"[180,53]","[156,42]",0.866667,0.792453,0.207547,True
base_high,base,high,2,base_detail,14,cancel_sortie,出陣取消,출진취소,5,106,"{""bbox"":[10,18,190,186],""size"":[180,168],""center"":[100.0,102.0],""pixels"":23937,""component_count"":2,""label_band_start_y"":133,""body_band_proxy_bbox"":[13,18,190,133],""label_band_proxy_bbox"":[10,133,190,186]}","{""bbox"":[19,20,180,175],""size"":[161,155],""center"":[99.5,97.5],""pixels"":19088,""component_count"":6,""label_band_start_y"":133,""body_band_proxy_bbox"":[25,20,174,133],""label_band_proxy_bbox"":[19,133,180,175]}",0.894444,0.922619,"[-0.5,-4.5]",0.105556,True,"[177,115]","[149,113]",0.841808,0.982609,0.158192,True,"[180,53]","[161,42]",0.894444,0.792453,0.207547,True
base_high,base,high,2,base_detail,14,cancel_sortie,出陣取消,출진취소,6,107,"{""bbox"":[10,18,190,186],""size"":[180,168],""center"":[100.0,102.0],""pixels"":23937,""component_count"":2,""label_band_start_y"":133,""body_band_proxy_bbox"":[13,18,190,133],""label_band_proxy_bbox"":[10,133,190,186]}","{""bbox"":[20,20,177,175],""size"":[157,155],""center"":[98.5,97.5],""pixels"":18928,""component_count"":2,""label_band_start_y"":133,""body_band_proxy_bbox"":[25,20,177,133],""label_band_proxy_bbox"":[20,133,177,175]}",0.872222,0.922619,"[-1.5,-4.5]",0.127778,True,"[177,115]","[152,113]",0.858757,0.982609,0.141243,True,"[180,53]","[157,42]",0.872222,0.792453,0.207547,True
base_high,base,high,2,base_detail,15,disband,解散,해산,1,108,"{""bbox"":[18,18,182,186],""size"":[164,168],""center"":[100.0,102.0],""pixels"":21235,""component_count"":2,""label_band_start_y"":133,""body_band_proxy_bbox"":[18,18,182,133],""label_band_proxy_bbox"":[24,133,176,186]}","{""bbox"":[33,20,167,176],""size"":[134,156],""center"":[100.0,98.0],""pixels"":15147,""component_count"":1,""label_band_start_y"":133,""body_band_proxy_bbox"":[33,20,167,133],""label_band_proxy_bbox"":[45,133,155,176]}",0.817073,0.928571,"[0.0,-4.0]",0.182927,True,"[164,115]","[134,113]",0.817073,0.982609,0.182927,True,"[152,53]","[110,43]",0.723684,0.811321,0.276316,True
base_high,base,high,2,base_detail,15,disband,解散,해산,2,109,"{""bbox"":[18,18,182,186],""size"":[164,168],""center"":[100.0,102.0],""pixels"":21235,""component_count"":2,""label_band_start_y"":133,""body_band_proxy_bbox"":[18,18,182,133],""label_band_proxy_bbox"":[24,133,176,186]}","{""bbox"":[32,20,167,178],""size"":[135,158],""center"":[99.5,99.0],""pixels"":15468,""component_count"":3,""label_band_start_y"":133,""body_band_proxy_bbox"":[32,20,167,133],""label_band_proxy_bbox"":[43,133,157,178]}",0.823171,0.940476,"[-0.5,-3.0]",0.176829,True,"[164,115]","[135,113]",0.823171,0.982609,0.176829,True,"[152,53]","[114,45]",0.75,0.849057,0.25,True
base_high,base,high,2,base_detail,15,disband,解散,해산,3,110,"{""bbox"":[18,18,182,186],""size"":[164,168],""center"":[100.0,102.0],""pixels"":21240,""component_count"":2,""label_band_start_y"":133,""body_band_proxy_bbox"":[18,18,182,133],""label_band_proxy_bbox"":[24,133,176,186]}","{""bbox"":[33,19,167,177],""size"":[134,158],""center"":[100.0,98.0],""pixels"":15333,""component_count"":4,""label_band_start_y"":133,""body_band_proxy_bbox"":[33,19,167,133],""label_band_proxy_bbox"":[45,133,157,177]}",0.817073,0.940476,"[0.0,-4.0]",0.182927,True,"[164,115]","[134,114]",0.817073,0.991304,0.182927,True,"[152,53]","[112,44]",0.736842,0.830189,0.263158,True
base_high,base,high,2,base_detail,15,disband,解散,해산,4,111,"{""bbox"":[18,18,182,186],""size"":[164,168],""center"":[100.0,102.0],""pixels"":21235,""component_count"":2,""label_band_start_y"":133,""body_band_proxy_bbox"":[18,18,182,133],""label_band_proxy_bbox"":[24,133,176,186]}","{""bbox"":[34,20,167,176],""size"":[133,156],""center"":[100.5,98.0],""pixels"":14864,""component_count"":2,""label_band_start_y"":133,""body_band_proxy_bbox"":[34,20,167,133],""label_band_proxy_bbox"":[46,133,155,176]}",0.810976,0.928571,"[0.5,-4.0]",0.189024,True,"[164,115]","[133,113]",0.810976,0.982609,0.189024,True,"[152,53]","[109,43]",0.717105,0.811321,0.282895,True
base_high,base,high,2,base_detail,15,disband,解散,해산,5,112,"{""bbox"":[18,18,182,186],""size"":[164,168],""center"":[100.0,102.0],""pixels"":21235,""component_count"":2,""label_band_start_y"":133,""body_band_proxy_bbox"":[18,18,182,133],""label_band_proxy_bbox"":[24,133,176,186]}","{""bbox"":[33,20,167,177],""size"":[134,157],""center"":[100.0,98.5],""pixels"":15216,""component_count"":3,""label_band_start_y"":133,""body_band_proxy_bbox"":[33,20,167,133],""label_band_proxy_bbox"":[45,133,155,177]}",0.817073,0.934524,"[0.0,-3.5]",0.182927,True,"[164,115]","[134,113]",0.817073,0.982609,0.182927,True,"[152,53]","[110,44]",0.723684,0.830189,0.276316,True
base_high,base,high,2,base_detail,15,disband,解散,해산,6,113,"{""bbox"":[7,18,190,186],""size"":[183,168],""center"":[98.5,102.0],""pixels"":24173,""component_count"":2,""label_band_start_y"":133,""body_band_proxy_bbox"":[10,18,190,133],""label_band_proxy_bbox"":[7,133,190,186]}","{""bbox"":[34,20,167,176],""size"":[133,156],""center"":[100.5,98.0],""pixels"":14881,""component_count"":2,""label_band_start_y"":133,""body_band_proxy_bbox"":[34,20,167,133],""label_band_proxy_bbox"":[46,133,155,176]}",0.726776,0.928571,"[2.0,-4.0]",0.273224,True,"[180,115]","[133,113]",0.738889,0.982609,0.261111,True,"[183,53]","[109,43]",0.595628,0.811321,0.404372,True
base_high,base,high,2,base_detail,16,close,閉じる,닫기,1,114,"{""bbox"":[18,16,182,184],""size"":[164,168],""center"":[100.0,100.0],""pixels"":21792,""component_count"":2,""label_band_start_y"":133,""body_band_proxy_bbox"":[18,16,182,133],""label_band_proxy_bbox"":[24,133,176,184]}","{""bbox"":[28,17,173,178],""size"":[145,161],""center"":[100.5,97.5],""pixels"":16672,""component_count"":2,""label_band_start_y"":133,""body_band_proxy_bbox"":[28,17,173,133],""label_band_proxy_bbox"":[39,133,162,178]}",0.884146,0.958333,"[0.5,-2.5]",0.115854,True,"[164,117]","[145,116]",0.884146,0.991453,0.115854,True,"[152,51]","[123,45]",0.809211,0.882353,0.190789,True
base_high,base,high,2,base_detail,16,close,閉じる,닫기,2,115,"{""bbox"":[18,18,182,186],""size"":[164,168],""center"":[100.0,102.0],""pixels"":21687,""component_count"":2,""label_band_start_y"":133,""body_band_proxy_bbox"":[18,18,182,133],""label_band_proxy_bbox"":[24,133,176,186]}","{""bbox"":[28,19,171,179],""size"":[143,160],""center"":[99.5,99.0],""pixels"":16384,""component_count"":1,""label_band_start_y"":133,""body_band_proxy_bbox"":[28,19,171,133],""label_band_proxy_bbox"":[38,133,161,179]}",0.871951,0.952381,"[-0.5,-3.0]",0.128049,True,"[164,115]","[143,114]",0.871951,0.991304,0.128049,True,"[152,53]","[123,46]",0.809211,0.867925,0.190789,True
base_high,base,high,2,base_detail,16,close,閉じる,닫기,3,116,"{""bbox"":[18,18,182,186],""size"":[164,168],""center"":[100.0,102.0],""pixels"":21687,""component_count"":2,""label_band_start_y"":133,""body_band_proxy_bbox"":[18,18,182,133],""label_band_proxy_bbox"":[24,133,176,186]}","{""bbox"":[28,19,172,178],""size"":[144,159],""center"":[100.0,98.5],""pixels"":16387,""component_count"":4,""label_band_start_y"":133,""body_band_proxy_bbox"":[28,19,172,133],""label_band_proxy_bbox"":[38,133,162,178]}",0.878049,0.946429,"[0.0,-3.5]",0.121951,True,"[164,115]","[144,114]",0.878049,0.991304,0.121951,True,"[152,53]","[124,45]",0.815789,0.849057,0.184211,True
base_high,base,high,2,base_detail,16,close,閉じる,닫기,4,117,"{""bbox"":[18,18,182,186],""size"":[164,168],""center"":[100.0,102.0],""pixels"":21687,""component_count"":2,""label_band_start_y"":133,""body_band_proxy_bbox"":[18,18,182,133],""label_band_proxy_bbox"":[24,133,176,186]}","{""bbox"":[28,19,172,178],""size"":[144,159],""center"":[100.0,98.5],""pixels"":16211,""component_count"":3,""label_band_start_y"":133,""body_band_proxy_bbox"":[28,19,172,133],""label_band_proxy_bbox"":[39,133,161,178]}",0.878049,0.946429,"[0.0,-3.5]",0.121951,True,"[164,115]","[144,114]",0.878049,0.991304,0.121951,True,"[152,53]","[122,45]",0.802632,0.849057,0.197368,True
base_high,base,high,2,base_detail,16,close,閉じる,닫기,5,118,"{""bbox"":[18,18,182,186],""size"":[164,168],""center"":[100.0,102.0],""pixels"":21687,""component_count"":2,""label_band_start_y"":133,""body_band_proxy_bbox"":[18,18,182,133],""label_band_proxy_bbox"":[24,133,176,186]}","{""bbox"":[28,19,172,179],""size"":[144,160],""center"":[100.0,99.0],""pixels"":16460,""component_count"":1,""label_band_start_y"":133,""body_band_proxy_bbox"":[28,19,172,133],""label_band_proxy_bbox"":[38,133,162,179]}",0.878049,0.952381,"[0.0,-3.0]",0.121951,True,"[164,115]","[144,114]",0.878049,0.991304,0.121951,True,"[152,53]","[124,46]",0.815789,0.867925,0.184211,True
base_high,base,high,2,base_detail,16,close,閉じる,닫기,6,119,"{""bbox"":[18,18,182,186],""size"":[164,168],""center"":[100.0,102.0],""pixels"":21687,""component_count"":2,""label_band_start_y"":133,""body_band_proxy_bbox"":[18,18,182,133],""label_band_proxy_bbox"":[24,133,176,186]}","{""bbox"":[28,19,172,178],""size"":[144,159],""center"":[100.0,98.5],""pixels"":16302,""component_count"":2,""label_band_start_y"":133,""body_band_proxy_bbox"":[28,19,172,133],""label_band_proxy_bbox"":[38,133,162,178]}",0.878049,0.946429,"[0.0,-3.5]",0.121951,True,"[164,115]","[144,114]",0.878049,0.991304,0.121951,True,"[152,53]","[124,45]",0.815789,0.849057,0.184211,True
base_high,base,high,2,base_detail,17,edit,編集,편집,1,120,"{""bbox"":[18,18,182,186],""size"":[164,168],""center"":[100.0,102.0],""pixels"":21224,""component_count"":2,""label_band_start_y"":133,""body_band_proxy_bbox"":[18,18,182,133],""label_band_proxy_bbox"":[24,133,176,186]}","{""bbox"":[26,19,173,176],""size"":[147,157],""center"":[99.5,97.5],""pixels"":16614,""component_count"":5,""label_band_start_y"":133,""body_band_proxy_bbox"":[26,19,173,133],""label_band_proxy_bbox"":[38,133,160,176]}",0.896341,0.934524,"[-0.5,-4.5]",0.103659,True,"[164,115]","[147,114]",0.896341,0.991304,0.103659,True,"[152,53]","[122,43]",0.802632,0.811321,0.197368,True
base_high,base,high,2,base_detail,17,edit,編集,편집,2,121,"{""bbox"":[18,18,182,186],""size"":[164,168],""center"":[100.0,102.0],""pixels"":21224,""component_count"":2,""label_band_start_y"":133,""body_band_proxy_bbox"":[18,18,182,133],""label_band_proxy_bbox"":[24,133,176,186]}","{""bbox"":[26,19,174,178],""size"":[148,159],""center"":[100.0,98.5],""pixels"":17204,""component_count"":2,""label_band_start_y"":133,""body_band_proxy_bbox"":[26,19,174,133],""label_band_proxy_bbox"":[39,133,161,178]}",0.902439,0.946429,"[0.0,-3.5]",0.097561,True,"[164,115]","[148,114]",0.902439,0.991304,0.097561,True,"[152,53]","[122,45]",0.802632,0.849057,0.197368,True
base_high,base,high,2,base_detail,17,edit,編集,편집,3,122,"{""bbox"":[18,18,182,186],""size"":[164,168],""center"":[100.0,102.0],""pixels"":21224,""component_count"":2,""label_band_start_y"":133,""body_band_proxy_bbox"":[18,18,182,133],""label_band_proxy_bbox"":[24,133,176,186]}","{""bbox"":[26,19,173,178],""size"":[147,159],""center"":[99.5,98.5],""pixels"":17044,""component_count"":4,""label_band_start_y"":133,""body_band_proxy_bbox"":[26,19,173,133],""label_band_proxy_bbox"":[38,133,161,178]}",0.896341,0.946429,"[-0.5,-3.5]",0.103659,True,"[164,115]","[147,114]",0.896341,0.991304,0.103659,True,"[152,53]","[123,45]",0.809211,0.849057,0.190789,True
base_high,base,high,2,base_detail,17,edit,編集,편집,4,123,"{""bbox"":[18,18,182,186],""size"":[164,168],""center"":[100.0,102.0],""pixels"":21224,""component_count"":2,""label_band_start_y"":133,""body_band_proxy_bbox"":[18,18,182,133],""label_band_proxy_bbox"":[24,133,176,186]}","{""bbox"":[26,19,173,176],""size"":[147,157],""center"":[99.5,97.5],""pixels"":16498,""component_count"":4,""label_band_start_y"":133,""body_band_proxy_bbox"":[26,19,173,133],""label_band_proxy_bbox"":[39,133,160,176]}",0.896341,0.934524,"[-0.5,-4.5]",0.103659,True,"[164,115]","[147,114]",0.896341,0.991304,0.103659,True,"[152,53]","[121,43]",0.796053,0.811321,0.203947,True
base_high,base,high,2,base_detail,17,edit,編集,편집,5,124,"{""bbox"":[18,18,182,186],""size"":[164,168],""center"":[100.0,102.0],""pixels"":21224,""component_count"":2,""label_band_start_y"":133,""body_band_proxy_bbox"":[18,18,182,133],""label_band_proxy_bbox"":[24,133,176,186]}","{""bbox"":[26,19,173,178],""size"":[147,159],""center"":[99.5,98.5],""pixels"":17022,""component_count"":6,""label_band_start_y"":133,""body_band_proxy_bbox"":[26,19,173,133],""label_band_proxy_bbox"":[39,133,160,178]}",0.896341,0.946429,"[-0.5,-3.5]",0.103659,True,"[164,115]","[147,114]",0.896341,0.991304,0.103659,True,"[152,53]","[121,45]",0.796053,0.849057,0.203947,True
base_high,base,high,2,base_detail,17,edit,編集,편집,6,125,"{""bbox"":[18,18,182,186],""size"":[164,168],""center"":[100.0,102.0],""pixels"":21224,""component_count"":2,""label_band_start_y"":133,""body_band_proxy_bbox"":[18,18,182,133],""label_band_proxy_bbox"":[24,133,176,186]}","{""bbox"":[26,19,173,176],""size"":[147,157],""center"":[99.5,97.5],""pixels"":16475,""component_count"":4,""label_band_start_y"":133,""body_band_proxy_bbox"":[26,19,173,133],""label_band_proxy_bbox"":[39,133,160,176]}",0.896341,0.934524,"[-0.5,-4.5]",0.103659,True,"[164,115]","[147,114]",0.896341,0.991304,0.103659,True,"[152,53]","[121,43]",0.796053,0.811321,0.203947,True
base_high,base,high,2,base_detail,18,release,解除,해제,1,126,"{""bbox"":[18,18,182,186],""size"":[164,168],""center"":[100.0,102.0],""pixels"":21159,""component_count"":2,""label_band_start_y"":133,""body_band_proxy_bbox"":[18,18,182,133],""label_band_proxy_bbox"":[24,133,176,186]}","{""bbox"":[25,20,175,174],""size"":[150,154],""center"":[100.0,97.0],""pixels"":17068,""component_count"":1,""label_band_start_y"":133,""body_band_proxy_bbox"":[25,20,175,133],""label_band_proxy_bbox"":[39,133,174,174]}",0.914634,0.916667,"[0.0,-5.0]",0.085366,True,"[164,115]","[150,113]",0.914634,0.982609,0.085366,True,"[152,53]","[135,41]",0.888158,0.773585,0.226415,True
base_high,base,high,2,base_detail,18,release,解除,해제,2,127,"{""bbox"":[18,18,182,186],""size"":[164,168],""center"":[100.0,102.0],""pixels"":21159,""component_count"":2,""label_band_start_y"":133,""body_band_proxy_bbox"":[18,18,182,133],""label_band_proxy_bbox"":[24,133,176,186]}","{""bbox"":[25,20,175,176],""size"":[150,156],""center"":[100.0,98.0],""pixels"":17221,""component_count"":1,""label_band_start_y"":133,""body_band_proxy_bbox"":[25,20,175,133],""label_band_proxy_bbox"":[39,133,175,176]}",0.914634,0.928571,"[0.0,-4.0]",0.085366,True,"[164,115]","[150,113]",0.914634,0.982609,0.085366,True,"[152,53]","[136,43]",0.894737,0.811321,0.188679,True
base_high,base,high,2,base_detail,18,release,解除,해제,3,128,"{""bbox"":[18,18,182,186],""size"":[164,168],""center"":[100.0,102.0],""pixels"":21159,""component_count"":2,""label_band_start_y"":133,""body_band_proxy_bbox"":[18,18,182,133],""label_band_proxy_bbox"":[24,133,176,186]}","{""bbox"":[25,20,175,176],""size"":[150,156],""center"":[100.0,98.0],""pixels"":17151,""component_count"":1,""label_band_start_y"":133,""body_band_proxy_bbox"":[25,20,175,133],""label_band_proxy_bbox"":[38,133,174,176]}",0.914634,0.928571,"[0.0,-4.0]",0.085366,True,"[164,115]","[150,113]",0.914634,0.982609,0.085366,True,"[152,53]","[136,43]",0.894737,0.811321,0.188679,True
base_high,base,high,2,base_detail,18,release,解除,해제,4,129,"{""bbox"":[18,18,182,186],""size"":[164,168],""center"":[100.0,102.0],""pixels"":21159,""component_count"":2,""label_band_start_y"":133,""body_band_proxy_bbox"":[18,18,182,133],""label_band_proxy_bbox"":[24,133,176,186]}","{""bbox"":[25,20,175,174],""size"":[150,154],""center"":[100.0,97.0],""pixels"":16796,""component_count"":2,""label_band_start_y"":133,""body_band_proxy_bbox"":[25,20,175,133],""label_band_proxy_bbox"":[39,133,174,174]}",0.914634,0.916667,"[0.0,-5.0]",0.085366,True,"[164,115]","[150,113]",0.914634,0.982609,0.085366,True,"[152,53]","[135,41]",0.888158,0.773585,0.226415,True
base_high,base,high,2,base_detail,18,release,解除,해제,5,130,"{""bbox"":[18,18,182,186],""size"":[164,168],""center"":[100.0,102.0],""pixels"":21159,""component_count"":2,""label_band_start_y"":133,""body_band_proxy_bbox"":[18,18,182,133],""label_band_proxy_bbox"":[24,133,176,186]}","{""bbox"":[25,19,175,176],""size"":[150,157],""center"":[100.0,97.5],""pixels"":17324,""component_count"":2,""label_band_start_y"":133,""body_band_proxy_bbox"":[25,19,175,133],""label_band_proxy_bbox"":[39,133,175,176]}",0.914634,0.934524,"[0.0,-4.5]",0.085366,True,"[164,115]","[150,114]",0.914634,0.991304,0.085366,True,"[152,53]","[136,43]",0.894737,0.811321,0.188679,True
base_high,base,high,2,base_detail,18,release,解除,해제,6,131,"{""bbox"":[18,18,182,186],""size"":[164,168],""center"":[100.0,102.0],""pixels"":21159,""component_count"":2,""label_band_start_y"":133,""body_band_proxy_bbox"":[18,18,182,133],""label_band_proxy_bbox"":[24,133,176,186]}","{""bbox"":[25,19,175,175],""size"":[150,156],""center"":[100.0,97.0],""pixels"":17031,""component_count"":1,""label_band_start_y"":133,""body_band_proxy_bbox"":[25,19,175,133],""label_band_proxy_bbox"":[39,133,174,175]}",0.914634,0.928571,"[0.0,-5.0]",0.085366,True,"[164,115]","[150,114]",0.914634,0.991304,0.085366,True,"[152,53]","[135,42]",0.888158,0.792453,0.207547,True
base_high,base,high,2,base_detail,19,request_reinforcement,援軍要請,원군요청,1,132,"{""bbox"":[7,18,194,186],""size"":[187,168],""center"":[100.5,102.0],""pixels"":24325,""component_count"":2,""label_band_start_y"":133,""body_band_proxy_bbox"":[10,18,191,133],""label_band_proxy_bbox"":[7,133,194,186]}","{""bbox"":[20,19,179,176],""size"":[159,157],""center"":[99.5,97.5],""pixels"":19320,""component_count"":4,""label_band_start_y"":133,""body_band_proxy_bbox"":[26,19,178,133],""label_band_proxy_bbox"":[20,133,179,176]}",0.850267,0.934524,"[-1.0,-4.5]",0.149733,True,"[181,115]","[152,114]",0.839779,0.991304,0.160221,True,"[187,53]","[159,43]",0.850267,0.811321,0.188679,True
base_high,base,high,2,base_detail,19,request_reinforcement,援軍要請,원군요청,2,133,"{""bbox"":[7,18,194,186],""size"":[187,168],""center"":[100.5,102.0],""pixels"":24325,""component_count"":2,""label_band_start_y"":133,""body_band_proxy_bbox"":[10,18,191,133],""label_band_proxy_bbox"":[7,133,194,186]}","{""bbox"":[18,19,180,178],""size"":[162,159],""center"":[99.0,98.5],""pixels"":19651,""component_count"":2,""label_band_start_y"":133,""body_band_proxy_bbox"":[24,19,179,133],""label_band_proxy_bbox"":[18,133,180,178]}",0.86631,0.946429,"[-1.5,-3.5]",0.13369,True,"[181,115]","[155,114]",0.856354,0.991304,0.143646,True,"[187,53]","[162,45]",0.86631,0.849057,0.150943,True
base_high,base,high,2,base_detail,19,request_reinforcement,援軍要請,원군요청,3,134,"{""bbox"":[7,18,194,186],""size"":[187,168],""center"":[100.5,102.0],""pixels"":24325,""component_count"":1,""label_band_start_y"":133,""body_band_proxy_bbox"":[10,18,191,133],""label_band_proxy_bbox"":[7,133,194,186]}","{""bbox"":[18,19,179,178],""size"":[161,159],""center"":[98.5,98.5],""pixels"":19751,""component_count"":3,""label_band_start_y"":133,""body_band_proxy_bbox"":[24,19,178,133],""label_band_proxy_bbox"":[18,133,179,178]}",0.860963,0.946429,"[-2.0,-3.5]",0.139037,True,"[181,115]","[154,114]",0.850829,0.991304,0.149171,True,"[187,53]","[161,45]",0.860963,0.849057,0.150943,True
base_high,base,high,2,base_detail,19,request_reinforcement,援軍要請,원군요청,4,135,"{""bbox"":[7,18,194,186],""size"":[187,168],""center"":[100.5,102.0],""pixels"":24325,""component_count"":2,""label_band_start_y"":133,""body_band_proxy_bbox"":[10,18,191,133],""label_band_proxy_bbox"":[7,133,194,186]}","{""bbox"":[22,19,177,175],""size"":[155,156],""center"":[99.5,97.0],""pixels"":18747,""component_count"":3,""label_band_start_y"":133,""body_band_proxy_bbox"":[27,19,176,133],""label_band_proxy_bbox"":[22,133,177,175]}",0.828877,0.928571,"[-1.0,-5.0]",0.171123,True,"[181,115]","[149,114]",0.823204,0.991304,0.176796,True,"[187,53]","[155,42]",0.828877,0.792453,0.207547,True
base_high,base,high,2,base_detail,19,request_reinforcement,援軍要請,원군요청,5,136,"{""bbox"":[7,18,194,186],""size"":[187,168],""center"":[100.5,102.0],""pixels"":24325,""component_count"":2,""label_band_start_y"":133,""body_band_proxy_bbox"":[10,18,191,133],""label_band_proxy_bbox"":[7,133,194,186]}","{""bbox"":[18,19,179,178],""size"":[161,159],""center"":[98.5,98.5],""pixels"":19720,""component_count"":4,""label_band_start_y"":133,""body_band_proxy_bbox"":[24,19,178,133],""label_band_proxy_bbox"":[18,133,179,178]}",0.860963,0.946429,"[-2.0,-3.5]",0.139037,True,"[181,115]","[154,114]",0.850829,0.991304,0.149171,True,"[187,53]","[161,45]",0.860963,0.849057,0.150943,True
base_high,base,high,2,base_detail,19,request_reinforcement,援軍要請,원군요청,6,137,"{""bbox"":[7,18,194,186],""size"":[187,168],""center"":[100.5,102.0],""pixels"":24325,""component_count"":2,""label_band_start_y"":133,""body_band_proxy_bbox"":[10,18,191,133],""label_band_proxy_bbox"":[7,133,194,186]}","{""bbox"":[24,19,177,175],""size"":[153,156],""center"":[100.5,97.0],""pixels"":18572,""component_count"":2,""label_band_start_y"":133,""body_band_proxy_bbox"":[29,19,176,133],""label_band_proxy_bbox"":[24,133,177,175]}",0.818182,0.928571,"[0.0,-5.0]",0.181818,True,"[181,115]","[147,114]",0.812155,0.991304,0.187845,True,"[187,53]","[153,42]",0.818182,0.792453,0.207547,True
base_high,base,high,2,base_detail,20,cancel_reinforcement,援軍取消,원군취소,1,138,"{""bbox"":[7,18,190,186],""size"":[183,168],""center"":[98.5,102.0],""pixels"":24173,""component_count"":2,""label_band_start_y"":133,""body_band_proxy_bbox"":[10,18,190,133],""label_band_proxy_bbox"":[7,133,190,186]}","{""bbox"":[21,21,178,176],""size"":[157,155],""center"":[99.5,98.5],""pixels"":18910,""component_count"":3,""label_band_start_y"":133,""body_band_proxy_bbox"":[26,21,176,133],""label_band_proxy_bbox"":[21,133,178,176]}",0.857923,0.922619,"[1.0,-3.5]",0.142077,True,"[180,115]","[150,112]",0.833333,0.973913,0.166667,True,"[183,53]","[157,43]",0.857923,0.811321,0.188679,True
base_high,base,high,2,base_detail,20,cancel_reinforcement,援軍取消,원군취소,2,139,"{""bbox"":[7,18,190,186],""size"":[183,168],""center"":[98.5,102.0],""pixels"":24173,""component_count"":2,""label_band_start_y"":133,""body_band_proxy_bbox"":[10,18,190,133],""label_band_proxy_bbox"":[7,133,190,186]}","{""bbox"":[21,20,180,176],""size"":[159,156],""center"":[100.5,98.0],""pixels"":19249,""component_count"":3,""label_band_start_y"":133,""body_band_proxy_bbox"":[26,20,175,133],""label_band_proxy_bbox"":[21,133,180,176]}",0.868852,0.928571,"[2.0,-4.0]",0.131148,True,"[180,115]","[149,113]",0.827778,0.982609,0.172222,True,"[183,53]","[159,43]",0.868852,0.811321,0.188679,True
base_high,base,high,2,base_detail,20,cancel_reinforcement,援軍取消,원군취소,3,140,"{""bbox"":[7,18,190,186],""size"":[183,168],""center"":[98.5,102.0],""pixels"":24178,""component_count"":2,""label_band_start_y"":133,""body_band_proxy_bbox"":[10,18,190,133],""label_band_proxy_bbox"":[7,133,190,186]}","{""bbox"":[22,20,179,175],""size"":[157,155],""center"":[100.5,97.5],""pixels"":18920,""component_count"":2,""label_band_start_y"":133,""body_band_proxy_bbox"":[26,20,174,133],""label_band_proxy_bbox"":[22,133,179,175]}",0.857923,0.922619,"[2.0,-4.5]",0.142077,True,"[180,115]","[148,113]",0.822222,0.982609,0.177778,True,"[183,53]","[157,42]",0.857923,0.792453,0.207547,True
base_high,base,high,2,base_detail,20,cancel_reinforcement,援軍取消,원군취소,4,141,"{""bbox"":[7,18,190,186],""size"":[183,168],""center"":[98.5,102.0],""pixels"":24173,""component_count"":2,""label_band_start_y"":133,""body_band_proxy_bbox"":[10,18,190,133],""label_band_proxy_bbox"":[7,133,190,186]}","{""bbox"":[23,22,177,175],""size"":[154,153],""center"":[100.0,98.5],""pixels"":18333,""component_count"":2,""label_band_start_y"":133,""body_band_proxy_bbox"":[28,22,174,133],""label_band_proxy_bbox"":[23,133,177,175]}",0.84153,0.910714,"[1.5,-3.5]",0.15847,True,"[180,115]","[146,111]",0.811111,0.965217,0.188889,True,"[183,53]","[154,42]",0.84153,0.792453,0.207547,True
base_high,base,high,2,base_detail,20,cancel_reinforcement,援軍取消,원군취소,5,142,"{""bbox"":[7,18,190,186],""size"":[183,168],""center"":[98.5,102.0],""pixels"":24173,""component_count"":2,""label_band_start_y"":133,""body_band_proxy_bbox"":[10,18,190,133],""label_band_proxy_bbox"":[7,133,190,186]}","{""bbox"":[22,21,179,176],""size"":[157,155],""center"":[100.5,98.5],""pixels"":18840,""component_count"":2,""label_band_start_y"":133,""body_band_proxy_bbox"":[27,21,174,133],""label_band_proxy_bbox"":[22,133,179,176]}",0.857923,0.922619,"[2.0,-3.5]",0.142077,True,"[180,115]","[147,112]",0.816667,0.973913,0.183333,True,"[183,53]","[157,43]",0.857923,0.811321,0.188679,True
base_high,base,high,2,base_detail,20,cancel_reinforcement,援軍取消,원군취소,6,143,"{""bbox"":[7,18,190,186],""size"":[183,168],""center"":[98.5,102.0],""pixels"":24173,""component_count"":2,""label_band_start_y"":133,""body_band_proxy_bbox"":[10,18,190,133],""label_band_proxy_bbox"":[7,133,190,186]}","{""bbox"":[23,22,177,175],""size"":[154,153],""center"":[100.0,98.5],""pixels"":18484,""component_count"":4,""label_band_start_y"":133,""body_band_proxy_bbox"":[27,22,175,133],""label_band_proxy_bbox"":[23,133,177,175]}",0.84153,0.910714,"[1.5,-3.5]",0.15847,True,"[180,115]","[148,111]",0.822222,0.965217,0.177778,True,"[183,53]","[154,42]",0.84153,0.792453,0.207547,True
base_high,base,high,2,base_detail,21,local_clan_info,国衆情報,국인정보,1,144,"{""bbox"":[6,18,194,186],""size"":[188,168],""center"":[100.0,102.0],""pixels"":24286,""component_count"":2,""label_band_start_y"":133,""body_band_proxy_bbox"":[6,18,188,133],""label_band_proxy_bbox"":[6,133,194,186]}","{""bbox"":[20,19,181,176],""size"":[161,157],""center"":[100.5,97.5],""pixels"":19027,""component_count"":1,""label_band_start_y"":133,""body_band_proxy_bbox"":[25,19,177,133],""label_band_proxy_bbox"":[20,133,181,176]}",0.856383,0.934524,"[0.5,-4.5]",0.143617,True,"[182,115]","[152,114]",0.835165,0.991304,0.164835,True,"[188,53]","[161,43]",0.856383,0.811321,0.188679,True
base_high,base,high,2,base_detail,21,local_clan_info,国衆情報,국인정보,2,145,"{""bbox"":[6,18,194,186],""size"":[188,168],""center"":[100.0,102.0],""pixels"":24286,""component_count"":2,""label_band_start_y"":133,""body_band_proxy_bbox"":[6,18,188,133],""label_band_proxy_bbox"":[6,133,194,186]}","{""bbox"":[16,19,184,178],""size"":[168,159],""center"":[100.0,98.5],""pixels"":19575,""component_count"":4,""label_band_start_y"":133,""body_band_proxy_bbox"":[25,19,176,133],""label_band_proxy_bbox"":[16,133,184,178]}",0.893617,0.946429,"[0.0,-3.5]",0.106383,True,"[182,115]","[151,114]",0.82967,0.991304,0.17033,True,"[188,53]","[168,45]",0.893617,0.849057,0.150943,True
base_high,base,high,2,base_detail,21,local_clan_info,国衆情報,국인정보,3,146,"{""bbox"":[6,18,194,186],""size"":[188,168],""center"":[100.0,102.0],""pixels"":24286,""component_count"":2,""label_band_start_y"":133,""body_band_proxy_bbox"":[6,18,188,133],""label_band_proxy_bbox"":[6,133,194,186]}","{""bbox"":[18,19,183,177],""size"":[165,158],""center"":[100.5,98.0],""pixels"":19248,""component_count"":2,""label_band_start_y"":133,""body_band_proxy_bbox"":[26,19,175,133],""label_band_proxy_bbox"":[18,133,183,177]}",0.87766,0.940476,"[0.5,-4.0]",0.12234,True,"[182,115]","[149,114]",0.818681,0.991304,0.181319,True,"[188,53]","[165,44]",0.87766,0.830189,0.169811,True
base_high,base,high,2,base_detail,21,local_clan_info,国衆情報,국인정보,4,147,"{""bbox"":[6,18,194,186],""size"":[188,168],""center"":[100.0,102.0],""pixels"":24286,""component_count"":2,""label_band_start_y"":133,""body_band_proxy_bbox"":[6,18,188,133],""label_band_proxy_bbox"":[6,133,194,186]}","{""bbox"":[22,19,178,176],""size"":[156,157],""center"":[100.0,97.5],""pixels"":18453,""component_count"":3,""label_band_start_y"":133,""body_band_proxy_bbox"":[26,19,174,133],""label_band_proxy_bbox"":[22,133,178,176]}",0.829787,0.934524,"[0.0,-4.5]",0.170213,True,"[182,115]","[148,114]",0.813187,0.991304,0.186813,True,"[188,53]","[156,43]",0.829787,0.811321,0.188679,True
base_high,base,high,2,base_detail,21,local_clan_info,国衆情報,국인정보,5,148,"{""bbox"":[6,18,194,186],""size"":[188,168],""center"":[100.0,102.0],""pixels"":24286,""component_count"":2,""label_band_start_y"":133,""body_band_proxy_bbox"":[6,18,188,133],""label_band_proxy_bbox"":[6,133,194,186]}","{""bbox"":[17,19,182,177],""size"":[165,158],""center"":[99.5,98.0],""pixels"":19174,""component_count"":3,""label_band_start_y"":133,""body_band_proxy_bbox"":[24,19,174,133],""label_band_proxy_bbox"":[17,133,182,177]}",0.87766,0.940476,"[-0.5,-4.0]",0.12234,True,"[182,115]","[150,114]",0.824176,0.991304,0.175824,True,"[188,53]","[165,44]",0.87766,0.830189,0.169811,True
base_high,base,high,2,base_detail,21,local_clan_info,国衆情報,국인정보,6,149,"{""bbox"":[6,18,194,186],""size"":[188,168],""center"":[100.0,102.0],""pixels"":24286,""component_count"":2,""label_band_start_y"":133,""body_band_proxy_bbox"":[6,18,188,133],""label_band_proxy_bbox"":[6,133,194,186]}","{""bbox"":[20,19,179,176],""size"":[159,157],""center"":[99.5,97.5],""pixels"":18675,""component_count"":2,""label_band_start_y"":133,""body_band_proxy_bbox"":[26,19,174,133],""label_band_proxy_bbox"":[20,133,179,176]}",0.845745,0.934524,"[-0.5,-4.5]",0.154255,True,"[182,115]","[148,114]",0.813187,0.991304,0.186813,True,"[188,53]","[159,43]",0.845745,0.811321,0.188679,True
base_high,base,high,2,base_detail,22,placate_local_clan,国衆懐柔,국인회유,1,150,"{""bbox"":[9,18,194,186],""size"":[185,168],""center"":[101.5,102.0],""pixels"":24135,""component_count"":2,""label_band_start_y"":133,""body_band_proxy_bbox"":[9,18,186,133],""label_band_proxy_bbox"":[9,133,194,186]}","{""bbox"":[24,19,178,176],""size"":[154,157],""center"":[101.0,97.5],""pixels"":18547,""component_count"":4,""label_band_start_y"":133,""body_band_proxy_bbox"":[29,19,172,133],""label_band_proxy_bbox"":[24,133,178,176]}",0.832432,0.934524,"[-0.5,-4.5]",0.167568,True,"[177,115]","[143,114]",0.80791,0.991304,0.19209,True,"[185,53]","[154,43]",0.832432,0.811321,0.188679,True
base_high,base,high,2,base_detail,22,placate_local_clan,国衆懐柔,국인회유,2,151,"{""bbox"":[9,18,194,186],""size"":[185,168],""center"":[101.5,102.0],""pixels"":24135,""component_count"":2,""label_band_start_y"":133,""body_band_proxy_bbox"":[9,18,186,133],""label_band_proxy_bbox"":[9,133,194,186]}","{""bbox"":[21,19,181,178],""size"":[160,159],""center"":[101.0,98.5],""pixels"":19224,""component_count"":1,""label_band_start_y"":133,""body_band_proxy_bbox"":[27,19,173,133],""label_band_proxy_bbox"":[21,133,181,178]}",0.864865,0.946429,"[-0.5,-3.5]",0.135135,True,"[177,115]","[146,114]",0.824859,0.991304,0.175141,True,"[185,53]","[160,45]",0.864865,0.849057,0.150943,True
base_high,base,high,2,base_detail,22,placate_local_clan,国衆懐柔,국인회유,3,152,"{""bbox"":[9,18,194,186],""size"":[185,168],""center"":[101.5,102.0],""pixels"":24135,""component_count"":2,""label_band_start_y"":133,""body_band_proxy_bbox"":[9,18,186,133],""label_band_proxy_bbox"":[9,133,194,186]}","{""bbox"":[22,19,179,177],""size"":[157,158],""center"":[100.5,98.0],""pixels"":18799,""component_count"":5,""label_band_start_y"":133,""body_band_proxy_bbox"":[28,19,171,133],""label_band_proxy_bbox"":[22,133,179,177]}",0.848649,0.940476,"[-1.0,-4.0]",0.151351,True,"[177,115]","[143,114]",0.80791,0.991304,0.19209,True,"[185,53]","[157,44]",0.848649,0.830189,0.169811,True
base_high,base,high,2,base_detail,22,placate_local_clan,国衆懐柔,국인회유,4,153,"{""bbox"":[9,18,194,186],""size"":[185,168],""center"":[101.5,102.0],""pixels"":24135,""component_count"":2,""label_band_start_y"":133,""body_band_proxy_bbox"":[9,18,186,133],""label_band_proxy_bbox"":[9,133,194,186]}","{""bbox"":[24,19,179,177],""size"":[155,158],""center"":[101.5,98.0],""pixels"":18977,""component_count"":3,""label_band_start_y"":133,""body_band_proxy_bbox"":[29,19,174,133],""label_band_proxy_bbox"":[24,133,179,177]}",0.837838,0.940476,"[0.0,-4.0]",0.162162,True,"[177,115]","[145,114]",0.819209,0.991304,0.180791,True,"[185,53]","[155,44]",0.837838,0.830189,0.169811,True
base_high,base,high,2,base_detail,22,placate_local_clan,国衆懐柔,국인회유,5,154,"{""bbox"":[9,18,194,186],""size"":[185,168],""center"":[101.5,102.0],""pixels"":24135,""component_count"":2,""label_band_start_y"":133,""body_band_proxy_bbox"":[9,18,186,133],""label_band_proxy_bbox"":[9,133,194,186]}","{""bbox"":[20,19,178,178],""size"":[158,159],""center"":[99.0,98.5],""pixels"":19064,""component_count"":5,""label_band_start_y"":133,""body_band_proxy_bbox"":[27,19,171,133],""label_band_proxy_bbox"":[20,133,178,178]}",0.854054,0.946429,"[-2.5,-3.5]",0.145946,True,"[177,115]","[144,114]",0.813559,0.991304,0.186441,True,"[185,53]","[158,45]",0.854054,0.849057,0.150943,True
base_high,base,high,2,base_detail,22,placate_local_clan,国衆懐柔,국인회유,6,155,"{""bbox"":[9,18,194,186],""size"":[185,168],""center"":[101.5,102.0],""pixels"":24135,""component_count"":2,""label_band_start_y"":133,""body_band_proxy_bbox"":[9,18,186,133],""label_band_proxy_bbox"":[9,133,194,186]}","{""bbox"":[23,19,177,176],""size"":[154,157],""center"":[100.0,97.5],""pixels"":18709,""component_count"":10,""label_band_start_y"":133,""body_band_proxy_bbox"":[29,19,173,133],""label_band_proxy_bbox"":[23,133,177,176]}",0.832432,0.934524,"[-1.5,-4.5]",0.167568,True,"[177,115]","[144,114]",0.813559,0.991304,0.186441,True,"[185,53]","[154,43]",0.832432,0.811321,0.188679,True
base_high,base,high,2,base_detail,23,absorb_local_clan,国衆取込,국인포섭,1,156,"{""bbox"":[9,18,195,186],""size"":[186,168],""center"":[102.0,102.0],""pixels"":23949,""component_count"":2,""label_band_start_y"":133,""body_band_proxy_bbox"":[9,18,182,133],""label_band_proxy_bbox"":[9,133,195,186]}","{""bbox"":[21,20,175,173],""size"":[154,153],""center"":[98.0,96.5],""pixels"":18331,""component_count"":4,""label_band_start_y"":133,""body_band_proxy_bbox"":[26,20,175,133],""label_band_proxy_bbox"":[21,133,169,173]}",0.827957,0.910714,"[-4.0,-5.5]",0.172043,True,"[173,115]","[149,113]",0.861272,0.982609,0.138728,True,"[186,53]","[148,40]",0.795699,0.754717,0.245283,True
base_high,base,high,2,base_detail,23,absorb_local_clan,国衆取込,국인포섭,2,157,"{""bbox"":[9,18,195,186],""size"":[186,168],""center"":[102.0,102.0],""pixels"":23949,""component_count"":2,""label_band_start_y"":133,""body_band_proxy_bbox"":[9,18,182,133],""label_band_proxy_bbox"":[9,133,195,186]}","{""bbox"":[21,19,175,176],""size"":[154,157],""center"":[98.0,97.5],""pixels"":19058,""component_count"":8,""label_band_start_y"":133,""body_band_proxy_bbox"":[26,19,175,133],""label_band_proxy_bbox"":[21,133,173,176]}",0.827957,0.934524,"[-4.0,-4.5]",0.172043,True,"[173,115]","[149,114]",0.861272,0.991304,0.138728,True,"[186,53]","[152,43]",0.817204,0.811321,0.188679,True
base_high,base,high,2,base_detail,23,absorb_local_clan,国衆取込,국인포섭,3,158,"{""bbox"":[9,18,195,186],""size"":[186,168],""center"":[102.0,102.0],""pixels"":23949,""component_count"":2,""label_band_start_y"":133,""body_band_proxy_bbox"":[9,18,182,133],""label_band_proxy_bbox"":[9,133,195,186]}","{""bbox"":[21,19,175,176],""size"":[154,157],""center"":[98.0,97.5],""pixels"":19016,""component_count"":5,""label_band_start_y"":133,""body_band_proxy_bbox"":[26,19,175,133],""label_band_proxy_bbox"":[21,133,172,176]}",0.827957,0.934524,"[-4.0,-4.5]",0.172043,True,"[173,115]","[149,114]",0.861272,0.991304,0.138728,True,"[186,53]","[151,43]",0.811828,0.811321,0.188679,True
base_high,base,high,2,base_detail,23,absorb_local_clan,国衆取込,국인포섭,4,159,"{""bbox"":[9,18,195,186],""size"":[186,168],""center"":[102.0,102.0],""pixels"":23949,""component_count"":2,""label_band_start_y"":133,""body_band_proxy_bbox"":[9,18,182,133],""label_band_proxy_bbox"":[9,133,195,186]}","{""bbox"":[21,20,175,174],""size"":[154,154],""center"":[98.0,97.0],""pixels"":18355,""component_count"":3,""label_band_start_y"":133,""body_band_proxy_bbox"":[26,20,175,133],""label_band_proxy_bbox"":[21,133,169,174]}",0.827957,0.916667,"[-4.0,-5.0]",0.172043,True,"[173,115]","[149,113]",0.861272,0.982609,0.138728,True,"[186,53]","[148,41]",0.795699,0.773585,0.226415,True
base_high,base,high,2,base_detail,23,absorb_local_clan,国衆取込,국인포섭,5,160,"{""bbox"":[9,18,195,186],""size"":[186,168],""center"":[102.0,102.0],""pixels"":23949,""component_count"":2,""label_band_start_y"":133,""body_band_proxy_bbox"":[9,18,182,133],""label_band_proxy_bbox"":[9,133,195,186]}","{""bbox"":[21,19,175,176],""size"":[154,157],""center"":[98.0,97.5],""pixels"":18957,""component_count"":6,""label_band_start_y"":133,""body_band_proxy_bbox"":[26,19,175,133],""label_band_proxy_bbox"":[21,133,172,176]}",0.827957,0.934524,"[-4.0,-4.5]",0.172043,True,"[173,115]","[149,114]",0.861272,0.991304,0.138728,True,"[186,53]","[151,43]",0.811828,0.811321,0.188679,True
base_high,base,high,2,base_detail,23,absorb_local_clan,国衆取込,국인포섭,6,161,"{""bbox"":[9,18,195,186],""size"":[186,168],""center"":[102.0,102.0],""pixels"":23949,""component_count"":2,""label_band_start_y"":133,""body_band_proxy_bbox"":[9,18,182,133],""label_band_proxy_bbox"":[9,133,195,186]}","{""bbox"":[22,19,175,174],""size"":[153,155],""center"":[98.5,96.5],""pixels"":18527,""component_count"":4,""label_band_start_y"":133,""body_band_proxy_bbox"":[25,19,175,133],""label_band_proxy_bbox"":[22,133,169,174]}",0.822581,0.922619,"[-3.5,-5.5]",0.177419,True,"[173,115]","[150,114]",0.867052,0.991304,0.132948,True,"[186,53]","[147,41]",0.790323,0.773585,0.226415,True
base_high,base,high,2,base_detail,24,castle_info,城情報,성정보,1,162,"{""bbox"":[18,18,182,186],""size"":[164,168],""center"":[100.0,102.0],""pixels"":22280,""component_count"":2,""label_band_start_y"":133,""body_band_proxy_bbox"":[18,18,182,133],""label_band_proxy_bbox"":[24,133,176,186]}","{""bbox"":[52,19,168,138],""size"":[116,119],""center"":[110.0,78.5],""pixels"":10435,""component_count"":1,""label_band_start_y"":133,""body_band_proxy_bbox"":[52,19,168,133],""label_band_proxy_bbox"":[69,133,134,138]}",0.707317,0.708333,"[10.0,-23.5]",0.292683,True,"[164,115]","[116,114]",0.707317,0.991304,0.292683,True,"[152,53]","[65,5]",0.427632,0.09434,0.90566,True
base_high,base,high,2,base_detail,24,castle_info,城情報,성정보,2,163,"{""bbox"":[18,18,182,186],""size"":[164,168],""center"":[100.0,102.0],""pixels"":22280,""component_count"":2,""label_band_start_y"":133,""body_band_proxy_bbox"":[18,18,182,133],""label_band_proxy_bbox"":[24,133,176,186]}","{""bbox"":[25,19,175,179],""size"":[150,160],""center"":[100.0,99.0],""pixels"":18285,""component_count"":2,""label_band_start_y"":133,""body_band_proxy_bbox"":[25,19,175,133],""label_band_proxy_bbox"":[32,133,166,179]}",0.914634,0.952381,"[0.0,-3.0]",0.085366,True,"[164,115]","[150,114]",0.914634,0.991304,0.085366,True,"[152,53]","[134,46]",0.881579,0.867925,0.132075,True
base_high,base,high,2,base_detail,24,castle_info,城情報,성정보,3,164,"{""bbox"":[18,18,182,186],""size"":[164,168],""center"":[100.0,102.0],""pixels"":22280,""component_count"":2,""label_band_start_y"":133,""body_band_proxy_bbox"":[18,18,182,133],""label_band_proxy_bbox"":[24,133,176,186]}","{""bbox"":[26,19,174,178],""size"":[148,159],""center"":[100.0,98.5],""pixels"":17882,""component_count"":5,""label_band_start_y"":133,""body_band_proxy_bbox"":[26,19,174,133],""label_band_proxy_bbox"":[33,133,165,178]}",0.902439,0.946429,"[0.0,-3.5]",0.097561,True,"[164,115]","[148,114]",0.902439,0.991304,0.097561,True,"[152,53]","[132,45]",0.868421,0.849057,0.150943,True
base_high,base,high,2,base_detail,24,castle_info,城情報,성정보,4,165,"{""bbox"":[18,18,182,186],""size"":[164,168],""center"":[100.0,102.0],""pixels"":22280,""component_count"":2,""label_band_start_y"":133,""body_band_proxy_bbox"":[18,18,182,133],""label_band_proxy_bbox"":[24,133,176,186]}","{""bbox"":[25,19,175,177],""size"":[150,158],""center"":[100.0,98.0],""pixels"":17819,""component_count"":3,""label_band_start_y"":133,""body_band_proxy_bbox"":[25,19,175,133],""label_band_proxy_bbox"":[34,133,164,177]}",0.914634,0.940476,"[0.0,-4.0]",0.085366,True,"[164,115]","[150,114]",0.914634,0.991304,0.085366,True,"[152,53]","[130,44]",0.855263,0.830189,0.169811,True
base_high,base,high,2,base_detail,24,castle_info,城情報,성정보,5,166,"{""bbox"":[18,18,182,186],""size"":[164,168],""center"":[100.0,102.0],""pixels"":22280,""component_count"":2,""label_band_start_y"":133,""body_band_proxy_bbox"":[18,18,182,133],""label_band_proxy_bbox"":[24,133,176,186]}","{""bbox"":[25,19,175,179],""size"":[150,160],""center"":[100.0,99.0],""pixels"":18224,""component_count"":3,""label_band_start_y"":133,""body_band_proxy_bbox"":[25,19,175,133],""label_band_proxy_bbox"":[30,133,163,179]}",0.914634,0.952381,"[0.0,-3.0]",0.085366,True,"[164,115]","[150,114]",0.914634,0.991304,0.085366,True,"[152,53]","[133,46]",0.875,0.867925,0.132075,True
base_high,base,high,2,base_detail,24,castle_info,城情報,성정보,6,167,"{""bbox"":[18,18,182,186],""size"":[164,168],""center"":[100.0,102.0],""pixels"":22280,""component_count"":2,""label_band_start_y"":133,""body_band_proxy_bbox"":[18,18,182,133],""label_band_proxy_bbox"":[24,133,176,186]}","{""bbox"":[25,19,175,177],""size"":[150,158],""center"":[100.0,98.0],""pixels"":17796,""component_count"":4,""label_band_start_y"":133,""body_band_proxy_bbox"":[25,19,175,133],""label_band_proxy_bbox"":[34,133,165,177]}",0.914634,0.940476,"[0.0,-4.0]",0.085366,True,"[164,115]","[150,114]",0.914634,0.991304,0.085366,True,"[152,53]","[131,44]",0.861842,0.830189,0.169811,True
base_high,base,high,2,base_detail,25,move,移動,이동,1,168,"{""bbox"":[18,18,182,186],""size"":[164,168],""center"":[100.0,102.0],""pixels"":21116,""component_count"":2,""label_band_start_y"":133,""body_band_proxy_bbox"":[18,18,182,133],""label_band_proxy_bbox"":[24,133,176,186]}","{""bbox"":[27,19,173,175],""size"":[146,156],""center"":[100.0,97.0],""pixels"":16272,""component_count"":3,""label_band_start_y"":133,""body_band_proxy_bbox"":[27,19,173,133],""label_band_proxy_bbox"":[43,133,158,175]}",0.890244,0.928571,"[0.0,-5.0]",0.109756,True,"[164,115]","[146,114]",0.890244,0.991304,0.109756,True,"[152,53]","[115,42]",0.756579,0.792453,0.243421,True
base_high,base,high,2,base_detail,25,move,移動,이동,2,169,"{""bbox"":[18,18,182,186],""size"":[164,168],""center"":[100.0,102.0],""pixels"":21116,""component_count"":2,""label_band_start_y"":133,""body_band_proxy_bbox"":[18,18,182,133],""label_band_proxy_bbox"":[24,133,176,186]}","{""bbox"":[27,19,173,176],""size"":[146,157],""center"":[100.0,97.5],""pixels"":16401,""component_count"":4,""label_band_start_y"":133,""body_band_proxy_bbox"":[27,19,173,133],""label_band_proxy_bbox"":[42,133,158,176]}",0.890244,0.934524,"[0.0,-4.5]",0.109756,True,"[164,115]","[146,114]",0.890244,0.991304,0.109756,True,"[152,53]","[116,43]",0.763158,0.811321,0.236842,True
base_high,base,high,2,base_detail,25,move,移動,이동,3,170,"{""bbox"":[18,18,182,186],""size"":[164,168],""center"":[100.0,102.0],""pixels"":21121,""component_count"":2,""label_band_start_y"":133,""body_band_proxy_bbox"":[18,18,182,133],""label_band_proxy_bbox"":[24,133,176,186]}","{""bbox"":[26,19,173,176],""size"":[147,157],""center"":[99.5,97.5],""pixels"":16448,""component_count"":2,""label_band_start_y"":133,""body_band_proxy_bbox"":[26,19,173,133],""label_band_proxy_bbox"":[39,133,159,176]}",0.896341,0.934524,"[-0.5,-4.5]",0.103659,True,"[164,115]","[147,114]",0.896341,0.991304,0.103659,True,"[152,53]","[120,43]",0.789474,0.811321,0.210526,True
base_high,base,high,2,base_detail,25,move,移動,이동,4,171,"{""bbox"":[18,18,182,186],""size"":[164,168],""center"":[100.0,102.0],""pixels"":21116,""component_count"":2,""label_band_start_y"":133,""body_band_proxy_bbox"":[18,18,182,133],""label_band_proxy_bbox"":[24,133,176,186]}","{""bbox"":[27,19,173,175],""size"":[146,156],""center"":[100.0,97.0],""pixels"":16158,""component_count"":1,""label_band_start_y"":133,""body_band_proxy_bbox"":[27,19,173,133],""label_band_proxy_bbox"":[43,133,157,175]}",0.890244,0.928571,"[0.0,-5.0]",0.109756,True,"[164,115]","[146,114]",0.890244,0.991304,0.109756,True,"[152,53]","[114,42]",0.75,0.792453,0.25,True
base_high,base,high,2,base_detail,25,move,移動,이동,5,172,"{""bbox"":[18,18,182,186],""size"":[164,168],""center"":[100.0,102.0],""pixels"":21116,""component_count"":2,""label_band_start_y"":133,""body_band_proxy_bbox"":[18,18,182,133],""label_band_proxy_bbox"":[24,133,176,186]}","{""bbox"":[26,19,172,176],""size"":[146,157],""center"":[99.0,97.5],""pixels"":16381,""component_count"":5,""label_band_start_y"":133,""body_band_proxy_bbox"":[26,19,172,133],""label_band_proxy_bbox"":[41,133,156,176]}",0.890244,0.934524,"[-1.0,-4.5]",0.109756,True,"[164,115]","[146,114]",0.890244,0.991304,0.109756,True,"[152,53]","[115,43]",0.756579,0.811321,0.243421,True
base_high,base,high,2,base_detail,25,move,移動,이동,6,173,"{""bbox"":[18,18,182,186],""size"":[164,168],""center"":[100.0,102.0],""pixels"":21116,""component_count"":2,""label_band_start_y"":133,""body_band_proxy_bbox"":[18,18,182,133],""label_band_proxy_bbox"":[24,133,176,186]}","{""bbox"":[26,19,174,175],""size"":[148,156],""center"":[100.0,97.0],""pixels"":16294,""component_count"":1,""label_band_start_y"":133,""body_band_proxy_bbox"":[26,19,174,133],""label_band_proxy_bbox"":[42,133,158,175]}",0.902439,0.928571,"[0.0,-5.0]",0.097561,True,"[164,115]","[148,114]",0.902439,0.991304,0.097561,True,"[152,53]","[116,42]",0.763158,0.792453,0.236842,True
base_high,base,high,2,base_detail,26,sortie,出陣,출진,1,174,"{""bbox"":[18,18,182,186],""size"":[164,168],""center"":[100.0,102.0],""pixels"":21084,""component_count"":2,""label_band_start_y"":133,""body_band_proxy_bbox"":[18,18,182,133],""label_band_proxy_bbox"":[24,133,176,186]}","{""bbox"":[28,26,171,175],""size"":[143,149],""center"":[99.5,100.5],""pixels"":15616,""component_count"":1,""label_band_start_y"":133,""body_band_proxy_bbox"":[28,26,171,133],""label_band_proxy_bbox"":[39,133,162,175]}",0.871951,0.886905,"[-0.5,-1.5]",0.128049,True,"[164,115]","[143,107]",0.871951,0.930435,0.128049,True,"[152,53]","[123,42]",0.809211,0.792453,0.207547,True
base_high,base,high,2,base_detail,26,sortie,出陣,출진,2,175,"{""bbox"":[18,18,182,186],""size"":[164,168],""center"":[100.0,102.0],""pixels"":21084,""component_count"":2,""label_band_start_y"":133,""body_band_proxy_bbox"":[18,18,182,133],""label_band_proxy_bbox"":[24,133,176,186]}","{""bbox"":[28,26,172,177],""size"":[144,151],""center"":[100.0,101.5],""pixels"":16047,""component_count"":2,""label_band_start_y"":133,""body_band_proxy_bbox"":[28,26,172,133],""label_band_proxy_bbox"":[39,133,161,177]}",0.878049,0.89881,"[0.0,-0.5]",0.121951,True,"[164,115]","[144,107]",0.878049,0.930435,0.121951,True,"[152,53]","[122,44]",0.802632,0.830189,0.197368,True
base_high,base,high,2,base_detail,26,sortie,出陣,출진,3,176,"{""bbox"":[18,18,182,186],""size"":[164,168],""center"":[100.0,102.0],""pixels"":21084,""component_count"":2,""label_band_start_y"":133,""body_band_proxy_bbox"":[18,18,182,133],""label_band_proxy_bbox"":[24,133,176,186]}","{""bbox"":[26,26,173,177],""size"":[147,151],""center"":[99.5,101.5],""pixels"":16280,""component_count"":1,""label_band_start_y"":133,""body_band_proxy_bbox"":[26,26,173,133],""label_band_proxy_bbox"":[37,133,162,177]}",0.896341,0.89881,"[-0.5,-0.5]",0.103659,True,"[164,115]","[147,107]",0.896341,0.930435,0.103659,True,"[152,53]","[125,44]",0.822368,0.830189,0.177632,True
base_high,base,high,2,base_detail,26,sortie,出陣,출진,4,177,"{""bbox"":[18,18,182,186],""size"":[164,168],""center"":[100.0,102.0],""pixels"":21084,""component_count"":2,""label_band_start_y"":133,""body_band_proxy_bbox"":[18,18,182,133],""label_band_proxy_bbox"":[24,133,176,186]}","{""bbox"":[26,25,173,176],""size"":[147,151],""center"":[99.5,100.5],""pixels"":16112,""component_count"":1,""label_band_start_y"":133,""body_band_proxy_bbox"":[26,25,173,133],""label_band_proxy_bbox"":[37,133,162,176]}",0.896341,0.89881,"[-0.5,-1.5]",0.103659,True,"[164,115]","[147,108]",0.896341,0.93913,0.103659,True,"[152,53]","[125,43]",0.822368,0.811321,0.188679,True
base_high,base,high,2,base_detail,26,sortie,出陣,출진,5,178,"{""bbox"":[18,18,182,186],""size"":[164,168],""center"":[100.0,102.0],""pixels"":21084,""component_count"":2,""label_band_start_y"":133,""body_band_proxy_bbox"":[18,18,182,133],""label_band_proxy_bbox"":[24,133,176,186]}","{""bbox"":[28,25,173,177],""size"":[145,152],""center"":[100.5,101.0],""pixels"":16306,""component_count"":2,""label_band_start_y"":133,""body_band_proxy_bbox"":[28,25,173,133],""label_band_proxy_bbox"":[39,133,162,177]}",0.884146,0.904762,"[0.5,-1.0]",0.115854,True,"[164,115]","[145,108]",0.884146,0.93913,0.115854,True,"[152,53]","[123,44]",0.809211,0.830189,0.190789,True
base_high,base,high,2,base_detail,26,sortie,出陣,출진,6,179,"{""bbox"":[18,18,182,186],""size"":[164,168],""center"":[100.0,102.0],""pixels"":21084,""component_count"":2,""label_band_start_y"":133,""body_band_proxy_bbox"":[18,18,182,133],""label_band_proxy_bbox"":[24,133,176,186]}","{""bbox"":[27,25,173,175],""size"":[146,150],""center"":[100.0,100.0],""pixels"":15863,""component_count"":1,""label_band_start_y"":133,""body_band_proxy_bbox"":[27,25,173,133],""label_band_proxy_bbox"":[38,133,161,175]}",0.890244,0.892857,"[0.0,-2.0]",0.109756,True,"[164,115]","[146,108]",0.890244,0.93913,0.109756,True,"[152,53]","[123,42]",0.809211,0.792453,0.207547,True
base_high,base,high,2,base_detail,27,officer_info,武将情報,무장정보,1,180,"{""bbox"":[6,18,194,186],""size"":[188,168],""center"":[100.0,102.0],""pixels"":24180,""component_count"":2,""label_band_start_y"":133,""body_band_proxy_bbox"":[11,18,188,133],""label_band_proxy_bbox"":[6,133,194,186]}","{""bbox"":[12,20,186,178],""size"":[174,158],""center"":[99.0,99.0],""pixels"":19773,""component_count"":7,""label_band_start_y"":133,""body_band_proxy_bbox"":[20,20,176,133],""label_band_proxy_bbox"":[12,133,186,178]}",0.925532,0.940476,"[-1.0,-3.0]",0.074468,True,"[177,115]","[156,113]",0.881356,0.982609,0.118644,True,"[188,53]","[174,45]",0.925532,0.849057,0.150943,True
base_high,base,high,2,base_detail,27,officer_info,武将情報,무장정보,2,181,"{""bbox"":[6,18,194,186],""size"":[188,168],""center"":[100.0,102.0],""pixels"":24180,""component_count"":2,""label_band_start_y"":133,""body_band_proxy_bbox"":[11,18,188,133],""label_band_proxy_bbox"":[6,133,194,186]}","{""bbox"":[11,20,187,179],""size"":[176,159],""center"":[99.0,99.5],""pixels"":20021,""component_count"":12,""label_band_start_y"":133,""body_band_proxy_bbox"":[18,20,176,133],""label_band_proxy_bbox"":[11,133,187,179]}",0.93617,0.946429,"[-1.0,-2.5]",0.06383,True,"[177,115]","[158,113]",0.892655,0.982609,0.107345,True,"[188,53]","[176,46]",0.93617,0.867925,0.132075,True
base_high,base,high,2,base_detail,27,officer_info,武将情報,무장정보,3,182,"{""bbox"":[6,18,194,186],""size"":[188,168],""center"":[100.0,102.0],""pixels"":24180,""component_count"":2,""label_band_start_y"":133,""body_band_proxy_bbox"":[11,18,188,133],""label_band_proxy_bbox"":[6,133,194,186]}","{""bbox"":[11,20,187,179],""size"":[176,159],""center"":[99.0,99.5],""pixels"":20019,""component_count"":11,""label_band_start_y"":133,""body_band_proxy_bbox"":[18,20,176,133],""label_band_proxy_bbox"":[11,133,187,179]}",0.93617,0.946429,"[-1.0,-2.5]",0.06383,True,"[177,115]","[158,113]",0.892655,0.982609,0.107345,True,"[188,53]","[176,46]",0.93617,0.867925,0.132075,True
base_high,base,high,2,base_detail,27,officer_info,武将情報,무장정보,4,183,"{""bbox"":[6,18,194,186],""size"":[188,168],""center"":[100.0,102.0],""pixels"":24180,""component_count"":2,""label_band_start_y"":133,""body_band_proxy_bbox"":[11,18,188,133],""label_band_proxy_bbox"":[6,133,194,186]}","{""bbox"":[12,20,185,177],""size"":[173,157],""center"":[98.5,98.5],""pixels"":19587,""component_count"":4,""label_band_start_y"":133,""body_band_proxy_bbox"":[20,20,174,133],""label_band_proxy_bbox"":[12,133,185,177]}",0.920213,0.934524,"[-1.5,-3.5]",0.079787,True,"[177,115]","[154,113]",0.870056,0.982609,0.129944,True,"[188,53]","[173,44]",0.920213,0.830189,0.169811,True
base_high,base,high,2,base_detail,27,officer_info,武将情報,무장정보,5,184,"{""bbox"":[6,18,194,186],""size"":[188,168],""center"":[100.0,102.0],""pixels"":24180,""component_count"":2,""label_band_start_y"":133,""body_band_proxy_bbox"":[11,18,188,133],""label_band_proxy_bbox"":[6,133,194,186]}","{""bbox"":[10,20,186,179],""size"":[176,159],""center"":[98.0,99.5],""pixels"":19985,""component_count"":9,""label_band_start_y"":133,""body_band_proxy_bbox"":[18,20,176,133],""label_band_proxy_bbox"":[10,133,186,179]}",0.93617,0.946429,"[-2.0,-2.5]",0.06383,True,"[177,115]","[158,113]",0.892655,0.982609,0.107345,True,"[188,53]","[176,46]",0.93617,0.867925,0.132075,True
base_high,base,high,2,base_detail,27,officer_info,武将情報,무장정보,6,185,"{""bbox"":[6,18,194,186],""size"":[188,168],""center"":[100.0,102.0],""pixels"":24180,""component_count"":2,""label_band_start_y"":133,""body_band_proxy_bbox"":[11,18,188,133],""label_band_proxy_bbox"":[6,133,194,186]}","{""bbox"":[12,20,185,177],""size"":[173,157],""center"":[98.5,98.5],""pixels"":19629,""component_count"":7,""label_band_start_y"":133,""body_band_proxy_bbox"":[19,20,174,133],""label_band_proxy_bbox"":[12,133,185,177]}",0.920213,0.934524,"[-1.5,-3.5]",0.079787,True,"[177,115]","[155,113]",0.875706,0.982609,0.124294,True,"[188,53]","[173,44]",0.920213,0.830189,0.169811,True
base_high,base,high,2,base_detail,28,summon,呼寄,호출,1,186,"{""bbox"":[18,18,182,186],""size"":[164,168],""center"":[100.0,102.0],""pixels"":20980,""component_count"":2,""label_band_start_y"":133,""body_band_proxy_bbox"":[18,18,182,133],""label_band_proxy_bbox"":[24,133,176,186]}","{""bbox"":[43,42,158,163],""size"":[115,121],""center"":[100.5,102.5],""pixels"":9931,""component_count"":11,""label_band_start_y"":133,""body_band_proxy_bbox"":[43,42,158,133],""label_band_proxy_bbox"":[58,133,144,163]}",0.70122,0.720238,"[0.5,0.5]",0.29878,True,"[164,115]","[115,91]",0.70122,0.791304,0.29878,True,"[152,53]","[86,30]",0.565789,0.566038,0.434211,True
base_high,base,high,2,base_detail,28,summon,呼寄,호출,2,187,"{""bbox"":[18,18,182,186],""size"":[164,168],""center"":[100.0,102.0],""pixels"":20980,""component_count"":2,""label_band_start_y"":133,""body_band_proxy_bbox"":[18,18,182,133],""label_band_proxy_bbox"":[24,133,176,186]}","{""bbox"":[45,42,158,164],""size"":[113,122],""center"":[101.5,103.0],""pixels"":9881,""component_count"":15,""label_band_start_y"":133,""body_band_proxy_bbox"":[45,42,158,133],""label_band_proxy_bbox"":[58,133,144,164]}",0.689024,0.72619,"[1.5,1.0]",0.310976,True,"[164,115]","[113,91]",0.689024,0.791304,0.310976,True,"[152,53]","[86,31]",0.565789,0.584906,0.434211,True
base_high,base,high,2,base_detail,28,summon,呼寄,호출,3,188,"{""bbox"":[17,18,182,186],""size"":[165,168],""center"":[99.5,102.0],""pixels"":21141,""component_count"":2,""label_band_start_y"":133,""body_band_proxy_bbox"":[17,18,182,133],""label_band_proxy_bbox"":[23,133,177,186]}","{""bbox"":[44,42,158,164],""size"":[114,122],""center"":[101.0,103.0],""pixels"":9815,""component_count"":18,""label_band_start_y"":133,""body_band_proxy_bbox"":[44,42,158,133],""label_band_proxy_bbox"":[57,133,145,164]}",0.690909,0.72619,"[1.5,1.0]",0.309091,True,"[165,115]","[114,91]",0.690909,0.791304,0.309091,True,"[154,53]","[88,31]",0.571429,0.584906,0.428571,True
base_high,base,high,2,base_detail,28,summon,呼寄,호출,4,189,"{""bbox"":[18,18,182,186],""size"":[164,168],""center"":[100.0,102.0],""pixels"":20980,""component_count"":2,""label_band_start_y"":133,""body_band_proxy_bbox"":[18,18,182,133],""label_band_proxy_bbox"":[24,133,176,186]}","{""bbox"":[38,40,158,166],""size"":[120,126],""center"":[98.0,103.0],""pixels"":10711,""component_count"":12,""label_band_start_y"":133,""body_band_proxy_bbox"":[38,40,158,133],""label_band_proxy_bbox"":[51,133,145,166]}",0.731707,0.75,"[-2.0,1.0]",0.268293,True,"[164,115]","[120,93]",0.731707,0.808696,0.268293,True,"[152,53]","[94,33]",0.618421,0.622642,0.381579,True
base_high,base,high,2,base_detail,28,summon,呼寄,호출,5,190,"{""bbox"":[18,18,182,186],""size"":[164,168],""center"":[100.0,102.0],""pixels"":20980,""component_count"":2,""label_band_start_y"":133,""body_band_proxy_bbox"":[18,18,182,133],""label_band_proxy_bbox"":[24,133,176,186]}","{""bbox"":[37,39,157,168],""size"":[120,129],""center"":[97.0,103.5],""pixels"":10919,""component_count"":16,""label_band_start_y"":133,""body_band_proxy_bbox"":[37,39,157,133],""label_band_proxy_bbox"":[50,133,145,168]}",0.731707,0.767857,"[-3.0,1.5]",0.268293,True,"[164,115]","[120,94]",0.731707,0.817391,0.268293,True,"[152,53]","[95,35]",0.625,0.660377,0.375,True
base_high,base,high,2,base_detail,28,summon,呼寄,호출,6,191,"{""bbox"":[18,18,182,186],""size"":[164,168],""center"":[100.0,102.0],""pixels"":20980,""component_count"":2,""label_band_start_y"":133,""body_band_proxy_bbox"":[18,18,182,133],""label_band_proxy_bbox"":[24,133,176,186]}","{""bbox"":[43,38,166,166],""size"":[123,128],""center"":[104.5,102.0],""pixels"":10834,""component_count"":18,""label_band_start_y"":133,""body_band_proxy_bbox"":[43,38,166,133],""label_band_proxy_bbox"":[57,133,153,166]}",0.75,0.761905,"[4.5,0.0]",0.25,True,"[164,115]","[123,95]",0.75,0.826087,0.25,True,"[152,53]","[96,33]",0.631579,0.622642,0.377358,True
base_high,base,high,2,base_detail,29,castle_town_facility,城下施設,성하시설,1,192,"{""bbox"":[8,18,194,186],""size"":[186,168],""center"":[101.0,102.0],""pixels"":24018,""component_count"":2,""label_band_start_y"":133,""body_band_proxy_bbox"":[13,18,188,133],""label_band_proxy_bbox"":[8,133,194,186]}","{""bbox"":[23,19,172,177],""size"":[149,158],""center"":[97.5,98.0],""pixels"":18653,""component_count"":4,""label_band_start_y"":133,""body_band_proxy_bbox"":[24,19,172,133],""label_band_proxy_bbox"":[23,133,171,177]}",0.801075,0.940476,"[-3.5,-4.0]",0.198925,True,"[175,115]","[148,114]",0.845714,0.991304,0.154286,True,"[186,53]","[148,44]",0.795699,0.830189,0.204301,True
base_high,base,high,2,base_detail,29,castle_town_facility,城下施設,성하시설,2,193,"{""bbox"":[8,18,194,186],""size"":[186,168],""center"":[101.0,102.0],""pixels"":24018,""component_count"":2,""label_band_start_y"":133,""body_band_proxy_bbox"":[13,18,188,133],""label_band_proxy_bbox"":[8,133,194,186]}","{""bbox"":[22,19,173,178],""size"":[151,159],""center"":[97.5,98.5],""pixels"":18943,""component_count"":4,""label_band_start_y"":133,""body_band_proxy_bbox"":[24,19,173,133],""label_band_proxy_bbox"":[22,133,173,178]}",0.811828,0.946429,"[-3.5,-3.5]",0.188172,True,"[175,115]","[149,114]",0.851429,0.991304,0.148571,True,"[186,53]","[151,45]",0.811828,0.849057,0.188172,True
base_high,base,high,2,base_detail,29,castle_town_facility,城下施設,성하시설,3,194,"{""bbox"":[8,18,194,186],""size"":[186,168],""center"":[101.0,102.0],""pixels"":24018,""component_count"":2,""label_band_start_y"":133,""body_band_proxy_bbox"":[13,18,188,133],""label_band_proxy_bbox"":[8,133,194,186]}","{""bbox"":[22,19,173,177],""size"":[151,158],""center"":[97.5,98.0],""pixels"":18817,""component_count"":9,""label_band_start_y"":133,""body_band_proxy_bbox"":[25,19,173,133],""label_band_proxy_bbox"":[22,133,172,177]}",0.811828,0.940476,"[-3.5,-4.0]",0.188172,True,"[175,115]","[148,114]",0.845714,0.991304,0.154286,True,"[186,53]","[150,44]",0.806452,0.830189,0.193548,True
base_high,base,high,2,base_detail,29,castle_town_facility,城下施設,성하시설,4,195,"{""bbox"":[8,18,194,186],""size"":[186,168],""center"":[101.0,102.0],""pixels"":24018,""component_count"":2,""label_band_start_y"":133,""body_band_proxy_bbox"":[13,18,188,133],""label_band_proxy_bbox"":[8,133,194,186]}","{""bbox"":[24,19,172,176],""size"":[148,157],""center"":[98.0,97.5],""pixels"":18385,""component_count"":5,""label_band_start_y"":133,""body_band_proxy_bbox"":[25,19,172,133],""label_band_proxy_bbox"":[24,133,170,176]}",0.795699,0.934524,"[-3.0,-4.5]",0.204301,True,"[175,115]","[147,114]",0.84,0.991304,0.16,True,"[186,53]","[146,43]",0.784946,0.811321,0.215054,True
base_high,base,high,2,base_detail,29,castle_town_facility,城下施設,성하시설,5,196,"{""bbox"":[8,18,194,186],""size"":[186,168],""center"":[101.0,102.0],""pixels"":24018,""component_count"":2,""label_band_start_y"":133,""body_band_proxy_bbox"":[13,18,188,133],""label_band_proxy_bbox"":[8,133,194,186]}","{""bbox"":[22,19,173,178],""size"":[151,159],""center"":[97.5,98.5],""pixels"":19083,""component_count"":3,""label_band_start_y"":133,""body_band_proxy_bbox"":[23,19,173,133],""label_band_proxy_bbox"":[22,133,173,178]}",0.811828,0.946429,"[-3.5,-3.5]",0.188172,True,"[175,115]","[150,114]",0.857143,0.991304,0.142857,True,"[186,53]","[151,45]",0.811828,0.849057,0.188172,True
base_high,base,high,2,base_detail,29,castle_town_facility,城下施設,성하시설,6,197,"{""bbox"":[8,18,194,186],""size"":[186,168],""center"":[101.0,102.0],""pixels"":24018,""component_count"":2,""label_band_start_y"":133,""body_band_proxy_bbox"":[13,18,188,133],""label_band_proxy_bbox"":[8,133,194,186]}","{""bbox"":[23,19,171,176],""size"":[148,157],""center"":[97.0,97.5],""pixels"":18451,""component_count"":5,""label_band_start_y"":133,""body_band_proxy_bbox"":[23,19,171,133],""label_band_proxy_bbox"":[23,133,169,176]}",0.795699,0.934524,"[-4.0,-4.5]",0.204301,True,"[175,115]","[148,114]",0.845714,0.991304,0.154286,True,"[186,53]","[146,43]",0.784946,0.811321,0.215054,True
base_high,base,high,2,base_detail,30,main_base,本拠,본거지,1,198,"{""bbox"":[18,18,182,186],""size"":[164,168],""center"":[100.0,102.0],""pixels"":21206,""component_count"":2,""label_band_start_y"":133,""body_band_proxy_bbox"":[18,18,182,133],""label_band_proxy_bbox"":[24,133,176,186]}","{""bbox"":[28,19,172,174],""size"":[144,155],""center"":[100.0,96.5],""pixels"":16421,""component_count"":1,""label_band_start_y"":133,""body_band_proxy_bbox"":[28,19,172,133],""label_band_proxy_bbox"":[42,133,158,174]}",0.878049,0.922619,"[0.0,-5.5]",0.121951,True,"[164,115]","[144,114]",0.878049,0.991304,0.121951,True,"[152,53]","[116,41]",0.763158,0.773585,0.236842,True
base_high,base,high,2,base_detail,30,main_base,本拠,본거지,2,199,"{""bbox"":[18,18,182,186],""size"":[164,168],""center"":[100.0,102.0],""pixels"":21206,""component_count"":2,""label_band_start_y"":133,""body_band_proxy_bbox"":[18,18,182,133],""label_band_proxy_bbox"":[24,133,176,186]}","{""bbox"":[28,19,171,176],""size"":[143,157],""center"":[99.5,97.5],""pixels"":16507,""component_count"":3,""label_band_start_y"":133,""body_band_proxy_bbox"":[28,19,171,133],""label_band_proxy_bbox"":[41,133,158,176]}",0.871951,0.934524,"[-0.5,-4.5]",0.128049,True,"[164,115]","[143,114]",0.871951,0.991304,0.128049,True,"[152,53]","[117,43]",0.769737,0.811321,0.230263,True
base_high,base,high,2,base_detail,30,main_base,本拠,본거지,3,200,"{""bbox"":[18,18,182,186],""size"":[164,168],""center"":[100.0,102.0],""pixels"":21206,""component_count"":2,""label_band_start_y"":133,""body_band_proxy_bbox"":[18,18,182,133],""label_band_proxy_bbox"":[24,133,176,186]}","{""bbox"":[28,19,171,176],""size"":[143,157],""center"":[99.5,97.5],""pixels"":16527,""component_count"":3,""label_band_start_y"":133,""body_band_proxy_bbox"":[28,19,171,133],""label_band_proxy_bbox"":[41,133,158,176]}",0.871951,0.934524,"[-0.5,-4.5]",0.128049,True,"[164,115]","[143,114]",0.871951,0.991304,0.128049,True,"[152,53]","[117,43]",0.769737,0.811321,0.230263,True
base_high,base,high,2,base_detail,30,main_base,本拠,본거지,4,201,"{""bbox"":[18,18,182,186],""size"":[164,168],""center"":[100.0,102.0],""pixels"":21206,""component_count"":2,""label_band_start_y"":133,""body_band_proxy_bbox"":[18,18,182,133],""label_band_proxy_bbox"":[24,133,176,186]}","{""bbox"":[30,20,171,174],""size"":[141,154],""center"":[100.5,97.0],""pixels"":15947,""component_count"":1,""label_band_start_y"":133,""body_band_proxy_bbox"":[30,20,171,133],""label_band_proxy_bbox"":[43,133,158,174]}",0.859756,0.916667,"[0.5,-5.0]",0.140244,True,"[164,115]","[141,113]",0.859756,0.982609,0.140244,True,"[152,53]","[115,41]",0.756579,0.773585,0.243421,True
base_high,base,high,2,base_detail,30,main_base,本拠,본거지,5,202,"{""bbox"":[18,18,182,186],""size"":[164,168],""center"":[100.0,102.0],""pixels"":21206,""component_count"":2,""label_band_start_y"":133,""body_band_proxy_bbox"":[18,18,182,133],""label_band_proxy_bbox"":[24,133,176,186]}","{""bbox"":[28,19,171,176],""size"":[143,157],""center"":[99.5,97.5],""pixels"":16539,""component_count"":3,""label_band_start_y"":133,""body_band_proxy_bbox"":[28,19,171,133],""label_band_proxy_bbox"":[42,133,158,176]}",0.871951,0.934524,"[-0.5,-4.5]",0.128049,True,"[164,115]","[143,114]",0.871951,0.991304,0.128049,True,"[152,53]","[116,43]",0.763158,0.811321,0.236842,True
base_high,base,high,2,base_detail,30,main_base,本拠,본거지,6,203,"{""bbox"":[18,18,182,186],""size"":[164,168],""center"":[100.0,102.0],""pixels"":21206,""component_count"":2,""label_band_start_y"":133,""body_band_proxy_bbox"":[18,18,182,133],""label_band_proxy_bbox"":[24,133,176,186]}","{""bbox"":[29,20,171,174],""size"":[142,154],""center"":[100.0,97.0],""pixels"":15958,""component_count"":1,""label_band_start_y"":133,""body_band_proxy_bbox"":[29,20,171,133],""label_band_proxy_bbox"":[42,133,158,174]}",0.865854,0.916667,"[0.0,-5.0]",0.134146,True,"[164,115]","[142,113]",0.865854,0.982609,0.134146,True,"[152,53]","[116,41]",0.763158,0.773585,0.236842,True
base_high,base,high,2,base_detail,31,bulk_fief,一括知行,일괄지행,1,204,"{""bbox"":[5,18,195,186],""size"":[190,168],""center"":[100.0,102.0],""pixels"":23422,""component_count"":2,""label_band_start_y"":133,""body_band_proxy_bbox"":[18,18,192,133],""label_band_proxy_bbox"":[5,133,195,186]}","{""bbox"":[21,20,181,176],""size"":[160,156],""center"":[101.0,98.0],""pixels"":19174,""component_count"":3,""label_band_start_y"":133,""body_band_proxy_bbox"":[26,20,179,133],""label_band_proxy_bbox"":[21,133,181,176]}",0.842105,0.928571,"[1.0,-4.0]",0.157895,True,"[174,115]","[153,113]",0.87931,0.982609,0.12069,True,"[190,53]","[160,43]",0.842105,0.811321,0.188679,True
base_high,base,high,2,base_detail,31,bulk_fief,一括知行,일괄지행,2,205,"{""bbox"":[5,18,195,186],""size"":[190,168],""center"":[100.0,102.0],""pixels"":23422,""component_count"":2,""label_band_start_y"":133,""body_band_proxy_bbox"":[18,18,192,133],""label_band_proxy_bbox"":[5,133,195,186]}","{""bbox"":[20,19,184,178],""size"":[164,159],""center"":[102.0,98.5],""pixels"":19713,""component_count"":4,""label_band_start_y"":133,""body_band_proxy_bbox"":[26,19,183,133],""label_band_proxy_bbox"":[20,133,184,178]}",0.863158,0.946429,"[2.0,-3.5]",0.136842,True,"[174,115]","[157,114]",0.902299,0.991304,0.097701,True,"[190,53]","[164,45]",0.863158,0.849057,0.150943,True
base_high,base,high,2,base_detail,31,bulk_fief,一括知行,일괄지행,3,206,"{""bbox"":[5,18,195,186],""size"":[190,168],""center"":[100.0,102.0],""pixels"":23422,""component_count"":2,""label_band_start_y"":133,""body_band_proxy_bbox"":[18,18,192,133],""label_band_proxy_bbox"":[5,133,195,186]}","{""bbox"":[22,19,184,177],""size"":[162,158],""center"":[103.0,98.0],""pixels"":19430,""component_count"":5,""label_band_start_y"":133,""body_band_proxy_bbox"":[26,19,184,133],""label_band_proxy_bbox"":[22,133,184,177]}",0.852632,0.940476,"[3.0,-4.0]",0.147368,True,"[174,115]","[158,114]",0.908046,0.991304,0.091954,True,"[190,53]","[162,44]",0.852632,0.830189,0.169811,True
base_high,base,high,2,base_detail,31,bulk_fief,一括知行,일괄지행,4,207,"{""bbox"":[5,18,195,186],""size"":[190,168],""center"":[100.0,102.0],""pixels"":23422,""component_count"":2,""label_band_start_y"":133,""body_band_proxy_bbox"":[18,18,192,133],""label_band_proxy_bbox"":[5,133,195,186]}","{""bbox"":[21,20,181,177],""size"":[160,157],""center"":[101.0,98.5],""pixels"":19168,""component_count"":4,""label_band_start_y"":133,""body_band_proxy_bbox"":[27,20,178,133],""label_band_proxy_bbox"":[21,133,181,177]}",0.842105,0.934524,"[1.0,-3.5]",0.157895,True,"[174,115]","[151,113]",0.867816,0.982609,0.132184,True,"[190,53]","[160,44]",0.842105,0.830189,0.169811,True
base_high,base,high,2,base_detail,31,bulk_fief,一括知行,일괄지행,5,208,"{""bbox"":[5,18,195,186],""size"":[190,168],""center"":[100.0,102.0],""pixels"":23422,""component_count"":2,""label_band_start_y"":133,""body_band_proxy_bbox"":[18,18,192,133],""label_band_proxy_bbox"":[5,133,195,186]}","{""bbox"":[20,19,184,178],""size"":[164,159],""center"":[102.0,98.5],""pixels"":19789,""component_count"":3,""label_band_start_y"":133,""body_band_proxy_bbox"":[26,19,183,133],""label_band_proxy_bbox"":[20,133,184,178]}",0.863158,0.946429,"[2.0,-3.5]",0.136842,True,"[174,115]","[157,114]",0.902299,0.991304,0.097701,True,"[190,53]","[164,45]",0.863158,0.849057,0.150943,True
base_high,base,high,2,base_detail,31,bulk_fief,一括知行,일괄지행,6,209,"{""bbox"":[5,18,195,186],""size"":[190,168],""center"":[100.0,102.0],""pixels"":23422,""component_count"":2,""label_band_start_y"":133,""body_band_proxy_bbox"":[18,18,192,133],""label_band_proxy_bbox"":[5,133,195,186]}","{""bbox"":[23,20,183,177],""size"":[160,157],""center"":[103.0,98.5],""pixels"":19186,""component_count"":6,""label_band_start_y"":133,""body_band_proxy_bbox"":[28,20,180,133],""label_band_proxy_bbox"":[23,133,183,177]}",0.842105,0.934524,"[3.0,-3.5]",0.157895,True,"[174,115]","[152,113]",0.873563,0.982609,0.126437,True,"[190,53]","[160,44]",0.842105,0.830189,0.169811,True
base_high,base,high,2,base_detail,32,faction_info,勢力情報,세력정보,1,210,"{""bbox"":[7,18,193,186],""size"":[186,168],""center"":[100.0,102.0],""pixels"":24167,""component_count"":2,""label_band_start_y"":133,""body_band_proxy_bbox"":[8,18,187,133],""label_band_proxy_bbox"":[7,133,193,186]}","{""bbox"":[17,19,182,176],""size"":[165,157],""center"":[99.5,97.5],""pixels"":19071,""component_count"":4,""label_band_start_y"":133,""body_band_proxy_bbox"":[27,19,176,133],""label_band_proxy_bbox"":[17,133,182,176]}",0.887097,0.934524,"[-0.5,-4.5]",0.112903,True,"[179,115]","[149,114]",0.832402,0.991304,0.167598,True,"[186,53]","[165,43]",0.887097,0.811321,0.188679,True
base_high,base,high,2,base_detail,32,faction_info,勢力情報,세력정보,2,211,"{""bbox"":[7,18,193,186],""size"":[186,168],""center"":[100.0,102.0],""pixels"":24167,""component_count"":2,""label_band_start_y"":133,""body_band_proxy_bbox"":[8,18,187,133],""label_band_proxy_bbox"":[7,133,193,186]}","{""bbox"":[16,19,185,178],""size"":[169,159],""center"":[100.5,98.5],""pixels"":19453,""component_count"":4,""label_band_start_y"":133,""body_band_proxy_bbox"":[26,19,176,133],""label_band_proxy_bbox"":[16,133,185,178]}",0.908602,0.946429,"[0.5,-3.5]",0.091398,True,"[179,115]","[150,114]",0.837989,0.991304,0.162011,True,"[186,53]","[169,45]",0.908602,0.849057,0.150943,True
base_high,base,high,2,base_detail,32,faction_info,勢力情報,세력정보,3,212,"{""bbox"":[7,18,193,186],""size"":[186,168],""center"":[100.0,102.0],""pixels"":24167,""component_count"":2,""label_band_start_y"":133,""body_band_proxy_bbox"":[8,18,187,133],""label_band_proxy_bbox"":[7,133,193,186]}","{""bbox"":[18,19,184,177],""size"":[166,158],""center"":[101.0,98.0],""pixels"":19025,""component_count"":6,""label_band_start_y"":133,""body_band_proxy_bbox"":[27,19,175,133],""label_band_proxy_bbox"":[18,133,184,177]}",0.892473,0.940476,"[1.0,-4.0]",0.107527,True,"[179,115]","[148,114]",0.826816,0.991304,0.173184,True,"[186,53]","[166,44]",0.892473,0.830189,0.169811,True
base_high,base,high,2,base_detail,32,faction_info,勢力情報,세력정보,4,213,"{""bbox"":[7,18,193,186],""size"":[186,168],""center"":[100.0,102.0],""pixels"":24167,""component_count"":2,""label_band_start_y"":133,""body_band_proxy_bbox"":[8,18,187,133],""label_band_proxy_bbox"":[7,133,193,186]}","{""bbox"":[18,19,182,176],""size"":[164,157],""center"":[100.0,97.5],""pixels"":18979,""component_count"":8,""label_band_start_y"":133,""body_band_proxy_bbox"":[26,19,175,133],""label_band_proxy_bbox"":[18,133,182,176]}",0.88172,0.934524,"[0.0,-4.5]",0.11828,True,"[179,115]","[149,114]",0.832402,0.991304,0.167598,True,"[186,53]","[164,43]",0.88172,0.811321,0.188679,True
base_high,base,high,2,base_detail,32,faction_info,勢力情報,세력정보,5,214,"{""bbox"":[7,18,193,186],""size"":[186,168],""center"":[100.0,102.0],""pixels"":24167,""component_count"":2,""label_band_start_y"":133,""body_band_proxy_bbox"":[8,18,187,133],""label_band_proxy_bbox"":[7,133,193,186]}","{""bbox"":[16,19,184,178],""size"":[168,159],""center"":[100.0,98.5],""pixels"":19454,""component_count"":3,""label_band_start_y"":133,""body_band_proxy_bbox"":[26,19,175,133],""label_band_proxy_bbox"":[16,133,184,178]}",0.903226,0.946429,"[0.0,-3.5]",0.096774,True,"[179,115]","[149,114]",0.832402,0.991304,0.167598,True,"[186,53]","[168,45]",0.903226,0.849057,0.150943,True
base_high,base,high,2,base_detail,32,faction_info,勢力情報,세력정보,6,215,"{""bbox"":[7,18,193,186],""size"":[186,168],""center"":[100.0,102.0],""pixels"":24167,""component_count"":2,""label_band_start_y"":133,""body_band_proxy_bbox"":[8,18,187,133],""label_band_proxy_bbox"":[7,133,193,186]}","{""bbox"":[18,20,181,176],""size"":[163,156],""center"":[99.5,98.0],""pixels"":18664,""component_count"":9,""label_band_start_y"":133,""body_band_proxy_bbox"":[27,20,174,133],""label_band_proxy_bbox"":[18,133,181,176]}",0.876344,0.928571,"[-0.5,-4.0]",0.123656,True,"[179,115]","[147,113]",0.821229,0.982609,0.178771,True,"[186,53]","[163,43]",0.876344,0.811321,0.188679,True
base_high,base,high,2,base_detail,33,information,情報,정보,1,216,"{""bbox"":[18,18,182,186],""size"":[164,168],""center"":[100.0,102.0],""pixels"":21706,""component_count"":2,""label_band_start_y"":133,""body_band_proxy_bbox"":[18,18,182,133],""label_band_proxy_bbox"":[24,133,181,186]}","{""bbox"":[26,19,175,176],""size"":[149,157],""center"":[100.5,97.5],""pixels"":17317,""component_count"":2,""label_band_start_y"":133,""body_band_proxy_bbox"":[26,19,175,133],""label_band_proxy_bbox"":[38,133,173,176]}",0.908537,0.934524,"[0.5,-4.5]",0.091463,True,"[164,115]","[149,114]",0.908537,0.991304,0.091463,True,"[157,53]","[135,43]",0.859873,0.811321,0.188679,True
base_high,base,high,2,base_detail,33,information,情報,정보,2,217,"{""bbox"":[18,18,182,186],""size"":[164,168],""center"":[100.0,102.0],""pixels"":21706,""component_count"":2,""label_band_start_y"":133,""body_band_proxy_bbox"":[18,18,182,133],""label_band_proxy_bbox"":[24,133,181,186]}","{""bbox"":[26,19,175,178],""size"":[149,159],""center"":[100.5,98.5],""pixels"":17693,""component_count"":3,""label_band_start_y"":133,""body_band_proxy_bbox"":[26,19,174,133],""label_band_proxy_bbox"":[38,133,175,178]}",0.908537,0.946429,"[0.5,-3.5]",0.091463,True,"[164,115]","[148,114]",0.902439,0.991304,0.097561,True,"[157,53]","[137,45]",0.872611,0.849057,0.150943,True
base_high,base,high,2,base_detail,33,information,情報,정보,3,218,"{""bbox"":[18,18,182,186],""size"":[164,168],""center"":[100.0,102.0],""pixels"":21706,""component_count"":2,""label_band_start_y"":133,""body_band_proxy_bbox"":[18,18,182,133],""label_band_proxy_bbox"":[24,133,181,186]}","{""bbox"":[26,19,174,177],""size"":[148,158],""center"":[100.0,98.0],""pixels"":17546,""component_count"":3,""label_band_start_y"":133,""body_band_proxy_bbox"":[26,19,174,133],""label_band_proxy_bbox"":[38,133,174,177]}",0.902439,0.940476,"[0.0,-4.0]",0.097561,True,"[164,115]","[148,114]",0.902439,0.991304,0.097561,True,"[157,53]","[136,44]",0.866242,0.830189,0.169811,True
base_high,base,high,2,base_detail,33,information,情報,정보,4,219,"{""bbox"":[18,18,182,186],""size"":[164,168],""center"":[100.0,102.0],""pixels"":21706,""component_count"":2,""label_band_start_y"":133,""body_band_proxy_bbox"":[18,18,182,133],""label_band_proxy_bbox"":[24,133,181,186]}","{""bbox"":[26,20,173,176],""size"":[147,156],""center"":[99.5,98.0],""pixels"":17069,""component_count"":3,""label_band_start_y"":133,""body_band_proxy_bbox"":[26,20,173,133],""label_band_proxy_bbox"":[37,133,170,176]}",0.896341,0.928571,"[-0.5,-4.0]",0.103659,True,"[164,115]","[147,113]",0.896341,0.982609,0.103659,True,"[157,53]","[133,43]",0.847134,0.811321,0.188679,True
base_high,base,high,2,base_detail,33,information,情報,정보,5,220,"{""bbox"":[18,18,182,186],""size"":[164,168],""center"":[100.0,102.0],""pixels"":21706,""component_count"":2,""label_band_start_y"":133,""body_band_proxy_bbox"":[18,18,182,133],""label_band_proxy_bbox"":[24,133,181,186]}","{""bbox"":[26,19,174,177],""size"":[148,158],""center"":[100.0,98.0],""pixels"":17414,""component_count"":6,""label_band_start_y"":133,""body_band_proxy_bbox"":[26,19,173,133],""label_band_proxy_bbox"":[39,133,174,177]}",0.902439,0.940476,"[0.0,-4.0]",0.097561,True,"[164,115]","[147,114]",0.896341,0.991304,0.103659,True,"[157,53]","[135,44]",0.859873,0.830189,0.169811,True
base_high,base,high,2,base_detail,33,information,情報,정보,6,221,"{""bbox"":[18,18,182,186],""size"":[164,168],""center"":[100.0,102.0],""pixels"":21706,""component_count"":2,""label_band_start_y"":133,""body_band_proxy_bbox"":[18,18,182,133],""label_band_proxy_bbox"":[24,133,181,186]}","{""bbox"":[26,20,172,175],""size"":[146,155],""center"":[99.0,97.5],""pixels"":16734,""component_count"":2,""label_band_start_y"":133,""body_band_proxy_bbox"":[26,20,172,133],""label_band_proxy_bbox"":[38,133,170,175]}",0.890244,0.922619,"[-1.0,-4.5]",0.109756,True,"[164,115]","[146,113]",0.890244,0.982609,0.109756,True,"[157,53]","[132,42]",0.840764,0.792453,0.207547,True
base_high,base,high,2,base_detail,34,appointment,任命,임명,1,222,"{""bbox"":[18,18,182,186],""size"":[164,168],""center"":[100.0,102.0],""pixels"":21467,""component_count"":2,""label_band_start_y"":133,""body_band_proxy_bbox"":[18,18,182,133],""label_band_proxy_bbox"":[24,133,176,186]}","{""bbox"":[26,19,175,176],""size"":[149,157],""center"":[100.5,97.5],""pixels"":17301,""component_count"":1,""label_band_start_y"":133,""body_band_proxy_bbox"":[26,19,175,133],""label_band_proxy_bbox"":[39,133,169,176]}",0.908537,0.934524,"[0.5,-4.5]",0.091463,True,"[164,115]","[149,114]",0.908537,0.991304,0.091463,True,"[152,53]","[130,43]",0.855263,0.811321,0.188679,True
base_high,base,high,2,base_detail,34,appointment,任命,임명,2,223,"{""bbox"":[18,18,182,186],""size"":[164,168],""center"":[100.0,102.0],""pixels"":21467,""component_count"":2,""label_band_start_y"":133,""body_band_proxy_bbox"":[18,18,182,133],""label_band_proxy_bbox"":[24,133,176,186]}","{""bbox"":[26,19,174,177],""size"":[148,158],""center"":[100.0,98.0],""pixels"":17364,""component_count"":1,""label_band_start_y"":133,""body_band_proxy_bbox"":[26,19,174,133],""label_band_proxy_bbox"":[39,133,170,177]}",0.902439,0.940476,"[0.0,-4.0]",0.097561,True,"[164,115]","[148,114]",0.902439,0.991304,0.097561,True,"[152,53]","[131,44]",0.861842,0.830189,0.169811,True
base_high,base,high,2,base_detail,34,appointment,任命,임명,3,224,"{""bbox"":[18,18,182,186],""size"":[164,168],""center"":[100.0,102.0],""pixels"":21467,""component_count"":2,""label_band_start_y"":133,""body_band_proxy_bbox"":[18,18,182,133],""label_band_proxy_bbox"":[24,133,176,186]}","{""bbox"":[25,20,174,177],""size"":[149,157],""center"":[99.5,98.5],""pixels"":17317,""component_count"":2,""label_band_start_y"":133,""body_band_proxy_bbox"":[25,20,174,133],""label_band_proxy_bbox"":[38,133,169,177]}",0.908537,0.934524,"[-0.5,-3.5]",0.091463,True,"[164,115]","[149,113]",0.908537,0.982609,0.091463,True,"[152,53]","[131,44]",0.861842,0.830189,0.169811,True
base_high,base,high,2,base_detail,34,appointment,任命,임명,4,225,"{""bbox"":[18,18,182,186],""size"":[164,168],""center"":[100.0,102.0],""pixels"":21467,""component_count"":2,""label_band_start_y"":133,""body_band_proxy_bbox"":[18,18,182,133],""label_band_proxy_bbox"":[24,133,176,186]}","{""bbox"":[26,19,175,176],""size"":[149,157],""center"":[100.5,97.5],""pixels"":17240,""component_count"":3,""label_band_start_y"":133,""body_band_proxy_bbox"":[26,19,175,133],""label_band_proxy_bbox"":[39,133,169,176]}",0.908537,0.934524,"[0.5,-4.5]",0.091463,True,"[164,115]","[149,114]",0.908537,0.991304,0.091463,True,"[152,53]","[130,43]",0.855263,0.811321,0.188679,True
base_high,base,high,2,base_detail,34,appointment,任命,임명,5,226,"{""bbox"":[18,18,182,186],""size"":[164,168],""center"":[100.0,102.0],""pixels"":21467,""component_count"":2,""label_band_start_y"":133,""body_band_proxy_bbox"":[18,18,182,133],""label_band_proxy_bbox"":[24,133,176,186]}","{""bbox"":[26,19,175,178],""size"":[149,159],""center"":[100.5,98.5],""pixels"":17547,""component_count"":6,""label_band_start_y"":133,""body_band_proxy_bbox"":[26,19,175,133],""label_band_proxy_bbox"":[39,133,171,178]}",0.908537,0.946429,"[0.5,-3.5]",0.091463,True,"[164,115]","[149,114]",0.908537,0.991304,0.091463,True,"[152,53]","[132,45]",0.868421,0.849057,0.150943,True
base_high,base,high,2,base_detail,34,appointment,任命,임명,6,227,"{""bbox"":[18,18,182,186],""size"":[164,168],""center"":[100.0,102.0],""pixels"":21467,""component_count"":2,""label_band_start_y"":133,""body_band_proxy_bbox"":[18,18,182,133],""label_band_proxy_bbox"":[24,133,176,186]}","{""bbox"":[26,19,174,175],""size"":[148,156],""center"":[100.0,97.0],""pixels"":17079,""component_count"":2,""label_band_start_y"":133,""body_band_proxy_bbox"":[26,19,174,133],""label_band_proxy_bbox"":[40,133,168,175]}",0.902439,0.928571,"[0.0,-5.0]",0.097561,True,"[164,115]","[148,114]",0.902439,0.991304,0.097561,True,"[152,53]","[128,42]",0.842105,0.792453,0.207547,True
base_high,base,high,2,base_detail,35,military,軍事,군사,1,228,"{""bbox"":[18,18,182,186],""size"":[164,168],""center"":[100.0,102.0],""pixels"":21519,""component_count"":2,""label_band_start_y"":133,""body_band_proxy_bbox"":[18,18,182,133],""label_band_proxy_bbox"":[24,133,181,186]}","{""bbox"":[25,19,175,175],""size"":[150,156],""center"":[100.0,97.0],""pixels"":17255,""component_count"":1,""label_band_start_y"":133,""body_band_proxy_bbox"":[25,19,175,133],""label_band_proxy_bbox"":[36,133,172,175]}",0.914634,0.928571,"[0.0,-5.0]",0.085366,True,"[164,115]","[150,114]",0.914634,0.991304,0.085366,True,"[157,53]","[136,42]",0.866242,0.792453,0.207547,True
base_high,base,high,2,base_detail,35,military,軍事,군사,2,229,"{""bbox"":[18,18,182,186],""size"":[164,168],""center"":[100.0,102.0],""pixels"":21519,""component_count"":2,""label_band_start_y"":133,""body_band_proxy_bbox"":[18,18,182,133],""label_band_proxy_bbox"":[24,133,181,186]}","{""bbox"":[25,19,174,176],""size"":[149,157],""center"":[99.5,97.5],""pixels"":17345,""component_count"":2,""label_band_start_y"":133,""body_band_proxy_bbox"":[25,19,174,133],""label_band_proxy_bbox"":[37,133,173,176]}",0.908537,0.934524,"[-0.5,-4.5]",0.091463,True,"[164,115]","[149,114]",0.908537,0.991304,0.091463,True,"[157,53]","[136,43]",0.866242,0.811321,0.188679,True
base_high,base,high,2,base_detail,35,military,軍事,군사,3,230,"{""bbox"":[18,18,182,186],""size"":[164,168],""center"":[100.0,102.0],""pixels"":21519,""component_count"":2,""label_band_start_y"":133,""body_band_proxy_bbox"":[18,18,182,133],""label_band_proxy_bbox"":[24,133,181,186]}","{""bbox"":[26,19,175,176],""size"":[149,157],""center"":[100.5,97.5],""pixels"":17332,""component_count"":3,""label_band_start_y"":133,""body_band_proxy_bbox"":[26,19,175,133],""label_band_proxy_bbox"":[37,133,174,176]}",0.908537,0.934524,"[0.5,-4.5]",0.091463,True,"[164,115]","[149,114]",0.908537,0.991304,0.091463,True,"[157,53]","[137,43]",0.872611,0.811321,0.188679,True
base_high,base,high,2,base_detail,35,military,軍事,군사,4,231,"{""bbox"":[18,18,182,186],""size"":[164,168],""center"":[100.0,102.0],""pixels"":21519,""component_count"":2,""label_band_start_y"":133,""body_band_proxy_bbox"":[18,18,182,133],""label_band_proxy_bbox"":[24,133,181,186]}","{""bbox"":[26,19,175,175],""size"":[149,156],""center"":[100.5,97.0],""pixels"":17009,""component_count"":3,""label_band_start_y"":133,""body_band_proxy_bbox"":[26,19,175,133],""label_band_proxy_bbox"":[38,133,173,175]}",0.908537,0.928571,"[0.5,-5.0]",0.091463,True,"[164,115]","[149,114]",0.908537,0.991304,0.091463,True,"[157,53]","[135,42]",0.859873,0.792453,0.207547,True
base_high,base,high,2,base_detail,35,military,軍事,군사,5,232,"{""bbox"":[18,18,182,186],""size"":[164,168],""center"":[100.0,102.0],""pixels"":21519,""component_count"":2,""label_band_start_y"":133,""body_band_proxy_bbox"":[18,18,182,133],""label_band_proxy_bbox"":[24,133,181,186]}","{""bbox"":[25,19,174,176],""size"":[149,157],""center"":[99.5,97.5],""pixels"":17286,""component_count"":4,""label_band_start_y"":133,""body_band_proxy_bbox"":[25,19,174,133],""label_band_proxy_bbox"":[37,133,173,176]}",0.908537,0.934524,"[-0.5,-4.5]",0.091463,True,"[164,115]","[149,114]",0.908537,0.991304,0.091463,True,"[157,53]","[136,43]",0.866242,0.811321,0.188679,True
base_high,base,high,2,base_detail,35,military,軍事,군사,6,233,"{""bbox"":[18,18,182,186],""size"":[164,168],""center"":[100.0,102.0],""pixels"":21519,""component_count"":2,""label_band_start_y"":133,""body_band_proxy_bbox"":[18,18,182,133],""label_band_proxy_bbox"":[24,133,181,186]}","{""bbox"":[26,20,174,175],""size"":[148,155],""center"":[100.0,97.5],""pixels"":16790,""component_count"":5,""label_band_start_y"":133,""body_band_proxy_bbox"":[26,20,174,133],""label_band_proxy_bbox"":[37,133,172,175]}",0.902439,0.922619,"[0.0,-4.5]",0.097561,True,"[164,115]","[148,113]",0.902439,0.982609,0.097561,True,"[157,53]","[135,42]",0.859873,0.792453,0.207547,True
base_high,base,high,2,base_detail,36,domestic,内政,내정,1,234,"{""bbox"":[18,18,182,186],""size"":[164,168],""center"":[100.0,102.0],""pixels"":21636,""component_count"":2,""label_band_start_y"":133,""body_band_proxy_bbox"":[18,18,182,133],""label_band_proxy_bbox"":[24,133,176,186]}","{""bbox"":[25,20,175,177],""size"":[150,157],""center"":[100.0,98.5],""pixels"":17250,""component_count"":4,""label_band_start_y"":133,""body_band_proxy_bbox"":[25,20,175,133],""label_band_proxy_bbox"":[34,133,163,177]}",0.914634,0.934524,"[0.0,-3.5]",0.085366,True,"[164,115]","[150,113]",0.914634,0.982609,0.085366,True,"[152,53]","[129,44]",0.848684,0.830189,0.169811,True
base_high,base,high,2,base_detail,36,domestic,内政,내정,2,235,"{""bbox"":[18,18,182,186],""size"":[164,168],""center"":[100.0,102.0],""pixels"":21636,""component_count"":2,""label_band_start_y"":133,""body_band_proxy_bbox"":[18,18,182,133],""label_band_proxy_bbox"":[24,133,176,186]}","{""bbox"":[26,19,174,178],""size"":[148,159],""center"":[100.0,98.5],""pixels"":17481,""component_count"":6,""label_band_start_y"":133,""body_band_proxy_bbox"":[26,19,174,133],""label_band_proxy_bbox"":[32,133,162,178]}",0.902439,0.946429,"[0.0,-3.5]",0.097561,True,"[164,115]","[148,114]",0.902439,0.991304,0.097561,True,"[152,53]","[130,45]",0.855263,0.849057,0.150943,True
base_high,base,high,2,base_detail,36,domestic,内政,내정,3,236,"{""bbox"":[18,18,182,186],""size"":[164,168],""center"":[100.0,102.0],""pixels"":21636,""component_count"":2,""label_band_start_y"":133,""body_band_proxy_bbox"":[18,18,182,133],""label_band_proxy_bbox"":[24,133,176,186]}","{""bbox"":[26,19,174,178],""size"":[148,159],""center"":[100.0,98.5],""pixels"":17424,""component_count"":6,""label_band_start_y"":133,""body_band_proxy_bbox"":[26,19,174,133],""label_band_proxy_bbox"":[31,133,161,178]}",0.902439,0.946429,"[0.0,-3.5]",0.097561,True,"[164,115]","[148,114]",0.902439,0.991304,0.097561,True,"[152,53]","[130,45]",0.855263,0.849057,0.150943,True
base_high,base,high,2,base_detail,36,domestic,内政,내정,4,237,"{""bbox"":[18,18,182,186],""size"":[164,168],""center"":[100.0,102.0],""pixels"":21636,""component_count"":2,""label_band_start_y"":133,""body_band_proxy_bbox"":[18,18,182,133],""label_band_proxy_bbox"":[24,133,176,186]}","{""bbox"":[26,19,173,177],""size"":[147,158],""center"":[99.5,98.0],""pixels"":17034,""component_count"":5,""label_band_start_y"":133,""body_band_proxy_bbox"":[26,19,173,133],""label_band_proxy_bbox"":[33,133,161,177]}",0.896341,0.940476,"[-0.5,-4.0]",0.103659,True,"[164,115]","[147,114]",0.896341,0.991304,0.103659,True,"[152,53]","[128,44]",0.842105,0.830189,0.169811,True
base_high,base,high,2,base_detail,36,domestic,内政,내정,5,238,"{""bbox"":[18,18,182,186],""size"":[164,168],""center"":[100.0,102.0],""pixels"":21636,""component_count"":2,""label_band_start_y"":133,""body_band_proxy_bbox"":[18,18,182,133],""label_band_proxy_bbox"":[24,133,176,186]}","{""bbox"":[26,19,173,178],""size"":[147,159],""center"":[99.5,98.5],""pixels"":17307,""component_count"":8,""label_band_start_y"":133,""body_band_proxy_bbox"":[26,19,173,133],""label_band_proxy_bbox"":[31,133,160,178]}",0.896341,0.946429,"[-0.5,-3.5]",0.103659,True,"[164,115]","[147,114]",0.896341,0.991304,0.103659,True,"[152,53]","[129,45]",0.848684,0.849057,0.151316,True
base_high,base,high,2,base_detail,36,domestic,内政,내정,6,239,"{""bbox"":[18,18,182,186],""size"":[164,168],""center"":[100.0,102.0],""pixels"":21636,""component_count"":2,""label_band_start_y"":133,""body_band_proxy_bbox"":[18,18,182,133],""label_band_proxy_bbox"":[24,133,176,186]}","{""bbox"":[27,19,173,176],""size"":[146,157],""center"":[100.0,97.5],""pixels"":16863,""component_count"":6,""label_band_start_y"":133,""body_band_proxy_bbox"":[27,19,173,133],""label_band_proxy_bbox"":[34,133,160,176]}",0.890244,0.934524,"[0.0,-4.5]",0.109756,True,"[164,115]","[146,114]",0.890244,0.991304,0.109756,True,"[152,53]","[126,43]",0.828947,0.811321,0.188679,True
base_high,base,high,2,base_detail,37,domain_policy,領内諸策,영지계책,1,240,"{""bbox"":[6,18,191,186],""size"":[185,168],""center"":[98.5,102.0],""pixels"":23860,""component_count"":2,""label_band_start_y"":133,""body_band_proxy_bbox"":[13,18,187,133],""label_band_proxy_bbox"":[6,133,191,186]}","{""bbox"":[21,20,175,176],""size"":[154,156],""center"":[98.0,98.0],""pixels"":18859,""component_count"":2,""label_band_start_y"":133,""body_band_proxy_bbox"":[25,20,174,133],""label_band_proxy_bbox"":[21,133,175,176]}",0.832432,0.928571,"[-0.5,-4.0]",0.167568,True,"[174,115]","[149,113]",0.856322,0.982609,0.143678,True,"[185,53]","[154,43]",0.832432,0.811321,0.188679,True
base_high,base,high,2,base_detail,37,domain_policy,領内諸策,영지계책,2,241,"{""bbox"":[6,18,191,186],""size"":[185,168],""center"":[98.5,102.0],""pixels"":23860,""component_count"":2,""label_band_start_y"":133,""body_band_proxy_bbox"":[13,18,187,133],""label_band_proxy_bbox"":[6,133,191,186]}","{""bbox"":[19,20,176,178],""size"":[157,158],""center"":[97.5,99.0],""pixels"":19282,""component_count"":3,""label_band_start_y"":133,""body_band_proxy_bbox"":[25,20,176,133],""label_band_proxy_bbox"":[19,133,176,178]}",0.848649,0.940476,"[-1.0,-3.0]",0.151351,True,"[174,115]","[151,113]",0.867816,0.982609,0.132184,True,"[185,53]","[157,45]",0.848649,0.849057,0.151351,True
base_high,base,high,2,base_detail,37,domain_policy,領内諸策,영지계책,3,242,"{""bbox"":[6,18,191,186],""size"":[185,168],""center"":[98.5,102.0],""pixels"":23865,""component_count"":2,""label_band_start_y"":133,""body_band_proxy_bbox"":[13,18,187,133],""label_band_proxy_bbox"":[6,133,191,186]}","{""bbox"":[20,19,177,177],""size"":[157,158],""center"":[98.5,98.0],""pixels"":19463,""component_count"":2,""label_band_start_y"":133,""body_band_proxy_bbox"":[26,19,177,133],""label_band_proxy_bbox"":[20,133,177,177]}",0.848649,0.940476,"[0.0,-4.0]",0.151351,True,"[174,115]","[151,114]",0.867816,0.991304,0.132184,True,"[185,53]","[157,44]",0.848649,0.830189,0.169811,True
base_high,base,high,2,base_detail,37,domain_policy,領内諸策,영지계책,4,243,"{""bbox"":[6,18,191,186],""size"":[185,168],""center"":[98.5,102.0],""pixels"":23860,""component_count"":2,""label_band_start_y"":133,""body_band_proxy_bbox"":[13,18,187,133],""label_band_proxy_bbox"":[6,133,191,186]}","{""bbox"":[22,20,174,174],""size"":[152,154],""center"":[98.0,97.0],""pixels"":18388,""component_count"":2,""label_band_start_y"":133,""body_band_proxy_bbox"":[26,20,174,133],""label_band_proxy_bbox"":[22,133,174,174]}",0.821622,0.916667,"[-0.5,-5.0]",0.178378,True,"[174,115]","[148,113]",0.850575,0.982609,0.149425,True,"[185,53]","[152,41]",0.821622,0.773585,0.226415,True
base_high,base,high,2,base_detail,37,domain_policy,領内諸策,영지계책,5,244,"{""bbox"":[6,18,191,186],""size"":[185,168],""center"":[98.5,102.0],""pixels"":23860,""component_count"":2,""label_band_start_y"":133,""body_band_proxy_bbox"":[13,18,187,133],""label_band_proxy_bbox"":[6,133,191,186]}","{""bbox"":[20,19,177,178],""size"":[157,159],""center"":[98.5,98.5],""pixels"":19568,""component_count"":5,""label_band_start_y"":133,""body_band_proxy_bbox"":[25,19,177,133],""label_band_proxy_bbox"":[20,133,177,178]}",0.848649,0.946429,"[0.0,-3.5]",0.151351,True,"[174,115]","[152,114]",0.873563,0.991304,0.126437,True,"[185,53]","[157,45]",0.848649,0.849057,0.151351,True
base_high,base,high,2,base_detail,37,domain_policy,領内諸策,영지계책,6,245,"{""bbox"":[6,18,191,186],""size"":[185,168],""center"":[98.5,102.0],""pixels"":23860,""component_count"":2,""label_band_start_y"":133,""body_band_proxy_bbox"":[13,18,187,133],""label_band_proxy_bbox"":[6,133,191,186]}","{""bbox"":[23,21,174,174],""size"":[151,153],""center"":[98.5,97.5],""pixels"":18101,""component_count"":2,""label_band_start_y"":133,""body_band_proxy_bbox"":[28,21,173,133],""label_band_proxy_bbox"":[23,133,174,174]}",0.816216,0.910714,"[0.0,-4.5]",0.183784,True,"[174,115]","[145,112]",0.833333,0.973913,0.166667,True,"[185,53]","[151,41]",0.816216,0.773585,0.226415,True
base_high,base,high,2,base_detail,38,scheme,調略,조략,1,246,"{""bbox"":[18,18,182,186],""size"":[164,168],""center"":[100.0,102.0],""pixels"":21114,""component_count"":2,""label_band_start_y"":133,""body_band_proxy_bbox"":[18,18,182,133],""label_band_proxy_bbox"":[24,133,176,186]}","{""bbox"":[28,19,172,175],""size"":[144,156],""center"":[100.0,97.0],""pixels"":15952,""component_count"":1,""label_band_start_y"":133,""body_band_proxy_bbox"":[28,19,172,133],""label_band_proxy_bbox"":[41,133,159,175]}",0.878049,0.928571,"[0.0,-5.0]",0.121951,True,"[164,115]","[144,114]",0.878049,0.991304,0.121951,True,"[152,53]","[118,42]",0.776316,0.792453,0.223684,True
base_high,base,high,2,base_detail,38,scheme,調略,조략,2,247,"{""bbox"":[18,18,182,186],""size"":[164,168],""center"":[100.0,102.0],""pixels"":21114,""component_count"":2,""label_band_start_y"":133,""body_band_proxy_bbox"":[18,18,182,133],""label_band_proxy_bbox"":[24,133,176,186]}","{""bbox"":[28,19,172,177],""size"":[144,158],""center"":[100.0,98.0],""pixels"":16199,""component_count"":1,""label_band_start_y"":133,""body_band_proxy_bbox"":[28,19,172,133],""label_band_proxy_bbox"":[40,133,161,177]}",0.878049,0.940476,"[0.0,-4.0]",0.121951,True,"[164,115]","[144,114]",0.878049,0.991304,0.121951,True,"[152,53]","[121,44]",0.796053,0.830189,0.203947,True
base_high,base,high,2,base_detail,38,scheme,調略,조략,3,248,"{""bbox"":[18,18,182,186],""size"":[164,168],""center"":[100.0,102.0],""pixels"":21114,""component_count"":2,""label_band_start_y"":133,""body_band_proxy_bbox"":[18,18,182,133],""label_band_proxy_bbox"":[24,133,176,186]}","{""bbox"":[28,19,172,177],""size"":[144,158],""center"":[100.0,98.0],""pixels"":16153,""component_count"":4,""label_band_start_y"":133,""body_band_proxy_bbox"":[28,19,172,133],""label_band_proxy_bbox"":[38,133,162,177]}",0.878049,0.940476,"[0.0,-4.0]",0.121951,True,"[164,115]","[144,114]",0.878049,0.991304,0.121951,True,"[152,53]","[124,44]",0.815789,0.830189,0.184211,True
base_high,base,high,2,base_detail,38,scheme,調略,조략,4,249,"{""bbox"":[18,18,182,186],""size"":[164,168],""center"":[100.0,102.0],""pixels"":21114,""component_count"":2,""label_band_start_y"":133,""body_band_proxy_bbox"":[18,18,182,133],""label_band_proxy_bbox"":[24,133,176,186]}","{""bbox"":[30,19,171,175],""size"":[141,156],""center"":[100.5,97.0],""pixels"":15614,""component_count"":3,""label_band_start_y"":133,""body_band_proxy_bbox"":[30,19,171,133],""label_band_proxy_bbox"":[43,133,158,175]}",0.859756,0.928571,"[0.5,-5.0]",0.140244,True,"[164,115]","[141,114]",0.859756,0.991304,0.140244,True,"[152,53]","[115,42]",0.756579,0.792453,0.243421,True
base_high,base,high,2,base_detail,38,scheme,調略,조략,5,250,"{""bbox"":[18,18,182,186],""size"":[164,168],""center"":[100.0,102.0],""pixels"":21114,""component_count"":2,""label_band_start_y"":133,""body_band_proxy_bbox"":[18,18,182,133],""label_band_proxy_bbox"":[24,133,176,186]}","{""bbox"":[28,19,172,177],""size"":[144,158],""center"":[100.0,98.0],""pixels"":16150,""component_count"":5,""label_band_start_y"":133,""body_band_proxy_bbox"":[28,19,172,133],""label_band_proxy_bbox"":[40,133,159,177]}",0.878049,0.940476,"[0.0,-4.0]",0.121951,True,"[164,115]","[144,114]",0.878049,0.991304,0.121951,True,"[152,53]","[119,44]",0.782895,0.830189,0.217105,True
base_high,base,high,2,base_detail,38,scheme,調略,조략,6,251,"{""bbox"":[18,18,182,186],""size"":[164,168],""center"":[100.0,102.0],""pixels"":21114,""component_count"":2,""label_band_start_y"":133,""body_band_proxy_bbox"":[18,18,182,133],""label_band_proxy_bbox"":[24,133,176,186]}","{""bbox"":[28,19,171,175],""size"":[143,156],""center"":[99.5,97.0],""pixels"":15799,""component_count"":2,""label_band_start_y"":133,""body_band_proxy_bbox"":[28,19,171,133],""label_band_proxy_bbox"":[41,133,158,175]}",0.871951,0.928571,"[-0.5,-5.0]",0.128049,True,"[164,115]","[143,114]",0.871951,0.991304,0.128049,True,"[152,53]","[117,42]",0.769737,0.792453,0.230263,True
base_high,base,high,2,base_detail,39,fief,知行,지행,1,282,"{""bbox"":[18,18,182,186],""size"":[164,168],""center"":[100.0,102.0],""pixels"":21131,""component_count"":2,""label_band_start_y"":133,""body_band_proxy_bbox"":[18,18,182,133],""label_band_proxy_bbox"":[24,133,176,186]}","{""bbox"":[25,20,175,176],""size"":[150,156],""center"":[100.0,98.0],""pixels"":16773,""component_count"":2,""label_band_start_y"":133,""body_band_proxy_bbox"":[25,20,175,133],""label_band_proxy_bbox"":[38,133,162,176]}",0.914634,0.928571,"[0.0,-4.0]",0.085366,True,"[164,115]","[150,113]",0.914634,0.982609,0.085366,True,"[152,53]","[124,43]",0.815789,0.811321,0.188679,True
base_high,base,high,2,base_detail,39,fief,知行,지행,2,283,"{""bbox"":[18,18,182,186],""size"":[164,168],""center"":[100.0,102.0],""pixels"":21131,""component_count"":2,""label_band_start_y"":133,""body_band_proxy_bbox"":[18,18,182,133],""label_band_proxy_bbox"":[24,133,176,186]}","{""bbox"":[26,20,174,177],""size"":[148,157],""center"":[100.0,98.5],""pixels"":16660,""component_count"":1,""label_band_start_y"":133,""body_band_proxy_bbox"":[26,20,174,133],""label_band_proxy_bbox"":[39,133,160,177]}",0.902439,0.934524,"[0.0,-3.5]",0.097561,True,"[164,115]","[148,113]",0.902439,0.982609,0.097561,True,"[152,53]","[121,44]",0.796053,0.830189,0.203947,True
base_high,base,high,2,base_detail,39,fief,知行,지행,3,284,"{""bbox"":[18,18,182,186],""size"":[164,168],""center"":[100.0,102.0],""pixels"":21131,""component_count"":2,""label_band_start_y"":133,""body_band_proxy_bbox"":[18,18,182,133],""label_band_proxy_bbox"":[24,133,176,186]}","{""bbox"":[25,19,175,177],""size"":[150,158],""center"":[100.0,98.0],""pixels"":17000,""component_count"":2,""label_band_start_y"":133,""body_band_proxy_bbox"":[25,19,175,133],""label_band_proxy_bbox"":[38,133,162,177]}",0.914634,0.940476,"[0.0,-4.0]",0.085366,True,"[164,115]","[150,114]",0.914634,0.991304,0.085366,True,"[152,53]","[124,44]",0.815789,0.830189,0.184211,True
base_high,base,high,2,base_detail,39,fief,知行,지행,4,285,"{""bbox"":[18,18,182,186],""size"":[164,168],""center"":[100.0,102.0],""pixels"":21131,""component_count"":2,""label_band_start_y"":133,""body_band_proxy_bbox"":[18,18,182,133],""label_band_proxy_bbox"":[24,133,176,186]}","{""bbox"":[26,20,174,175],""size"":[148,155],""center"":[100.0,97.5],""pixels"":16291,""component_count"":2,""label_band_start_y"":133,""body_band_proxy_bbox"":[26,20,174,133],""label_band_proxy_bbox"":[40,133,161,175]}",0.902439,0.922619,"[0.0,-4.5]",0.097561,True,"[164,115]","[148,113]",0.902439,0.982609,0.097561,True,"[152,53]","[121,42]",0.796053,0.792453,0.207547,True
base_high,base,high,2,base_detail,39,fief,知行,지행,5,286,"{""bbox"":[18,18,182,186],""size"":[164,168],""center"":[100.0,102.0],""pixels"":21131,""component_count"":2,""label_band_start_y"":133,""body_band_proxy_bbox"":[18,18,182,133],""label_band_proxy_bbox"":[24,133,176,186]}","{""bbox"":[26,20,175,177],""size"":[149,157],""center"":[100.5,98.5],""pixels"":16728,""component_count"":2,""label_band_start_y"":133,""body_band_proxy_bbox"":[26,20,175,133],""label_band_proxy_bbox"":[40,133,162,177]}",0.908537,0.934524,"[0.5,-3.5]",0.091463,True,"[164,115]","[149,113]",0.908537,0.982609,0.091463,True,"[152,53]","[122,44]",0.802632,0.830189,0.197368,True
base_high,base,high,2,base_detail,39,fief,知行,지행,6,287,"{""bbox"":[18,18,182,186],""size"":[164,168],""center"":[100.0,102.0],""pixels"":21131,""component_count"":2,""label_band_start_y"":133,""body_band_proxy_bbox"":[18,18,182,133],""label_band_proxy_bbox"":[24,133,176,186]}","{""bbox"":[26,20,174,175],""size"":[148,155],""center"":[100.0,97.5],""pixels"":16412,""component_count"":6,""label_band_start_y"":133,""body_band_proxy_bbox"":[26,20,174,133],""label_band_proxy_bbox"":[39,133,161,175]}",0.902439,0.922619,"[0.0,-4.5]",0.097561,True,"[164,115]","[148,113]",0.902439,0.982609,0.097561,True,"[152,53]","[122,42]",0.802632,0.792453,0.207547,True
base_high,base,high,2,base_detail,40,transfer_fief,転封,전봉,1,288,"{""bbox"":[18,18,182,186],""size"":[164,168],""center"":[100.0,102.0],""pixels"":21094,""component_count"":2,""label_band_start_y"":133,""body_band_proxy_bbox"":[18,18,182,133],""label_band_proxy_bbox"":[24,133,176,186]}","{""bbox"":[24,18,176,176],""size"":[152,158],""center"":[100.0,97.0],""pixels"":15761,""component_count"":1,""label_band_start_y"":133,""body_band_proxy_bbox"":[24,18,176,133],""label_band_proxy_bbox"":[36,133,163,176]}",0.926829,0.940476,"[0.0,-5.0]",0.073171,True,"[164,115]","[152,115]",0.926829,1.0,0.073171,True,"[152,53]","[127,43]",0.835526,0.811321,0.188679,True
base_high,base,high,2,base_detail,40,transfer_fief,転封,전봉,2,289,"{""bbox"":[18,18,182,186],""size"":[164,168],""center"":[100.0,102.0],""pixels"":21094,""component_count"":2,""label_band_start_y"":133,""body_band_proxy_bbox"":[18,18,182,133],""label_band_proxy_bbox"":[24,133,176,186]}","{""bbox"":[27,19,173,178],""size"":[146,159],""center"":[100.0,98.5],""pixels"":16874,""component_count"":1,""label_band_start_y"":133,""body_band_proxy_bbox"":[27,19,173,133],""label_band_proxy_bbox"":[39,133,161,178]}",0.890244,0.946429,"[0.0,-3.5]",0.109756,True,"[164,115]","[146,114]",0.890244,0.991304,0.109756,True,"[152,53]","[122,45]",0.802632,0.849057,0.197368,True
base_high,base,high,2,base_detail,40,transfer_fief,転封,전봉,3,290,"{""bbox"":[18,18,182,186],""size"":[164,168],""center"":[100.0,102.0],""pixels"":21099,""component_count"":2,""label_band_start_y"":133,""body_band_proxy_bbox"":[18,18,182,133],""label_band_proxy_bbox"":[24,133,176,186]}","{""bbox"":[26,19,173,178],""size"":[147,159],""center"":[99.5,98.5],""pixels"":16943,""component_count"":1,""label_band_start_y"":133,""body_band_proxy_bbox"":[26,19,173,133],""label_band_proxy_bbox"":[38,133,161,178]}",0.896341,0.946429,"[-0.5,-3.5]",0.103659,True,"[164,115]","[147,114]",0.896341,0.991304,0.103659,True,"[152,53]","[123,45]",0.809211,0.849057,0.190789,True
base_high,base,high,2,base_detail,40,transfer_fief,転封,전봉,4,291,"{""bbox"":[18,18,182,186],""size"":[164,168],""center"":[100.0,102.0],""pixels"":21094,""component_count"":2,""label_band_start_y"":133,""body_band_proxy_bbox"":[18,18,182,133],""label_band_proxy_bbox"":[24,133,176,186]}","{""bbox"":[24,18,176,176],""size"":[152,158],""center"":[100.0,97.0],""pixels"":15659,""component_count"":2,""label_band_start_y"":133,""body_band_proxy_bbox"":[24,18,176,133],""label_band_proxy_bbox"":[37,133,163,176]}",0.926829,0.940476,"[0.0,-5.0]",0.073171,True,"[164,115]","[152,115]",0.926829,1.0,0.073171,True,"[152,53]","[126,43]",0.828947,0.811321,0.188679,True
base_high,base,high,2,base_detail,40,transfer_fief,転封,전봉,5,292,"{""bbox"":[18,18,182,186],""size"":[164,168],""center"":[100.0,102.0],""pixels"":21094,""component_count"":2,""label_band_start_y"":133,""body_band_proxy_bbox"":[18,18,182,133],""label_band_proxy_bbox"":[24,133,176,186]}","{""bbox"":[27,19,173,178],""size"":[146,159],""center"":[100.0,98.5],""pixels"":16837,""component_count"":2,""label_band_start_y"":133,""body_band_proxy_bbox"":[27,19,173,133],""label_band_proxy_bbox"":[38,133,161,178]}",0.890244,0.946429,"[0.0,-3.5]",0.109756,True,"[164,115]","[146,114]",0.890244,0.991304,0.109756,True,"[152,53]","[123,45]",0.809211,0.849057,0.190789,True
base_high,base,high,2,base_detail,40,transfer_fief,転封,전봉,6,293,"{""bbox"":[18,18,182,186],""size"":[164,168],""center"":[100.0,102.0],""pixels"":21094,""component_count"":2,""label_band_start_y"":133,""body_band_proxy_bbox"":[18,18,182,133],""label_band_proxy_bbox"":[24,133,176,186]}","{""bbox"":[24,18,176,177],""size"":[152,159],""center"":[100.0,97.5],""pixels"":15814,""component_count"":2,""label_band_start_y"":133,""body_band_proxy_bbox"":[24,18,176,133],""label_band_proxy_bbox"":[37,133,163,177]}",0.926829,0.946429,"[0.0,-4.5]",0.073171,True,"[164,115]","[152,115]",0.926829,1.0,0.073171,True,"[152,53]","[126,44]",0.828947,0.830189,0.171053,True
base_high,base,high,2,base_detail,41,magistrate,代官,대관,1,294,"{""bbox"":[18,18,182,186],""size"":[164,168],""center"":[100.0,102.0],""pixels"":21004,""component_count"":2,""label_band_start_y"":133,""body_band_proxy_bbox"":[18,18,182,133],""label_band_proxy_bbox"":[24,133,176,186]}","{""bbox"":[26,19,175,176],""size"":[149,157],""center"":[100.5,97.5],""pixels"":16685,""component_count"":2,""label_band_start_y"":133,""body_band_proxy_bbox"":[26,19,175,133],""label_band_proxy_bbox"":[40,133,161,176]}",0.908537,0.934524,"[0.5,-4.5]",0.091463,True,"[164,115]","[149,114]",0.908537,0.991304,0.091463,True,"[152,53]","[121,43]",0.796053,0.811321,0.203947,True
base_high,base,high,2,base_detail,41,magistrate,代官,대관,2,295,"{""bbox"":[18,18,182,186],""size"":[164,168],""center"":[100.0,102.0],""pixels"":21004,""component_count"":2,""label_band_start_y"":133,""body_band_proxy_bbox"":[18,18,182,133],""label_band_proxy_bbox"":[24,133,176,186]}","{""bbox"":[26,19,174,177],""size"":[148,158],""center"":[100.0,98.0],""pixels"":16701,""component_count"":4,""label_band_start_y"":133,""body_band_proxy_bbox"":[26,19,174,133],""label_band_proxy_bbox"":[39,133,160,177]}",0.902439,0.940476,"[0.0,-4.0]",0.097561,True,"[164,115]","[148,114]",0.902439,0.991304,0.097561,True,"[152,53]","[121,44]",0.796053,0.830189,0.203947,True
base_high,base,high,2,base_detail,41,magistrate,代官,대관,3,296,"{""bbox"":[18,18,182,186],""size"":[164,168],""center"":[100.0,102.0],""pixels"":21004,""component_count"":2,""label_band_start_y"":133,""body_band_proxy_bbox"":[18,18,182,133],""label_band_proxy_bbox"":[24,133,176,186]}","{""bbox"":[26,19,173,177],""size"":[147,158],""center"":[99.5,98.0],""pixels"":16637,""component_count"":2,""label_band_start_y"":133,""body_band_proxy_bbox"":[26,19,173,133],""label_band_proxy_bbox"":[39,133,160,177]}",0.896341,0.940476,"[-0.5,-4.0]",0.103659,True,"[164,115]","[147,114]",0.896341,0.991304,0.103659,True,"[152,53]","[121,44]",0.796053,0.830189,0.203947,True
base_high,base,high,2,base_detail,41,magistrate,代官,대관,4,297,"{""bbox"":[18,18,182,186],""size"":[164,168],""center"":[100.0,102.0],""pixels"":21004,""component_count"":2,""label_band_start_y"":133,""body_band_proxy_bbox"":[18,18,182,133],""label_band_proxy_bbox"":[24,133,176,186]}","{""bbox"":[26,19,175,176],""size"":[149,157],""center"":[100.5,97.5],""pixels"":16714,""component_count"":6,""label_band_start_y"":133,""body_band_proxy_bbox"":[26,19,175,133],""label_band_proxy_bbox"":[39,133,162,176]}",0.908537,0.934524,"[0.5,-4.5]",0.091463,True,"[164,115]","[149,114]",0.908537,0.991304,0.091463,True,"[152,53]","[123,43]",0.809211,0.811321,0.190789,True
base_high,base,high,2,base_detail,41,magistrate,代官,대관,5,298,"{""bbox"":[18,18,182,186],""size"":[164,168],""center"":[100.0,102.0],""pixels"":21004,""component_count"":2,""label_band_start_y"":133,""body_band_proxy_bbox"":[18,18,182,133],""label_band_proxy_bbox"":[24,133,176,186]}","{""bbox"":[26,19,174,177],""size"":[148,158],""center"":[100.0,98.0],""pixels"":16694,""component_count"":4,""label_band_start_y"":133,""body_band_proxy_bbox"":[26,19,174,133],""label_band_proxy_bbox"":[39,133,160,177]}",0.902439,0.940476,"[0.0,-4.0]",0.097561,True,"[164,115]","[148,114]",0.902439,0.991304,0.097561,True,"[152,53]","[121,44]",0.796053,0.830189,0.203947,True
base_high,base,high,2,base_detail,41,magistrate,代官,대관,6,299,"{""bbox"":[18,18,182,186],""size"":[164,168],""center"":[100.0,102.0],""pixels"":21004,""component_count"":2,""label_band_start_y"":133,""body_band_proxy_bbox"":[18,18,182,133],""label_band_proxy_bbox"":[24,133,176,186]}","{""bbox"":[26,19,174,176],""size"":[148,157],""center"":[100.0,97.5],""pixels"":16561,""component_count"":6,""label_band_start_y"":133,""body_band_proxy_bbox"":[26,19,174,133],""label_band_proxy_bbox"":[39,133,160,176]}",0.902439,0.934524,"[0.0,-4.5]",0.097561,True,"[164,115]","[148,114]",0.902439,0.991304,0.097561,True,"[152,53]","[121,43]",0.796053,0.811321,0.203947,True
base_high,base,high,2,base_detail,42,sortie,出陣,출진,1,300,"{""bbox"":[18,18,182,186],""size"":[164,168],""center"":[100.0,102.0],""pixels"":21123,""component_count"":2,""label_band_start_y"":133,""body_band_proxy_bbox"":[18,18,182,133],""label_band_proxy_bbox"":[24,133,176,186]}","{""bbox"":[28,26,171,175],""size"":[143,149],""center"":[99.5,100.5],""pixels"":15616,""component_count"":1,""label_band_start_y"":133,""body_band_proxy_bbox"":[28,26,171,133],""label_band_proxy_bbox"":[39,133,162,175]}",0.871951,0.886905,"[-0.5,-1.5]",0.128049,True,"[164,115]","[143,107]",0.871951,0.930435,0.128049,True,"[152,53]","[123,42]",0.809211,0.792453,0.207547,True
base_high,base,high,2,base_detail,42,sortie,出陣,출진,2,301,"{""bbox"":[18,18,182,186],""size"":[164,168],""center"":[100.0,102.0],""pixels"":21123,""component_count"":2,""label_band_start_y"":133,""body_band_proxy_bbox"":[18,18,182,133],""label_band_proxy_bbox"":[24,133,176,186]}","{""bbox"":[28,26,172,177],""size"":[144,151],""center"":[100.0,101.5],""pixels"":16047,""component_count"":2,""label_band_start_y"":133,""body_band_proxy_bbox"":[28,26,172,133],""label_band_proxy_bbox"":[39,133,161,177]}",0.878049,0.89881,"[0.0,-0.5]",0.121951,True,"[164,115]","[144,107]",0.878049,0.930435,0.121951,True,"[152,53]","[122,44]",0.802632,0.830189,0.197368,True
base_high,base,high,2,base_detail,42,sortie,出陣,출진,3,302,"{""bbox"":[18,18,182,186],""size"":[164,168],""center"":[100.0,102.0],""pixels"":21123,""component_count"":2,""label_band_start_y"":133,""body_band_proxy_bbox"":[18,18,182,133],""label_band_proxy_bbox"":[24,133,176,186]}","{""bbox"":[26,26,173,177],""size"":[147,151],""center"":[99.5,101.5],""pixels"":16280,""component_count"":1,""label_band_start_y"":133,""body_band_proxy_bbox"":[26,26,173,133],""label_band_proxy_bbox"":[37,133,162,177]}",0.896341,0.89881,"[-0.5,-0.5]",0.103659,True,"[164,115]","[147,107]",0.896341,0.930435,0.103659,True,"[152,53]","[125,44]",0.822368,0.830189,0.177632,True
base_high,base,high,2,base_detail,42,sortie,出陣,출진,4,303,"{""bbox"":[18,18,182,186],""size"":[164,168],""center"":[100.0,102.0],""pixels"":21123,""component_count"":2,""label_band_start_y"":133,""body_band_proxy_bbox"":[18,18,182,133],""label_band_proxy_bbox"":[24,133,176,186]}","{""bbox"":[26,25,173,176],""size"":[147,151],""center"":[99.5,100.5],""pixels"":16112,""component_count"":1,""label_band_start_y"":133,""body_band_proxy_bbox"":[26,25,173,133],""label_band_proxy_bbox"":[37,133,162,176]}",0.896341,0.89881,"[-0.5,-1.5]",0.103659,True,"[164,115]","[147,108]",0.896341,0.93913,0.103659,True,"[152,53]","[125,43]",0.822368,0.811321,0.188679,True
base_high,base,high,2,base_detail,42,sortie,出陣,출진,5,304,"{""bbox"":[18,18,182,186],""size"":[164,168],""center"":[100.0,102.0],""pixels"":21123,""component_count"":2,""label_band_start_y"":133,""body_band_proxy_bbox"":[18,18,182,133],""label_band_proxy_bbox"":[24,133,176,186]}","{""bbox"":[28,25,173,177],""size"":[145,152],""center"":[100.5,101.0],""pixels"":16306,""component_count"":2,""label_band_start_y"":133,""body_band_proxy_bbox"":[28,25,173,133],""label_band_proxy_bbox"":[39,133,162,177]}",0.884146,0.904762,"[0.5,-1.0]",0.115854,True,"[164,115]","[145,108]",0.884146,0.93913,0.115854,True,"[152,53]","[123,44]",0.809211,0.830189,0.190789,True
base_high,base,high,2,base_detail,42,sortie,出陣,출진,6,305,"{""bbox"":[18,18,182,186],""size"":[164,168],""center"":[100.0,102.0],""pixels"":21123,""component_count"":2,""label_band_start_y"":133,""body_band_proxy_bbox"":[18,18,182,133],""label_band_proxy_bbox"":[24,133,176,186]}","{""bbox"":[27,25,173,175],""size"":[146,150],""center"":[100.0,100.0],""pixels"":15863,""component_count"":1,""label_band_start_y"":133,""body_band_proxy_bbox"":[27,25,173,133],""label_band_proxy_bbox"":[38,133,161,175]}",0.890244,0.892857,"[0.0,-2.0]",0.109756,True,"[164,115]","[146,108]",0.890244,0.93913,0.109756,True,"[152,53]","[123,42]",0.809211,0.792453,0.207547,True
base_high,base,high,2,base_detail,43,capture_target,攻略目標,공략목표,1,306,"{""bbox"":[5,18,194,186],""size"":[189,168],""center"":[99.5,102.0],""pixels"":24282,""component_count"":2,""label_band_start_y"":133,""body_band_proxy_bbox"":[8,18,192,133],""label_band_proxy_bbox"":[5,133,194,186]}","{""bbox"":[16,19,182,177],""size"":[166,158],""center"":[99.0,98.0],""pixels"":19250,""component_count"":5,""label_band_start_y"":133,""body_band_proxy_bbox"":[25,19,176,133],""label_band_proxy_bbox"":[16,133,182,177]}",0.878307,0.940476,"[-0.5,-4.0]",0.121693,True,"[184,115]","[151,114]",0.820652,0.991304,0.179348,True,"[189,53]","[166,44]",0.878307,0.830189,0.169811,True
base_high,base,high,2,base_detail,43,capture_target,攻略目標,공략목표,2,307,"{""bbox"":[5,18,194,186],""size"":[189,168],""center"":[99.5,102.0],""pixels"":24282,""component_count"":2,""label_band_start_y"":133,""body_band_proxy_bbox"":[8,18,192,133],""label_band_proxy_bbox"":[5,133,194,186]}","{""bbox"":[13,19,184,179],""size"":[171,160],""center"":[98.5,99.0],""pixels"":19756,""component_count"":9,""label_band_start_y"":133,""body_band_proxy_bbox"":[22,19,175,133],""label_band_proxy_bbox"":[13,133,184,179]}",0.904762,0.952381,"[-1.0,-3.0]",0.095238,True,"[184,115]","[153,114]",0.831522,0.991304,0.168478,True,"[189,53]","[171,46]",0.904762,0.867925,0.132075,True
base_high,base,high,2,base_detail,43,capture_target,攻略目標,공략목표,3,308,"{""bbox"":[5,18,194,186],""size"":[189,168],""center"":[99.5,102.0],""pixels"":24282,""component_count"":2,""label_band_start_y"":133,""body_band_proxy_bbox"":[8,18,192,133],""label_band_proxy_bbox"":[5,133,194,186]}","{""bbox"":[14,19,184,179],""size"":[170,160],""center"":[99.0,99.0],""pixels"":19602,""component_count"":3,""label_band_start_y"":133,""body_band_proxy_bbox"":[23,19,175,133],""label_band_proxy_bbox"":[14,133,184,179]}",0.899471,0.952381,"[-0.5,-3.0]",0.100529,True,"[184,115]","[152,114]",0.826087,0.991304,0.173913,True,"[189,53]","[170,46]",0.899471,0.867925,0.132075,True
base_high,base,high,2,base_detail,43,capture_target,攻略目標,공략목표,4,309,"{""bbox"":[5,18,194,186],""size"":[189,168],""center"":[99.5,102.0],""pixels"":24282,""component_count"":2,""label_band_start_y"":133,""body_band_proxy_bbox"":[8,18,192,133],""label_band_proxy_bbox"":[5,133,194,186]}","{""bbox"":[16,25,182,177],""size"":[166,152],""center"":[99.0,101.0],""pixels"":18254,""component_count"":7,""label_band_start_y"":133,""body_band_proxy_bbox"":[26,25,172,133],""label_band_proxy_bbox"":[16,133,182,177]}",0.878307,0.904762,"[-0.5,-1.0]",0.121693,True,"[184,115]","[146,108]",0.793478,0.93913,0.206522,True,"[189,53]","[166,44]",0.878307,0.830189,0.169811,True
base_high,base,high,2,base_detail,43,capture_target,攻略目標,공략목표,5,310,"{""bbox"":[5,18,194,186],""size"":[189,168],""center"":[99.5,102.0],""pixels"":24282,""component_count"":2,""label_band_start_y"":133,""body_band_proxy_bbox"":[8,18,192,133],""label_band_proxy_bbox"":[5,133,194,186]}","{""bbox"":[14,19,185,179],""size"":[171,160],""center"":[99.5,99.0],""pixels"":19768,""component_count"":8,""label_band_start_y"":133,""body_band_proxy_bbox"":[23,19,176,133],""label_band_proxy_bbox"":[14,133,185,179]}",0.904762,0.952381,"[0.0,-3.0]",0.095238,True,"[184,115]","[153,114]",0.831522,0.991304,0.168478,True,"[189,53]","[171,46]",0.904762,0.867925,0.132075,True
base_high,base,high,2,base_detail,43,capture_target,攻略目標,공략목표,6,311,"{""bbox"":[5,18,194,186],""size"":[189,168],""center"":[99.5,102.0],""pixels"":24282,""component_count"":2,""label_band_start_y"":133,""body_band_proxy_bbox"":[8,18,192,133],""label_band_proxy_bbox"":[5,133,194,186]}","{""bbox"":[16,24,184,177],""size"":[168,153],""center"":[100.0,100.5],""pixels"":18496,""component_count"":2,""label_band_start_y"":133,""body_band_proxy_bbox"":[27,24,174,133],""label_band_proxy_bbox"":[16,133,184,177]}",0.888889,0.910714,"[0.5,-1.5]",0.111111,True,"[184,115]","[147,109]",0.798913,0.947826,0.201087,True,"[189,53]","[168,44]",0.888889,0.830189,0.169811,True
base_high,base,high,2,base_detail,44,scheme,調略,조략,1,312,"{""bbox"":[18,18,182,186],""size"":[164,168],""center"":[100.0,102.0],""pixels"":21109,""component_count"":2,""label_band_start_y"":133,""body_band_proxy_bbox"":[18,18,182,133],""label_band_proxy_bbox"":[24,133,176,186]}","{""bbox"":[28,19,172,175],""size"":[144,156],""center"":[100.0,97.0],""pixels"":15952,""component_count"":1,""label_band_start_y"":133,""body_band_proxy_bbox"":[28,19,172,133],""label_band_proxy_bbox"":[41,133,159,175]}",0.878049,0.928571,"[0.0,-5.0]",0.121951,True,"[164,115]","[144,114]",0.878049,0.991304,0.121951,True,"[152,53]","[118,42]",0.776316,0.792453,0.223684,True
base_high,base,high,2,base_detail,44,scheme,調略,조략,2,313,"{""bbox"":[18,18,182,186],""size"":[164,168],""center"":[100.0,102.0],""pixels"":21109,""component_count"":2,""label_band_start_y"":133,""body_band_proxy_bbox"":[18,18,182,133],""label_band_proxy_bbox"":[24,133,176,186]}","{""bbox"":[28,19,172,177],""size"":[144,158],""center"":[100.0,98.0],""pixels"":16199,""component_count"":1,""label_band_start_y"":133,""body_band_proxy_bbox"":[28,19,172,133],""label_band_proxy_bbox"":[40,133,161,177]}",0.878049,0.940476,"[0.0,-4.0]",0.121951,True,"[164,115]","[144,114]",0.878049,0.991304,0.121951,True,"[152,53]","[121,44]",0.796053,0.830189,0.203947,True
base_high,base,high,2,base_detail,44,scheme,調略,조략,3,314,"{""bbox"":[18,18,182,186],""size"":[164,168],""center"":[100.0,102.0],""pixels"":21109,""component_count"":2,""label_band_start_y"":133,""body_band_proxy_bbox"":[18,18,182,133],""label_band_proxy_bbox"":[24,133,176,186]}","{""bbox"":[28,19,172,177],""size"":[144,158],""center"":[100.0,98.0],""pixels"":16153,""component_count"":4,""label_band_start_y"":133,""body_band_proxy_bbox"":[28,19,172,133],""label_band_proxy_bbox"":[38,133,162,177]}",0.878049,0.940476,"[0.0,-4.0]",0.121951,True,"[164,115]","[144,114]",0.878049,0.991304,0.121951,True,"[152,53]","[124,44]",0.815789,0.830189,0.184211,True
base_high,base,high,2,base_detail,44,scheme,調略,조략,4,315,"{""bbox"":[18,18,182,186],""size"":[164,168],""center"":[100.0,102.0],""pixels"":21109,""component_count"":2,""label_band_start_y"":133,""body_band_proxy_bbox"":[18,18,182,133],""label_band_proxy_bbox"":[24,133,176,186]}","{""bbox"":[30,19,171,175],""size"":[141,156],""center"":[100.5,97.0],""pixels"":15614,""component_count"":3,""label_band_start_y"":133,""body_band_proxy_bbox"":[30,19,171,133],""label_band_proxy_bbox"":[43,133,158,175]}",0.859756,0.928571,"[0.5,-5.0]",0.140244,True,"[164,115]","[141,114]",0.859756,0.991304,0.140244,True,"[152,53]","[115,42]",0.756579,0.792453,0.243421,True
base_high,base,high,2,base_detail,44,scheme,調略,조략,5,316,"{""bbox"":[18,18,182,186],""size"":[164,168],""center"":[100.0,102.0],""pixels"":21109,""component_count"":2,""label_band_start_y"":133,""body_band_proxy_bbox"":[18,18,182,133],""label_band_proxy_bbox"":[24,133,176,186]}","{""bbox"":[28,19,172,177],""size"":[144,158],""center"":[100.0,98.0],""pixels"":16150,""component_count"":5,""label_band_start_y"":133,""body_band_proxy_bbox"":[28,19,172,133],""label_band_proxy_bbox"":[40,133,159,177]}",0.878049,0.940476,"[0.0,-4.0]",0.121951,True,"[164,115]","[144,114]",0.878049,0.991304,0.121951,True,"[152,53]","[119,44]",0.782895,0.830189,0.217105,True
base_high,base,high,2,base_detail,44,scheme,調略,조략,6,317,"{""bbox"":[18,18,182,186],""size"":[164,168],""center"":[100.0,102.0],""pixels"":21109,""component_count"":2,""label_band_start_y"":133,""body_band_proxy_bbox"":[18,18,182,133],""label_band_proxy_bbox"":[24,133,176,186]}","{""bbox"":[28,19,171,175],""size"":[143,156],""center"":[99.5,97.0],""pixels"":15799,""component_count"":2,""label_band_start_y"":133,""body_band_proxy_bbox"":[28,19,171,133],""label_band_proxy_bbox"":[41,133,158,175]}",0.871951,0.928571,"[-0.5,-5.0]",0.128049,True,"[164,115]","[143,114]",0.871951,0.991304,0.128049,True,"[152,53]","[117,42]",0.769737,0.792453,0.230263,True
base_high,base,high,2,base_detail,45,castle_town_facility,城下施設,성하시설,1,318,"{""bbox"":[8,18,194,186],""size"":[186,168],""center"":[101.0,102.0],""pixels"":24018,""component_count"":2,""label_band_start_y"":133,""body_band_proxy_bbox"":[13,18,188,133],""label_band_proxy_bbox"":[8,133,194,186]}","{""bbox"":[23,19,172,177],""size"":[149,158],""center"":[97.5,98.0],""pixels"":18653,""component_count"":4,""label_band_start_y"":133,""body_band_proxy_bbox"":[24,19,172,133],""label_band_proxy_bbox"":[23,133,171,177]}",0.801075,0.940476,"[-3.5,-4.0]",0.198925,True,"[175,115]","[148,114]",0.845714,0.991304,0.154286,True,"[186,53]","[148,44]",0.795699,0.830189,0.204301,True
base_high,base,high,2,base_detail,45,castle_town_facility,城下施設,성하시설,2,319,"{""bbox"":[8,18,194,186],""size"":[186,168],""center"":[101.0,102.0],""pixels"":24018,""component_count"":2,""label_band_start_y"":133,""body_band_proxy_bbox"":[13,18,188,133],""label_band_proxy_bbox"":[8,133,194,186]}","{""bbox"":[22,19,173,178],""size"":[151,159],""center"":[97.5,98.5],""pixels"":18943,""component_count"":4,""label_band_start_y"":133,""body_band_proxy_bbox"":[24,19,173,133],""label_band_proxy_bbox"":[22,133,173,178]}",0.811828,0.946429,"[-3.5,-3.5]",0.188172,True,"[175,115]","[149,114]",0.851429,0.991304,0.148571,True,"[186,53]","[151,45]",0.811828,0.849057,0.188172,True
base_high,base,high,2,base_detail,45,castle_town_facility,城下施設,성하시설,3,320,"{""bbox"":[8,18,194,186],""size"":[186,168],""center"":[101.0,102.0],""pixels"":24018,""component_count"":2,""label_band_start_y"":133,""body_band_proxy_bbox"":[13,18,188,133],""label_band_proxy_bbox"":[8,133,194,186]}","{""bbox"":[22,19,173,177],""size"":[151,158],""center"":[97.5,98.0],""pixels"":18817,""component_count"":9,""label_band_start_y"":133,""body_band_proxy_bbox"":[25,19,173,133],""label_band_proxy_bbox"":[22,133,172,177]}",0.811828,0.940476,"[-3.5,-4.0]",0.188172,True,"[175,115]","[148,114]",0.845714,0.991304,0.154286,True,"[186,53]","[150,44]",0.806452,0.830189,0.193548,True
base_high,base,high,2,base_detail,45,castle_town_facility,城下施設,성하시설,4,321,"{""bbox"":[8,18,194,186],""size"":[186,168],""center"":[101.0,102.0],""pixels"":24018,""component_count"":2,""label_band_start_y"":133,""body_band_proxy_bbox"":[13,18,188,133],""label_band_proxy_bbox"":[8,133,194,186]}","{""bbox"":[24,19,172,176],""size"":[148,157],""center"":[98.0,97.5],""pixels"":18385,""component_count"":5,""label_band_start_y"":133,""body_band_proxy_bbox"":[25,19,172,133],""label_band_proxy_bbox"":[24,133,170,176]}",0.795699,0.934524,"[-3.0,-4.5]",0.204301,True,"[175,115]","[147,114]",0.84,0.991304,0.16,True,"[186,53]","[146,43]",0.784946,0.811321,0.215054,True
base_high,base,high,2,base_detail,45,castle_town_facility,城下施設,성하시설,5,322,"{""bbox"":[8,18,194,186],""size"":[186,168],""center"":[101.0,102.0],""pixels"":24018,""component_count"":2,""label_band_start_y"":133,""body_band_proxy_bbox"":[13,18,188,133],""label_band_proxy_bbox"":[8,133,194,186]}","{""bbox"":[22,19,173,178],""size"":[151,159],""center"":[97.5,98.5],""pixels"":19083,""component_count"":3,""label_band_start_y"":133,""body_band_proxy_bbox"":[23,19,173,133],""label_band_proxy_bbox"":[22,133,173,178]}",0.811828,0.946429,"[-3.5,-3.5]",0.188172,True,"[175,115]","[150,114]",0.857143,0.991304,0.142857,True,"[186,53]","[151,45]",0.811828,0.849057,0.188172,True
base_high,base,high,2,base_detail,45,castle_town_facility,城下施設,성하시설,6,323,"{""bbox"":[8,18,194,186],""size"":[186,168],""center"":[101.0,102.0],""pixels"":24018,""component_count"":2,""label_band_start_y"":133,""body_band_proxy_bbox"":[13,18,188,133],""label_band_proxy_bbox"":[8,133,194,186]}","{""bbox"":[23,19,171,176],""size"":[148,157],""center"":[97.0,97.5],""pixels"":18451,""component_count"":5,""label_band_start_y"":133,""body_band_proxy_bbox"":[23,19,171,133],""label_band_proxy_bbox"":[23,133,169,176]}",0.795699,0.934524,"[-4.0,-4.5]",0.204301,True,"[175,115]","[148,114]",0.845714,0.991304,0.154286,True,"[186,53]","[146,43]",0.784946,0.811321,0.215054,True
base_high,base,high,2,base_detail,46,county_develop,郡開発,군개발,1,324,"{""bbox"":[18,18,182,186],""size"":[164,168],""center"":[100.0,102.0],""pixels"":22213,""component_count"":2,""label_band_start_y"":133,""body_band_proxy_bbox"":[18,18,182,133],""label_band_proxy_bbox"":[24,133,176,186]}","{""bbox"":[25,21,175,176],""size"":[150,155],""center"":[100.0,98.5],""pixels"":17759,""component_count"":2,""label_band_start_y"":133,""body_band_proxy_bbox"":[25,21,175,133],""label_band_proxy_bbox"":[36,133,164,176]}",0.914634,0.922619,"[0.0,-3.5]",0.085366,True,"[164,115]","[150,112]",0.914634,0.973913,0.085366,True,"[152,53]","[128,43]",0.842105,0.811321,0.188679,True
base_high,base,high,2,base_detail,46,county_develop,郡開発,군개발,2,325,"{""bbox"":[18,18,182,186],""size"":[164,168],""center"":[100.0,102.0],""pixels"":22213,""component_count"":2,""label_band_start_y"":133,""body_band_proxy_bbox"":[18,18,182,133],""label_band_proxy_bbox"":[24,133,176,186]}","{""bbox"":[25,20,176,179],""size"":[151,159],""center"":[100.5,99.5],""pixels"":18365,""component_count"":4,""label_band_start_y"":133,""body_band_proxy_bbox"":[25,20,176,133],""label_band_proxy_bbox"":[35,133,166,179]}",0.920732,0.946429,"[0.5,-2.5]",0.079268,True,"[164,115]","[151,113]",0.920732,0.982609,0.079268,True,"[152,53]","[131,46]",0.861842,0.867925,0.138158,True
base_high,base,high,2,base_detail,46,county_develop,郡開発,군개발,3,326,"{""bbox"":[18,18,182,186],""size"":[164,168],""center"":[100.0,102.0],""pixels"":22213,""component_count"":2,""label_band_start_y"":133,""body_band_proxy_bbox"":[18,18,182,133],""label_band_proxy_bbox"":[24,133,176,186]}","{""bbox"":[25,19,175,179],""size"":[150,160],""center"":[100.0,99.0],""pixels"":18444,""component_count"":3,""label_band_start_y"":133,""body_band_proxy_bbox"":[25,19,175,133],""label_band_proxy_bbox"":[35,133,165,179]}",0.914634,0.952381,"[0.0,-3.0]",0.085366,True,"[164,115]","[150,114]",0.914634,0.991304,0.085366,True,"[152,53]","[130,46]",0.855263,0.867925,0.144737,True
base_high,base,high,2,base_detail,46,county_develop,郡開発,군개발,4,327,"{""bbox"":[18,18,182,186],""size"":[164,168],""center"":[100.0,102.0],""pixels"":22213,""component_count"":2,""label_band_start_y"":133,""body_band_proxy_bbox"":[18,18,182,133],""label_band_proxy_bbox"":[24,133,176,186]}","{""bbox"":[24,20,175,177],""size"":[151,157],""center"":[99.5,98.5],""pixels"":18141,""component_count"":3,""label_band_start_y"":133,""body_band_proxy_bbox"":[24,20,175,133],""label_band_proxy_bbox"":[35,133,165,177]}",0.920732,0.934524,"[-0.5,-3.5]",0.079268,True,"[164,115]","[151,113]",0.920732,0.982609,0.079268,True,"[152,53]","[130,44]",0.855263,0.830189,0.169811,True
base_high,base,high,2,base_detail,46,county_develop,郡開発,군개발,5,328,"{""bbox"":[18,18,182,186],""size"":[164,168],""center"":[100.0,102.0],""pixels"":22213,""component_count"":2,""label_band_start_y"":133,""body_band_proxy_bbox"":[18,18,182,133],""label_band_proxy_bbox"":[24,133,176,186]}","{""bbox"":[25,20,175,179],""size"":[150,159],""center"":[100.0,99.5],""pixels"":18220,""component_count"":3,""label_band_start_y"":133,""body_band_proxy_bbox"":[25,20,175,133],""label_band_proxy_bbox"":[36,133,165,179]}",0.914634,0.946429,"[0.0,-2.5]",0.085366,True,"[164,115]","[150,113]",0.914634,0.982609,0.085366,True,"[152,53]","[129,46]",0.848684,0.867925,0.151316,True
base_high,base,high,2,base_detail,46,county_develop,郡開発,군개발,6,329,"{""bbox"":[18,18,182,186],""size"":[164,168],""center"":[100.0,102.0],""pixels"":22213,""component_count"":2,""label_band_start_y"":133,""body_band_proxy_bbox"":[18,18,182,133],""label_band_proxy_bbox"":[24,133,176,186]}","{""bbox"":[25,20,175,177],""size"":[150,157],""center"":[100.0,98.5],""pixels"":18063,""component_count"":5,""label_band_start_y"":133,""body_band_proxy_bbox"":[25,20,175,133],""label_band_proxy_bbox"":[35,133,165,177]}",0.914634,0.934524,"[0.0,-3.5]",0.085366,True,"[164,115]","[150,113]",0.914634,0.982609,0.085366,True,"[152,53]","[130,44]",0.855263,0.830189,0.169811,True
base_high,base,high,2,base_detail,47,domain_policy,領内諸策,영지계책,1,330,"{""bbox"":[6,18,195,186],""size"":[189,168],""center"":[100.5,102.0],""pixels"":24041,""component_count"":2,""label_band_start_y"":133,""body_band_proxy_bbox"":[13,18,191,133],""label_band_proxy_bbox"":[6,133,195,186]}","{""bbox"":[21,20,175,176],""size"":[154,156],""center"":[98.0,98.0],""pixels"":18859,""component_count"":2,""label_band_start_y"":133,""body_band_proxy_bbox"":[25,20,174,133],""label_band_proxy_bbox"":[21,133,175,176]}",0.814815,0.928571,"[-2.5,-4.0]",0.185185,True,"[178,115]","[149,113]",0.837079,0.982609,0.162921,True,"[189,53]","[154,43]",0.814815,0.811321,0.188679,True
base_high,base,high,2,base_detail,47,domain_policy,領内諸策,영지계책,2,331,"{""bbox"":[6,18,195,186],""size"":[189,168],""center"":[100.5,102.0],""pixels"":24041,""component_count"":2,""label_band_start_y"":133,""body_band_proxy_bbox"":[13,18,191,133],""label_band_proxy_bbox"":[6,133,195,186]}","{""bbox"":[19,20,176,178],""size"":[157,158],""center"":[97.5,99.0],""pixels"":19282,""component_count"":3,""label_band_start_y"":133,""body_band_proxy_bbox"":[25,20,176,133],""label_band_proxy_bbox"":[19,133,176,178]}",0.830688,0.940476,"[-3.0,-3.0]",0.169312,True,"[178,115]","[151,113]",0.848315,0.982609,0.151685,True,"[189,53]","[157,45]",0.830688,0.849057,0.169312,True
base_high,base,high,2,base_detail,47,domain_policy,領内諸策,영지계책,3,332,"{""bbox"":[6,18,195,186],""size"":[189,168],""center"":[100.5,102.0],""pixels"":24051,""component_count"":2,""label_band_start_y"":133,""body_band_proxy_bbox"":[13,18,191,133],""label_band_proxy_bbox"":[6,133,195,186]}","{""bbox"":[20,19,177,177],""size"":[157,158],""center"":[98.5,98.0],""pixels"":19463,""component_count"":2,""label_band_start_y"":133,""body_band_proxy_bbox"":[26,19,177,133],""label_band_proxy_bbox"":[20,133,177,177]}",0.830688,0.940476,"[-2.0,-4.0]",0.169312,True,"[178,115]","[151,114]",0.848315,0.991304,0.151685,True,"[189,53]","[157,44]",0.830688,0.830189,0.169811,True
base_high,base,high,2,base_detail,47,domain_policy,領内諸策,영지계책,4,333,"{""bbox"":[6,18,195,186],""size"":[189,168],""center"":[100.5,102.0],""pixels"":24041,""component_count"":2,""label_band_start_y"":133,""body_band_proxy_bbox"":[13,18,191,133],""label_band_proxy_bbox"":[6,133,195,186]}","{""bbox"":[22,20,174,174],""size"":[152,154],""center"":[98.0,97.0],""pixels"":18388,""component_count"":2,""label_band_start_y"":133,""body_band_proxy_bbox"":[26,20,174,133],""label_band_proxy_bbox"":[22,133,174,174]}",0.804233,0.916667,"[-2.5,-5.0]",0.195767,True,"[178,115]","[148,113]",0.831461,0.982609,0.168539,True,"[189,53]","[152,41]",0.804233,0.773585,0.226415,True
base_high,base,high,2,base_detail,47,domain_policy,領内諸策,영지계책,5,334,"{""bbox"":[6,18,195,186],""size"":[189,168],""center"":[100.5,102.0],""pixels"":24041,""component_count"":2,""label_band_start_y"":133,""body_band_proxy_bbox"":[13,18,191,133],""label_band_proxy_bbox"":[6,133,195,186]}","{""bbox"":[20,19,177,178],""size"":[157,159],""center"":[98.5,98.5],""pixels"":19568,""component_count"":5,""label_band_start_y"":133,""body_band_proxy_bbox"":[25,19,177,133],""label_band_proxy_bbox"":[20,133,177,178]}",0.830688,0.946429,"[-2.0,-3.5]",0.169312,True,"[178,115]","[152,114]",0.853933,0.991304,0.146067,True,"[189,53]","[157,45]",0.830688,0.849057,0.169312,True
base_high,base,high,2,base_detail,47,domain_policy,領内諸策,영지계책,6,335,"{""bbox"":[6,18,195,186],""size"":[189,168],""center"":[100.5,102.0],""pixels"":24041,""component_count"":2,""label_band_start_y"":133,""body_band_proxy_bbox"":[13,18,191,133],""label_band_proxy_bbox"":[6,133,195,186]}","{""bbox"":[23,21,174,174],""size"":[151,153],""center"":[98.5,97.5],""pixels"":18101,""component_count"":2,""label_band_start_y"":133,""body_band_proxy_bbox"":[28,21,173,133],""label_band_proxy_bbox"":[23,133,174,174]}",0.798942,0.910714,"[-2.0,-4.5]",0.201058,True,"[178,115]","[145,112]",0.814607,0.973913,0.185393,True,"[189,53]","[151,41]",0.798942,0.773585,0.226415,True
base_high,base,high,2,base_detail,48,friendship,親善,친선,1,336,"{""bbox"":[18,18,182,186],""size"":[164,168],""center"":[100.0,102.0],""pixels"":21042,""component_count"":2,""label_band_start_y"":133,""body_band_proxy_bbox"":[18,18,182,133],""label_band_proxy_bbox"":[24,133,176,186]}","{""bbox"":[26,19,175,176],""size"":[149,157],""center"":[100.5,97.5],""pixels"":16709,""component_count"":4,""label_band_start_y"":133,""body_band_proxy_bbox"":[26,19,175,133],""label_band_proxy_bbox"":[38,133,162,176]}",0.908537,0.934524,"[0.5,-4.5]",0.091463,True,"[164,115]","[149,114]",0.908537,0.991304,0.091463,True,"[152,53]","[124,43]",0.815789,0.811321,0.188679,True
base_high,base,high,2,base_detail,48,friendship,親善,친선,2,337,"{""bbox"":[18,18,182,186],""size"":[164,168],""center"":[100.0,102.0],""pixels"":21042,""component_count"":2,""label_band_start_y"":133,""body_band_proxy_bbox"":[18,18,182,133],""label_band_proxy_bbox"":[24,133,176,186]}","{""bbox"":[25,19,174,177],""size"":[149,158],""center"":[99.5,98.0],""pixels"":16799,""component_count"":3,""label_band_start_y"":133,""body_band_proxy_bbox"":[25,19,174,133],""label_band_proxy_bbox"":[37,133,162,177]}",0.908537,0.940476,"[-0.5,-4.0]",0.091463,True,"[164,115]","[149,114]",0.908537,0.991304,0.091463,True,"[152,53]","[125,44]",0.822368,0.830189,0.177632,True
base_high,base,high,2,base_detail,48,friendship,親善,친선,3,338,"{""bbox"":[18,18,182,186],""size"":[164,168],""center"":[100.0,102.0],""pixels"":21042,""component_count"":2,""label_band_start_y"":133,""body_band_proxy_bbox"":[18,18,182,133],""label_band_proxy_bbox"":[24,133,176,186]}","{""bbox"":[25,19,174,176],""size"":[149,157],""center"":[99.5,97.5],""pixels"":16705,""component_count"":2,""label_band_start_y"":133,""body_band_proxy_bbox"":[25,19,174,133],""label_band_proxy_bbox"":[37,133,161,176]}",0.908537,0.934524,"[-0.5,-4.5]",0.091463,True,"[164,115]","[149,114]",0.908537,0.991304,0.091463,True,"[152,53]","[124,43]",0.815789,0.811321,0.188679,True
base_high,base,high,2,base_detail,48,friendship,親善,친선,4,339,"{""bbox"":[18,18,182,186],""size"":[164,168],""center"":[100.0,102.0],""pixels"":21042,""component_count"":2,""label_band_start_y"":133,""body_band_proxy_bbox"":[18,18,182,133],""label_band_proxy_bbox"":[24,133,176,186]}","{""bbox"":[26,19,175,176],""size"":[149,157],""center"":[100.5,97.5],""pixels"":16617,""component_count"":4,""label_band_start_y"":133,""body_band_proxy_bbox"":[26,19,175,133],""label_band_proxy_bbox"":[38,133,163,176]}",0.908537,0.934524,"[0.5,-4.5]",0.091463,True,"[164,115]","[149,114]",0.908537,0.991304,0.091463,True,"[152,53]","[125,43]",0.822368,0.811321,0.188679,True
base_high,base,high,2,base_detail,48,friendship,親善,친선,5,340,"{""bbox"":[18,18,182,186],""size"":[164,168],""center"":[100.0,102.0],""pixels"":21042,""component_count"":2,""label_band_start_y"":133,""body_band_proxy_bbox"":[18,18,182,133],""label_band_proxy_bbox"":[24,133,176,186]}","{""bbox"":[24,19,174,177],""size"":[150,158],""center"":[99.0,98.0],""pixels"":16888,""component_count"":4,""label_band_start_y"":133,""body_band_proxy_bbox"":[24,19,174,133],""label_band_proxy_bbox"":[37,133,161,177]}",0.914634,0.940476,"[-1.0,-4.0]",0.085366,True,"[164,115]","[150,114]",0.914634,0.991304,0.085366,True,"[152,53]","[124,44]",0.815789,0.830189,0.184211,True
base_high,base,high,2,base_detail,48,friendship,親善,친선,6,341,"{""bbox"":[18,18,182,186],""size"":[164,168],""center"":[100.0,102.0],""pixels"":21042,""component_count"":2,""label_band_start_y"":133,""body_band_proxy_bbox"":[18,18,182,133],""label_band_proxy_bbox"":[24,133,176,186]}","{""bbox"":[26,19,175,175],""size"":[149,156],""center"":[100.5,97.0],""pixels"":16584,""component_count"":2,""label_band_start_y"":133,""body_band_proxy_bbox"":[26,19,175,133],""label_band_proxy_bbox"":[39,133,162,175]}",0.908537,0.928571,"[0.5,-5.0]",0.091463,True,"[164,115]","[149,114]",0.908537,0.991304,0.091463,True,"[152,53]","[123,42]",0.809211,0.792453,0.207547,True
base_high,base,high,2,base_detail,49,negotiation,交渉,교섭,1,342,"{""bbox"":[18,18,182,186],""size"":[164,168],""center"":[100.0,102.0],""pixels"":21052,""component_count"":2,""label_band_start_y"":133,""body_band_proxy_bbox"":[18,18,182,133],""label_band_proxy_bbox"":[24,133,176,186]}","{""bbox"":[28,19,172,174],""size"":[144,155],""center"":[100.0,96.5],""pixels"":16233,""component_count"":2,""label_band_start_y"":133,""body_band_proxy_bbox"":[28,19,172,133],""label_band_proxy_bbox"":[41,133,160,174]}",0.878049,0.922619,"[0.0,-5.5]",0.121951,True,"[164,115]","[144,114]",0.878049,0.991304,0.121951,True,"[152,53]","[119,41]",0.782895,0.773585,0.226415,True
base_high,base,high,2,base_detail,49,negotiation,交渉,교섭,2,343,"{""bbox"":[18,18,182,186],""size"":[164,168],""center"":[100.0,102.0],""pixels"":21052,""component_count"":2,""label_band_start_y"":133,""body_band_proxy_bbox"":[18,18,182,133],""label_band_proxy_bbox"":[24,133,176,186]}","{""bbox"":[28,19,171,175],""size"":[143,156],""center"":[99.5,97.0],""pixels"":16246,""component_count"":4,""label_band_start_y"":133,""body_band_proxy_bbox"":[28,19,171,133],""label_band_proxy_bbox"":[41,133,158,175]}",0.871951,0.928571,"[-0.5,-5.0]",0.128049,True,"[164,115]","[143,114]",0.871951,0.991304,0.128049,True,"[152,53]","[117,42]",0.769737,0.792453,0.230263,True
base_high,base,high,2,base_detail,49,negotiation,交渉,교섭,3,344,"{""bbox"":[18,18,182,186],""size"":[164,168],""center"":[100.0,102.0],""pixels"":21052,""component_count"":2,""label_band_start_y"":133,""body_band_proxy_bbox"":[18,18,182,133],""label_band_proxy_bbox"":[24,133,176,186]}","{""bbox"":[28,19,172,175],""size"":[144,156],""center"":[100.0,97.0],""pixels"":16319,""component_count"":2,""label_band_start_y"":133,""body_band_proxy_bbox"":[28,19,172,133],""label_band_proxy_bbox"":[40,133,160,175]}",0.878049,0.928571,"[0.0,-5.0]",0.121951,True,"[164,115]","[144,114]",0.878049,0.991304,0.121951,True,"[152,53]","[120,42]",0.789474,0.792453,0.210526,True
base_high,base,high,2,base_detail,49,negotiation,交渉,교섭,4,345,"{""bbox"":[18,18,182,186],""size"":[164,168],""center"":[100.0,102.0],""pixels"":21052,""component_count"":2,""label_band_start_y"":133,""body_band_proxy_bbox"":[18,18,182,133],""label_band_proxy_bbox"":[24,133,176,186]}","{""bbox"":[28,19,173,175],""size"":[145,156],""center"":[100.5,97.0],""pixels"":16251,""component_count"":1,""label_band_start_y"":133,""body_band_proxy_bbox"":[28,19,173,133],""label_band_proxy_bbox"":[41,133,161,175]}",0.884146,0.928571,"[0.5,-5.0]",0.115854,True,"[164,115]","[145,114]",0.884146,0.991304,0.115854,True,"[152,53]","[120,42]",0.789474,0.792453,0.210526,True
base_high,base,high,2,base_detail,49,negotiation,交渉,교섭,5,346,"{""bbox"":[18,18,182,186],""size"":[164,168],""center"":[100.0,102.0],""pixels"":21052,""component_count"":2,""label_band_start_y"":133,""body_band_proxy_bbox"":[18,18,182,133],""label_band_proxy_bbox"":[24,133,176,186]}","{""bbox"":[28,19,171,175],""size"":[143,156],""center"":[99.5,97.0],""pixels"":16225,""component_count"":1,""label_band_start_y"":133,""body_band_proxy_bbox"":[28,19,171,133],""label_band_proxy_bbox"":[41,133,158,175]}",0.871951,0.928571,"[-0.5,-5.0]",0.128049,True,"[164,115]","[143,114]",0.871951,0.991304,0.128049,True,"[152,53]","[117,42]",0.769737,0.792453,0.230263,True
base_high,base,high,2,base_detail,49,negotiation,交渉,교섭,6,347,"{""bbox"":[18,18,182,186],""size"":[164,168],""center"":[100.0,102.0],""pixels"":21052,""component_count"":2,""label_band_start_y"":133,""body_band_proxy_bbox"":[18,18,182,133],""label_band_proxy_bbox"":[24,133,176,186]}","{""bbox"":[28,19,172,175],""size"":[144,156],""center"":[100.0,97.0],""pixels"":16185,""component_count"":2,""label_band_start_y"":133,""body_band_proxy_bbox"":[28,19,172,133],""label_band_proxy_bbox"":[40,133,160,175]}",0.878049,0.928571,"[0.0,-5.0]",0.121951,True,"[164,115]","[144,114]",0.878049,0.991304,0.121951,True,"[152,53]","[120,42]",0.789474,0.792453,0.210526,True
base_high,base,high,2,base_detail,50,imperial_court,朝廷,조정,1,348,"{""bbox"":[18,18,182,186],""size"":[164,168],""center"":[100.0,102.0],""pixels"":21147,""component_count"":2,""label_band_start_y"":133,""body_band_proxy_bbox"":[18,18,182,133],""label_band_proxy_bbox"":[24,133,176,186]}","{""bbox"":[27,19,173,176],""size"":[146,157],""center"":[100.0,97.5],""pixels"":16321,""component_count"":5,""label_band_start_y"":133,""body_band_proxy_bbox"":[27,19,173,133],""label_band_proxy_bbox"":[42,133,157,176]}",0.890244,0.934524,"[0.0,-4.5]",0.109756,True,"[164,115]","[146,114]",0.890244,0.991304,0.109756,True,"[152,53]","[115,43]",0.756579,0.811321,0.243421,True
base_high,base,high,2,base_detail,50,imperial_court,朝廷,조정,2,349,"{""bbox"":[18,18,182,186],""size"":[164,168],""center"":[100.0,102.0],""pixels"":21147,""component_count"":2,""label_band_start_y"":133,""body_band_proxy_bbox"":[18,18,182,133],""label_band_proxy_bbox"":[24,133,176,186]}","{""bbox"":[26,19,172,178],""size"":[146,159],""center"":[99.0,98.5],""pixels"":16690,""component_count"":5,""label_band_start_y"":133,""body_band_proxy_bbox"":[26,19,172,133],""label_band_proxy_bbox"":[41,133,157,178]}",0.890244,0.946429,"[-1.0,-3.5]",0.109756,True,"[164,115]","[146,114]",0.890244,0.991304,0.109756,True,"[152,53]","[116,45]",0.763158,0.849057,0.236842,True
base_high,base,high,2,base_detail,50,imperial_court,朝廷,조정,3,350,"{""bbox"":[18,18,182,186],""size"":[164,168],""center"":[100.0,102.0],""pixels"":21147,""component_count"":2,""label_band_start_y"":133,""body_band_proxy_bbox"":[18,18,182,133],""label_band_proxy_bbox"":[24,133,176,186]}","{""bbox"":[26,19,173,178],""size"":[147,159],""center"":[99.5,98.5],""pixels"":16741,""component_count"":1,""label_band_start_y"":133,""body_band_proxy_bbox"":[26,19,173,133],""label_band_proxy_bbox"":[40,133,159,178]}",0.896341,0.946429,"[-0.5,-3.5]",0.103659,True,"[164,115]","[147,114]",0.896341,0.991304,0.103659,True,"[152,53]","[119,45]",0.782895,0.849057,0.217105,True
base_high,base,high,2,base_detail,50,imperial_court,朝廷,조정,4,351,"{""bbox"":[18,18,182,186],""size"":[164,168],""center"":[100.0,102.0],""pixels"":21147,""component_count"":2,""label_band_start_y"":133,""body_band_proxy_bbox"":[18,18,182,133],""label_band_proxy_bbox"":[24,133,176,186]}","{""bbox"":[26,19,175,176],""size"":[149,157],""center"":[100.5,97.5],""pixels"":16465,""component_count"":3,""label_band_start_y"":133,""body_band_proxy_bbox"":[26,19,175,133],""label_band_proxy_bbox"":[42,133,160,176]}",0.908537,0.934524,"[0.5,-4.5]",0.091463,True,"[164,115]","[149,114]",0.908537,0.991304,0.091463,True,"[152,53]","[118,43]",0.776316,0.811321,0.223684,True
base_high,base,high,2,base_detail,50,imperial_court,朝廷,조정,5,352,"{""bbox"":[18,18,182,186],""size"":[164,168],""center"":[100.0,102.0],""pixels"":21147,""component_count"":2,""label_band_start_y"":133,""body_band_proxy_bbox"":[18,18,182,133],""label_band_proxy_bbox"":[24,133,176,186]}","{""bbox"":[26,19,172,178],""size"":[146,159],""center"":[99.0,98.5],""pixels"":16690,""component_count"":3,""label_band_start_y"":133,""body_band_proxy_bbox"":[26,19,172,133],""label_band_proxy_bbox"":[41,133,157,178]}",0.890244,0.946429,"[-1.0,-3.5]",0.109756,True,"[164,115]","[146,114]",0.890244,0.991304,0.109756,True,"[152,53]","[116,45]",0.763158,0.849057,0.236842,True
base_high,base,high,2,base_detail,50,imperial_court,朝廷,조정,6,353,"{""bbox"":[18,18,182,186],""size"":[164,168],""center"":[100.0,102.0],""pixels"":21147,""component_count"":2,""label_band_start_y"":133,""body_band_proxy_bbox"":[18,18,182,133],""label_band_proxy_bbox"":[24,133,176,186]}","{""bbox"":[26,19,175,176],""size"":[149,157],""center"":[100.5,97.5],""pixels"":16482,""component_count"":1,""label_band_start_y"":133,""body_band_proxy_bbox"":[26,19,175,133],""label_band_proxy_bbox"":[41,133,160,176]}",0.908537,0.934524,"[0.5,-4.5]",0.091463,True,"[164,115]","[149,114]",0.908537,0.991304,0.091463,True,"[152,53]","[119,43]",0.782895,0.811321,0.217105,True
base_high,base,high,2,base_detail,51,office,役職,역직,1,354,"{""bbox"":[18,18,182,186],""size"":[164,168],""center"":[100.0,102.0],""pixels"":21153,""component_count"":2,""label_band_start_y"":133,""body_band_proxy_bbox"":[18,18,182,133],""label_band_proxy_bbox"":[24,133,176,186]}","{""bbox"":[26,19,175,174],""size"":[149,155],""center"":[100.5,96.5],""pixels"":16493,""component_count"":1,""label_band_start_y"":133,""body_band_proxy_bbox"":[26,19,175,133],""label_band_proxy_bbox"":[39,133,162,174]}",0.908537,0.922619,"[0.5,-5.5]",0.091463,True,"[164,115]","[149,114]",0.908537,0.991304,0.091463,True,"[152,53]","[123,41]",0.809211,0.773585,0.226415,True
base_high,base,high,2,base_detail,51,office,役職,역직,2,355,"{""bbox"":[18,18,182,186],""size"":[164,168],""center"":[100.0,102.0],""pixels"":21153,""component_count"":2,""label_band_start_y"":133,""body_band_proxy_bbox"":[18,18,182,133],""label_band_proxy_bbox"":[24,133,176,186]}","{""bbox"":[26,19,174,176],""size"":[148,157],""center"":[100.0,97.5],""pixels"":16552,""component_count"":3,""label_band_start_y"":133,""body_band_proxy_bbox"":[26,19,174,133],""label_band_proxy_bbox"":[40,133,160,176]}",0.902439,0.934524,"[0.0,-4.5]",0.097561,True,"[164,115]","[148,114]",0.902439,0.991304,0.097561,True,"[152,53]","[120,43]",0.789474,0.811321,0.210526,True
base_high,base,high,2,base_detail,51,office,役職,역직,3,356,"{""bbox"":[18,18,182,186],""size"":[164,168],""center"":[100.0,102.0],""pixels"":21153,""component_count"":2,""label_band_start_y"":133,""body_band_proxy_bbox"":[18,18,182,133],""label_band_proxy_bbox"":[24,133,176,186]}","{""bbox"":[26,19,174,176],""size"":[148,157],""center"":[100.0,97.5],""pixels"":16458,""component_count"":3,""label_band_start_y"":133,""body_band_proxy_bbox"":[26,19,174,133],""label_band_proxy_bbox"":[39,133,160,176]}",0.902439,0.934524,"[0.0,-4.5]",0.097561,True,"[164,115]","[148,114]",0.902439,0.991304,0.097561,True,"[152,53]","[121,43]",0.796053,0.811321,0.203947,True
base_high,base,high,2,base_detail,51,office,役職,역직,4,357,"{""bbox"":[18,18,182,186],""size"":[164,168],""center"":[100.0,102.0],""pixels"":21153,""component_count"":2,""label_band_start_y"":133,""body_band_proxy_bbox"":[18,18,182,133],""label_band_proxy_bbox"":[24,133,176,186]}","{""bbox"":[26,19,173,173],""size"":[147,154],""center"":[99.5,96.0],""pixels"":16032,""component_count"":3,""label_band_start_y"":133,""body_band_proxy_bbox"":[26,19,173,133],""label_band_proxy_bbox"":[40,133,159,173]}",0.896341,0.916667,"[-0.5,-6.0]",0.103659,True,"[164,115]","[147,114]",0.896341,0.991304,0.103659,True,"[152,53]","[119,40]",0.782895,0.754717,0.245283,True
base_high,base,high,2,base_detail,51,office,役職,역직,5,358,"{""bbox"":[18,18,182,186],""size"":[164,168],""center"":[100.0,102.0],""pixels"":21153,""component_count"":2,""label_band_start_y"":133,""body_band_proxy_bbox"":[18,18,182,133],""label_band_proxy_bbox"":[24,133,176,186]}","{""bbox"":[26,19,174,176],""size"":[148,157],""center"":[100.0,97.5],""pixels"":16505,""component_count"":3,""label_band_start_y"":133,""body_band_proxy_bbox"":[26,19,174,133],""label_band_proxy_bbox"":[40,133,160,176]}",0.902439,0.934524,"[0.0,-4.5]",0.097561,True,"[164,115]","[148,114]",0.902439,0.991304,0.097561,True,"[152,53]","[120,43]",0.789474,0.811321,0.210526,True
base_high,base,high,2,base_detail,51,office,役職,역직,6,359,"{""bbox"":[18,18,182,186],""size"":[164,168],""center"":[100.0,102.0],""pixels"":21153,""component_count"":2,""label_band_start_y"":133,""body_band_proxy_bbox"":[18,18,182,133],""label_band_proxy_bbox"":[24,133,176,186]}","{""bbox"":[26,19,174,173],""size"":[148,154],""center"":[100.0,96.0],""pixels"":16051,""component_count"":2,""label_band_start_y"":133,""body_band_proxy_bbox"":[26,19,174,133],""label_band_proxy_bbox"":[40,133,160,173]}",0.902439,0.916667,"[0.0,-6.0]",0.097561,True,"[164,115]","[148,114]",0.902439,0.991304,0.097561,True,"[152,53]","[120,40]",0.789474,0.754717,0.245283,True
base_high,base,high,2,base_detail,52,capture_target,攻略目標,공략목표,1,360,"{""bbox"":[5,18,194,186],""size"":[189,168],""center"":[99.5,102.0],""pixels"":24282,""component_count"":2,""label_band_start_y"":133,""body_band_proxy_bbox"":[8,18,192,133],""label_band_proxy_bbox"":[5,133,194,186]}","{""bbox"":[16,19,182,177],""size"":[166,158],""center"":[99.0,98.0],""pixels"":19250,""component_count"":5,""label_band_start_y"":133,""body_band_proxy_bbox"":[25,19,176,133],""label_band_proxy_bbox"":[16,133,182,177]}",0.878307,0.940476,"[-0.5,-4.0]",0.121693,True,"[184,115]","[151,114]",0.820652,0.991304,0.179348,True,"[189,53]","[166,44]",0.878307,0.830189,0.169811,True
base_high,base,high,2,base_detail,52,capture_target,攻略目標,공략목표,2,361,"{""bbox"":[5,18,194,186],""size"":[189,168],""center"":[99.5,102.0],""pixels"":24282,""component_count"":2,""label_band_start_y"":133,""body_band_proxy_bbox"":[8,18,192,133],""label_band_proxy_bbox"":[5,133,194,186]}","{""bbox"":[13,19,184,179],""size"":[171,160],""center"":[98.5,99.0],""pixels"":19756,""component_count"":9,""label_band_start_y"":133,""body_band_proxy_bbox"":[22,19,175,133],""label_band_proxy_bbox"":[13,133,184,179]}",0.904762,0.952381,"[-1.0,-3.0]",0.095238,True,"[184,115]","[153,114]",0.831522,0.991304,0.168478,True,"[189,53]","[171,46]",0.904762,0.867925,0.132075,True
base_high,base,high,2,base_detail,52,capture_target,攻略目標,공략목표,3,362,"{""bbox"":[5,18,194,186],""size"":[189,168],""center"":[99.5,102.0],""pixels"":24282,""component_count"":2,""label_band_start_y"":133,""body_band_proxy_bbox"":[8,18,192,133],""label_band_proxy_bbox"":[5,133,194,186]}","{""bbox"":[14,19,184,179],""size"":[170,160],""center"":[99.0,99.0],""pixels"":19602,""component_count"":3,""label_band_start_y"":133,""body_band_proxy_bbox"":[23,19,175,133],""label_band_proxy_bbox"":[14,133,184,179]}",0.899471,0.952381,"[-0.5,-3.0]",0.100529,True,"[184,115]","[152,114]",0.826087,0.991304,0.173913,True,"[189,53]","[170,46]",0.899471,0.867925,0.132075,True
base_high,base,high,2,base_detail,52,capture_target,攻略目標,공략목표,4,363,"{""bbox"":[5,18,194,186],""size"":[189,168],""center"":[99.5,102.0],""pixels"":24282,""component_count"":2,""label_band_start_y"":133,""body_band_proxy_bbox"":[8,18,192,133],""label_band_proxy_bbox"":[5,133,194,186]}","{""bbox"":[16,25,182,177],""size"":[166,152],""center"":[99.0,101.0],""pixels"":18254,""component_count"":7,""label_band_start_y"":133,""body_band_proxy_bbox"":[26,25,172,133],""label_band_proxy_bbox"":[16,133,182,177]}",0.878307,0.904762,"[-0.5,-1.0]",0.121693,True,"[184,115]","[146,108]",0.793478,0.93913,0.206522,True,"[189,53]","[166,44]",0.878307,0.830189,0.169811,True
base_high,base,high,2,base_detail,52,capture_target,攻略目標,공략목표,5,364,"{""bbox"":[5,18,194,186],""size"":[189,168],""center"":[99.5,102.0],""pixels"":24282,""component_count"":2,""label_band_start_y"":133,""body_band_proxy_bbox"":[8,18,192,133],""label_band_proxy_bbox"":[5,133,194,186]}","{""bbox"":[14,19,185,179],""size"":[171,160],""center"":[99.5,99.0],""pixels"":19768,""component_count"":8,""label_band_start_y"":133,""body_band_proxy_bbox"":[23,19,176,133],""label_band_proxy_bbox"":[14,133,185,179]}",0.904762,0.952381,"[0.0,-3.0]",0.095238,True,"[184,115]","[153,114]",0.831522,0.991304,0.168478,True,"[189,53]","[171,46]",0.904762,0.867925,0.132075,True
base_high,base,high,2,base_detail,52,capture_target,攻略目標,공략목표,6,365,"{""bbox"":[5,18,194,186],""size"":[189,168],""center"":[99.5,102.0],""pixels"":24282,""component_count"":2,""label_band_start_y"":133,""body_band_proxy_bbox"":[8,18,192,133],""label_band_proxy_bbox"":[5,133,194,186]}","{""bbox"":[16,24,184,177],""size"":[168,153],""center"":[100.0,100.5],""pixels"":18496,""component_count"":2,""label_band_start_y"":133,""body_band_proxy_bbox"":[27,24,174,133],""label_band_proxy_bbox"":[16,133,184,177]}",0.888889,0.910714,"[0.5,-1.5]",0.111111,True,"[184,115]","[147,109]",0.798913,0.947826,0.201087,True,"[189,53]","[168,44]",0.888889,0.830189,0.169811,True
base_high,base,high,2,base_detail,53,sortie,出陣,출진,1,366,"{""bbox"":[18,18,182,186],""size"":[164,168],""center"":[100.0,102.0],""pixels"":21293,""component_count"":2,""label_band_start_y"":133,""body_band_proxy_bbox"":[18,18,182,133],""label_band_proxy_bbox"":[23,133,177,186]}","{""bbox"":[28,26,171,175],""size"":[143,149],""center"":[99.5,100.5],""pixels"":15616,""component_count"":1,""label_band_start_y"":133,""body_band_proxy_bbox"":[28,26,171,133],""label_band_proxy_bbox"":[39,133,162,175]}",0.871951,0.886905,"[-0.5,-1.5]",0.128049,True,"[164,115]","[143,107]",0.871951,0.930435,0.128049,True,"[154,53]","[123,42]",0.798701,0.792453,0.207547,True
base_high,base,high,2,base_detail,53,sortie,出陣,출진,2,367,"{""bbox"":[18,18,182,186],""size"":[164,168],""center"":[100.0,102.0],""pixels"":21293,""component_count"":2,""label_band_start_y"":133,""body_band_proxy_bbox"":[18,18,182,133],""label_band_proxy_bbox"":[23,133,177,186]}","{""bbox"":[28,26,172,177],""size"":[144,151],""center"":[100.0,101.5],""pixels"":16047,""component_count"":2,""label_band_start_y"":133,""body_band_proxy_bbox"":[28,26,172,133],""label_band_proxy_bbox"":[39,133,161,177]}",0.878049,0.89881,"[0.0,-0.5]",0.121951,True,"[164,115]","[144,107]",0.878049,0.930435,0.121951,True,"[154,53]","[122,44]",0.792208,0.830189,0.207792,True
base_high,base,high,2,base_detail,53,sortie,出陣,출진,3,368,"{""bbox"":[18,18,182,186],""size"":[164,168],""center"":[100.0,102.0],""pixels"":21293,""component_count"":2,""label_band_start_y"":133,""body_band_proxy_bbox"":[18,18,182,133],""label_band_proxy_bbox"":[23,133,177,186]}","{""bbox"":[26,26,173,177],""size"":[147,151],""center"":[99.5,101.5],""pixels"":16280,""component_count"":1,""label_band_start_y"":133,""body_band_proxy_bbox"":[26,26,173,133],""label_band_proxy_bbox"":[37,133,162,177]}",0.896341,0.89881,"[-0.5,-0.5]",0.103659,True,"[164,115]","[147,107]",0.896341,0.930435,0.103659,True,"[154,53]","[125,44]",0.811688,0.830189,0.188312,True
base_high,base,high,2,base_detail,53,sortie,出陣,출진,4,369,"{""bbox"":[18,18,182,186],""size"":[164,168],""center"":[100.0,102.0],""pixels"":21293,""component_count"":2,""label_band_start_y"":133,""body_band_proxy_bbox"":[18,18,182,133],""label_band_proxy_bbox"":[23,133,177,186]}","{""bbox"":[26,25,173,176],""size"":[147,151],""center"":[99.5,100.5],""pixels"":16112,""component_count"":1,""label_band_start_y"":133,""body_band_proxy_bbox"":[26,25,173,133],""label_band_proxy_bbox"":[37,133,162,176]}",0.896341,0.89881,"[-0.5,-1.5]",0.103659,True,"[164,115]","[147,108]",0.896341,0.93913,0.103659,True,"[154,53]","[125,43]",0.811688,0.811321,0.188679,True
base_high,base,high,2,base_detail,53,sortie,出陣,출진,5,370,"{""bbox"":[18,18,182,186],""size"":[164,168],""center"":[100.0,102.0],""pixels"":21293,""component_count"":2,""label_band_start_y"":133,""body_band_proxy_bbox"":[18,18,182,133],""label_band_proxy_bbox"":[23,133,177,186]}","{""bbox"":[28,25,173,177],""size"":[145,152],""center"":[100.5,101.0],""pixels"":16306,""component_count"":2,""label_band_start_y"":133,""body_band_proxy_bbox"":[28,25,173,133],""label_band_proxy_bbox"":[39,133,162,177]}",0.884146,0.904762,"[0.5,-1.0]",0.115854,True,"[164,115]","[145,108]",0.884146,0.93913,0.115854,True,"[154,53]","[123,44]",0.798701,0.830189,0.201299,True
base_high,base,high,2,base_detail,53,sortie,出陣,출진,6,371,"{""bbox"":[18,18,182,186],""size"":[164,168],""center"":[100.0,102.0],""pixels"":21293,""component_count"":2,""label_band_start_y"":133,""body_band_proxy_bbox"":[18,18,182,133],""label_band_proxy_bbox"":[23,133,177,186]}","{""bbox"":[27,25,173,175],""size"":[146,150],""center"":[100.0,100.0],""pixels"":15863,""component_count"":1,""label_band_start_y"":133,""body_band_proxy_bbox"":[27,25,173,133],""label_band_proxy_bbox"":[38,133,161,175]}",0.890244,0.892857,"[0.0,-2.0]",0.109756,True,"[164,115]","[146,108]",0.890244,0.93913,0.109756,True,"[154,53]","[123,42]",0.798701,0.792453,0.207547,True
base_high,base,high,2,base_detail,54,county_develop,郡開発,군개발,1,372,"{""bbox"":[18,18,182,186],""size"":[164,168],""center"":[100.0,102.0],""pixels"":22406,""component_count"":2,""label_band_start_y"":133,""body_band_proxy_bbox"":[18,18,182,133],""label_band_proxy_bbox"":[23,133,177,186]}","{""bbox"":[25,21,175,176],""size"":[150,155],""center"":[100.0,98.5],""pixels"":17759,""component_count"":2,""label_band_start_y"":133,""body_band_proxy_bbox"":[25,21,175,133],""label_band_proxy_bbox"":[36,133,164,176]}",0.914634,0.922619,"[0.0,-3.5]",0.085366,True,"[164,115]","[150,112]",0.914634,0.973913,0.085366,True,"[154,53]","[128,43]",0.831169,0.811321,0.188679,True
base_high,base,high,2,base_detail,54,county_develop,郡開発,군개발,2,373,"{""bbox"":[18,18,182,186],""size"":[164,168],""center"":[100.0,102.0],""pixels"":22406,""component_count"":2,""label_band_start_y"":133,""body_band_proxy_bbox"":[18,18,182,133],""label_band_proxy_bbox"":[23,133,177,186]}","{""bbox"":[25,20,176,179],""size"":[151,159],""center"":[100.5,99.5],""pixels"":18365,""component_count"":4,""label_band_start_y"":133,""body_band_proxy_bbox"":[25,20,176,133],""label_band_proxy_bbox"":[35,133,166,179]}",0.920732,0.946429,"[0.5,-2.5]",0.079268,True,"[164,115]","[151,113]",0.920732,0.982609,0.079268,True,"[154,53]","[131,46]",0.850649,0.867925,0.149351,True
base_high,base,high,2,base_detail,54,county_develop,郡開発,군개발,3,374,"{""bbox"":[18,18,182,186],""size"":[164,168],""center"":[100.0,102.0],""pixels"":22406,""component_count"":2,""label_band_start_y"":133,""body_band_proxy_bbox"":[18,18,182,133],""label_band_proxy_bbox"":[23,133,177,186]}","{""bbox"":[25,19,175,179],""size"":[150,160],""center"":[100.0,99.0],""pixels"":18444,""component_count"":3,""label_band_start_y"":133,""body_band_proxy_bbox"":[25,19,175,133],""label_band_proxy_bbox"":[35,133,165,179]}",0.914634,0.952381,"[0.0,-3.0]",0.085366,True,"[164,115]","[150,114]",0.914634,0.991304,0.085366,True,"[154,53]","[130,46]",0.844156,0.867925,0.155844,True
base_high,base,high,2,base_detail,54,county_develop,郡開発,군개발,4,375,"{""bbox"":[18,18,182,186],""size"":[164,168],""center"":[100.0,102.0],""pixels"":22406,""component_count"":2,""label_band_start_y"":133,""body_band_proxy_bbox"":[18,18,182,133],""label_band_proxy_bbox"":[23,133,177,186]}","{""bbox"":[24,20,175,177],""size"":[151,157],""center"":[99.5,98.5],""pixels"":18141,""component_count"":3,""label_band_start_y"":133,""body_band_proxy_bbox"":[24,20,175,133],""label_band_proxy_bbox"":[35,133,165,177]}",0.920732,0.934524,"[-0.5,-3.5]",0.079268,True,"[164,115]","[151,113]",0.920732,0.982609,0.079268,True,"[154,53]","[130,44]",0.844156,0.830189,0.169811,True
base_high,base,high,2,base_detail,54,county_develop,郡開発,군개발,5,376,"{""bbox"":[18,18,182,186],""size"":[164,168],""center"":[100.0,102.0],""pixels"":22406,""component_count"":2,""label_band_start_y"":133,""body_band_proxy_bbox"":[18,18,182,133],""label_band_proxy_bbox"":[23,133,177,186]}","{""bbox"":[25,20,175,179],""size"":[150,159],""center"":[100.0,99.5],""pixels"":18220,""component_count"":3,""label_band_start_y"":133,""body_band_proxy_bbox"":[25,20,175,133],""label_band_proxy_bbox"":[36,133,165,179]}",0.914634,0.946429,"[0.0,-2.5]",0.085366,True,"[164,115]","[150,113]",0.914634,0.982609,0.085366,True,"[154,53]","[129,46]",0.837662,0.867925,0.162338,True
base_high,base,high,2,base_detail,54,county_develop,郡開発,군개발,6,377,"{""bbox"":[18,18,182,186],""size"":[164,168],""center"":[100.0,102.0],""pixels"":22406,""component_count"":2,""label_band_start_y"":133,""body_band_proxy_bbox"":[18,18,182,133],""label_band_proxy_bbox"":[23,133,177,186]}","{""bbox"":[25,20,175,177],""size"":[150,157],""center"":[100.0,98.5],""pixels"":18063,""component_count"":5,""label_band_start_y"":133,""body_band_proxy_bbox"":[25,20,175,133],""label_band_proxy_bbox"":[35,133,165,177]}",0.914634,0.934524,"[0.0,-3.5]",0.085366,True,"[164,115]","[150,113]",0.914634,0.982609,0.085366,True,"[154,53]","[130,44]",0.844156,0.830189,0.169811,True
base_high,base,high,2,base_detail,55,assignment,主命,주명,1,378,"{""bbox"":[18,18,182,186],""size"":[164,168],""center"":[100.0,102.0],""pixels"":21075,""component_count"":2,""label_band_start_y"":133,""body_band_proxy_bbox"":[18,18,182,133],""label_band_proxy_bbox"":[24,133,176,186]}","{""bbox"":[43,26,158,147],""size"":[115,121],""center"":[100.5,86.5],""pixels"":9870,""component_count"":8,""label_band_start_y"":133,""body_band_proxy_bbox"":[43,26,158,133],""label_band_proxy_bbox"":[64,133,130,147]}",0.70122,0.720238,"[0.5,-15.5]",0.29878,True,"[164,115]","[115,107]",0.70122,0.930435,0.29878,True,"[152,53]","[66,14]",0.434211,0.264151,0.735849,True
base_high,base,high,2,base_detail,55,assignment,主命,주명,2,379,"{""bbox"":[18,18,182,186],""size"":[164,168],""center"":[100.0,102.0],""pixels"":21075,""component_count"":2,""label_band_start_y"":133,""body_band_proxy_bbox"":[18,18,182,133],""label_band_proxy_bbox"":[24,133,176,186]}","{""bbox"":[45,26,159,148],""size"":[114,122],""center"":[102.0,87.0],""pixels"":9924,""component_count"":13,""label_band_start_y"":133,""body_band_proxy_bbox"":[45,26,159,133],""label_band_proxy_bbox"":[65,133,133,148]}",0.695122,0.72619,"[2.0,-15.0]",0.304878,True,"[164,115]","[114,107]",0.695122,0.930435,0.304878,True,"[152,53]","[68,15]",0.447368,0.283019,0.716981,True
base_high,base,high,2,base_detail,55,assignment,主命,주명,3,380,"{""bbox"":[18,18,182,186],""size"":[164,168],""center"":[100.0,102.0],""pixels"":21075,""component_count"":2,""label_band_start_y"":133,""body_band_proxy_bbox"":[18,18,182,133],""label_band_proxy_bbox"":[24,133,176,186]}","{""bbox"":[45,26,161,148],""size"":[116,122],""center"":[103.0,87.0],""pixels"":9968,""component_count"":9,""label_band_start_y"":133,""body_band_proxy_bbox"":[45,26,161,133],""label_band_proxy_bbox"":[67,133,134,148]}",0.707317,0.72619,"[3.0,-15.0]",0.292683,True,"[164,115]","[116,107]",0.707317,0.930435,0.292683,True,"[152,53]","[67,15]",0.440789,0.283019,0.716981,True
base_high,base,high,2,base_detail,55,assignment,主命,주명,4,381,"{""bbox"":[18,18,182,186],""size"":[164,168],""center"":[100.0,102.0],""pixels"":21075,""component_count"":2,""label_band_start_y"":133,""body_band_proxy_bbox"":[18,18,182,133],""label_band_proxy_bbox"":[24,133,176,186]}","{""bbox"":[44,26,159,147],""size"":[115,121],""center"":[101.5,86.5],""pixels"":9832,""component_count"":7,""label_band_start_y"":133,""body_band_proxy_bbox"":[44,26,159,133],""label_band_proxy_bbox"":[66,133,131,147]}",0.70122,0.720238,"[1.5,-15.5]",0.29878,True,"[164,115]","[115,107]",0.70122,0.930435,0.29878,True,"[152,53]","[65,14]",0.427632,0.264151,0.735849,True
base_high,base,high,2,base_detail,55,assignment,主命,주명,5,382,"{""bbox"":[18,18,182,186],""size"":[164,168],""center"":[100.0,102.0],""pixels"":21075,""component_count"":2,""label_band_start_y"":133,""body_band_proxy_bbox"":[18,18,182,133],""label_band_proxy_bbox"":[24,133,176,186]}","{""bbox"":[45,26,159,148],""size"":[114,122],""center"":[102.0,87.0],""pixels"":9938,""component_count"":6,""label_band_start_y"":133,""body_band_proxy_bbox"":[45,26,159,133],""label_band_proxy_bbox"":[65,133,132,148]}",0.695122,0.72619,"[2.0,-15.0]",0.304878,True,"[164,115]","[114,107]",0.695122,0.930435,0.304878,True,"[152,53]","[67,15]",0.440789,0.283019,0.716981,True
base_high,base,high,2,base_detail,55,assignment,主命,주명,6,383,"{""bbox"":[18,18,182,186],""size"":[164,168],""center"":[100.0,102.0],""pixels"":21075,""component_count"":2,""label_band_start_y"":133,""body_band_proxy_bbox"":[18,18,182,133],""label_band_proxy_bbox"":[24,133,176,186]}","{""bbox"":[44,26,159,147],""size"":[115,121],""center"":[101.5,86.5],""pixels"":9879,""component_count"":6,""label_band_start_y"":133,""body_band_proxy_bbox"":[44,26,159,133],""label_band_proxy_bbox"":[66,133,131,147]}",0.70122,0.720238,"[1.5,-15.5]",0.29878,True,"[164,115]","[115,107]",0.70122,0.930435,0.29878,True,"[152,53]","[65,14]",0.427632,0.264151,0.735849,True
base_high,base,high,2,base_detail,56,relocation,移転,이전,1,384,"{""bbox"":[18,18,182,186],""size"":[164,168],""center"":[100.0,102.0],""pixels"":21115,""component_count"":2,""label_band_start_y"":133,""body_band_proxy_bbox"":[18,18,182,133],""label_band_proxy_bbox"":[24,133,176,186]}","{""bbox"":[26,19,173,178],""size"":[147,159],""center"":[99.5,98.5],""pixels"":16622,""component_count"":4,""label_band_start_y"":133,""body_band_proxy_bbox"":[26,19,173,133],""label_band_proxy_bbox"":[40,133,160,178]}",0.896341,0.946429,"[-0.5,-3.5]",0.103659,True,"[164,115]","[147,114]",0.896341,0.991304,0.103659,True,"[152,53]","[120,45]",0.789474,0.849057,0.210526,True
base_high,base,high,2,base_detail,56,relocation,移転,이전,2,385,"{""bbox"":[18,18,182,186],""size"":[164,168],""center"":[100.0,102.0],""pixels"":21115,""component_count"":2,""label_band_start_y"":133,""body_band_proxy_bbox"":[18,18,182,133],""label_band_proxy_bbox"":[24,133,176,186]}","{""bbox"":[28,19,173,179],""size"":[145,160],""center"":[100.5,99.0],""pixels"":16575,""component_count"":2,""label_band_start_y"":133,""body_band_proxy_bbox"":[28,19,173,133],""label_band_proxy_bbox"":[42,133,160,179]}",0.884146,0.952381,"[0.5,-3.0]",0.115854,True,"[164,115]","[145,114]",0.884146,0.991304,0.115854,True,"[152,53]","[118,46]",0.776316,0.867925,0.223684,True
base_high,base,high,2,base_detail,56,relocation,移転,이전,3,386,"{""bbox"":[18,18,182,186],""size"":[164,168],""center"":[100.0,102.0],""pixels"":21125,""component_count"":2,""label_band_start_y"":133,""body_band_proxy_bbox"":[18,18,182,133],""label_band_proxy_bbox"":[24,133,176,186]}","{""bbox"":[27,19,173,179],""size"":[146,160],""center"":[100.0,99.0],""pixels"":16639,""component_count"":1,""label_band_start_y"":133,""body_band_proxy_bbox"":[27,19,173,133],""label_band_proxy_bbox"":[40,133,160,179]}",0.890244,0.952381,"[0.0,-3.0]",0.109756,True,"[164,115]","[146,114]",0.890244,0.991304,0.109756,True,"[152,53]","[120,46]",0.789474,0.867925,0.210526,True
base_high,base,high,2,base_detail,56,relocation,移転,이전,4,387,"{""bbox"":[18,18,182,186],""size"":[164,168],""center"":[100.0,102.0],""pixels"":21115,""component_count"":2,""label_band_start_y"":133,""body_band_proxy_bbox"":[18,18,182,133],""label_band_proxy_bbox"":[24,133,176,186]}","{""bbox"":[26,19,173,178],""size"":[147,159],""center"":[99.5,98.5],""pixels"":16510,""component_count"":3,""label_band_start_y"":133,""body_band_proxy_bbox"":[26,19,173,133],""label_band_proxy_bbox"":[40,133,159,178]}",0.896341,0.946429,"[-0.5,-3.5]",0.103659,True,"[164,115]","[147,114]",0.896341,0.991304,0.103659,True,"[152,53]","[119,45]",0.782895,0.849057,0.217105,True
base_high,base,high,2,base_detail,56,relocation,移転,이전,5,388,"{""bbox"":[18,18,182,186],""size"":[164,168],""center"":[100.0,102.0],""pixels"":21115,""component_count"":2,""label_band_start_y"":133,""body_band_proxy_bbox"":[18,18,182,133],""label_band_proxy_bbox"":[24,133,176,186]}","{""bbox"":[27,19,173,179],""size"":[146,160],""center"":[100.0,99.0],""pixels"":16677,""component_count"":2,""label_band_start_y"":133,""body_band_proxy_bbox"":[27,19,173,133],""label_band_proxy_bbox"":[41,133,162,179]}",0.890244,0.952381,"[0.0,-3.0]",0.109756,True,"[164,115]","[146,114]",0.890244,0.991304,0.109756,True,"[152,53]","[121,46]",0.796053,0.867925,0.203947,True
base_high,base,high,2,base_detail,56,relocation,移転,이전,6,389,"{""bbox"":[18,18,182,186],""size"":[164,168],""center"":[100.0,102.0],""pixels"":21115,""component_count"":2,""label_band_start_y"":133,""body_band_proxy_bbox"":[18,18,182,133],""label_band_proxy_bbox"":[24,133,176,186]}","{""bbox"":[27,19,173,178],""size"":[146,159],""center"":[100.0,98.5],""pixels"":16478,""component_count"":6,""label_band_start_y"":133,""body_band_proxy_bbox"":[27,19,173,133],""label_band_proxy_bbox"":[40,133,159,178]}",0.890244,0.946429,"[0.0,-3.5]",0.109756,True,"[164,115]","[146,114]",0.890244,0.991304,0.109756,True,"[152,53]","[119,45]",0.782895,0.849057,0.217105,True
base_high,base,high,2,base_main,0,assessment,評定,군평정,1,252,"{""bbox"":[7,3,202,204],""size"":[195,201],""center"":[104.5,103.5],""pixels"":30503,""component_count"":1,""label_band_start_y"":145,""body_band_proxy_bbox"":[7,3,202,145],""label_band_proxy_bbox"":[16,145,192,204]}","{""bbox"":[14,6,195,195],""size"":[181,189],""center"":[104.5,100.5],""pixels"":25714,""component_count"":10,""label_band_start_y"":145,""body_band_proxy_bbox"":[14,6,195,145],""label_band_proxy_bbox"":[28,145,193,195]}",0.928205,0.940299,"[0.0,-3.0]",0.071795,True,"[195,142]","[181,139]",0.928205,0.978873,0.071795,True,"[176,59]","[165,50]",0.9375,0.847458,0.152542,True
base_high,base,high,2,base_main,0,assessment,評定,군평정,2,253,"{""bbox"":[7,3,202,204],""size"":[195,201],""center"":[104.5,103.5],""pixels"":30503,""component_count"":1,""label_band_start_y"":145,""body_band_proxy_bbox"":[7,3,202,145],""label_band_proxy_bbox"":[16,145,192,204]}","{""bbox"":[14,8,195,197],""size"":[181,189],""center"":[104.5,102.5],""pixels"":25766,""component_count"":6,""label_band_start_y"":145,""body_band_proxy_bbox"":[14,8,194,145],""label_band_proxy_bbox"":[27,145,195,197]}",0.928205,0.940299,"[0.0,-1.0]",0.071795,True,"[195,142]","[180,137]",0.923077,0.964789,0.076923,True,"[176,59]","[168,52]",0.954545,0.881356,0.118644,True
base_high,base,high,2,base_main,0,assessment,評定,군평정,3,254,"{""bbox"":[7,3,202,204],""size"":[195,201],""center"":[104.5,103.5],""pixels"":30503,""component_count"":1,""label_band_start_y"":145,""body_band_proxy_bbox"":[7,3,202,145],""label_band_proxy_bbox"":[16,145,192,204]}","{""bbox"":[14,6,195,197],""size"":[181,191],""center"":[104.5,101.5],""pixels"":25956,""component_count"":10,""label_band_start_y"":145,""body_band_proxy_bbox"":[14,6,195,145],""label_band_proxy_bbox"":[26,145,195,197]}",0.928205,0.950249,"[0.0,-2.0]",0.071795,True,"[195,142]","[181,139]",0.928205,0.978873,0.071795,True,"[176,59]","[169,52]",0.960227,0.881356,0.118644,True
base_high,base,high,2,base_main,0,assessment,評定,군평정,4,255,"{""bbox"":[7,3,202,204],""size"":[195,201],""center"":[104.5,103.5],""pixels"":30503,""component_count"":1,""label_band_start_y"":145,""body_band_proxy_bbox"":[7,3,202,145],""label_band_proxy_bbox"":[16,145,192,204]}","{""bbox"":[13,5,195,197],""size"":[182,192],""center"":[104.0,101.0],""pixels"":26129,""component_count"":8,""label_band_start_y"":145,""body_band_proxy_bbox"":[13,5,195,145],""label_band_proxy_bbox"":[26,145,193,197]}",0.933333,0.955224,"[-0.5,-2.5]",0.066667,True,"[195,142]","[182,140]",0.933333,0.985915,0.066667,True,"[176,59]","[167,52]",0.948864,0.881356,0.118644,True
base_high,base,high,2,base_main,0,assessment,評定,군평정,5,256,"{""bbox"":[7,3,202,204],""size"":[195,201],""center"":[104.5,103.5],""pixels"":30503,""component_count"":1,""label_band_start_y"":145,""body_band_proxy_bbox"":[7,3,202,145],""label_band_proxy_bbox"":[16,145,192,204]}","{""bbox"":[14,6,194,197],""size"":[180,191],""center"":[104.0,101.5],""pixels"":25842,""component_count"":10,""label_band_start_y"":145,""body_band_proxy_bbox"":[14,6,194,145],""label_band_proxy_bbox"":[28,145,194,197]}",0.923077,0.950249,"[-0.5,-2.0]",0.076923,True,"[195,142]","[180,139]",0.923077,0.978873,0.076923,True,"[176,59]","[166,52]",0.943182,0.881356,0.118644,True
base_high,base,high,2,base_main,0,assessment,評定,군평정,6,257,"{""bbox"":[7,3,202,204],""size"":[195,201],""center"":[104.5,103.5],""pixels"":30503,""component_count"":1,""label_band_start_y"":145,""body_band_proxy_bbox"":[7,3,202,145],""label_band_proxy_bbox"":[16,145,192,204]}","{""bbox"":[13,6,195,196],""size"":[182,190],""center"":[104.0,101.0],""pixels"":25753,""component_count"":7,""label_band_start_y"":145,""body_band_proxy_bbox"":[13,6,195,145],""label_band_proxy_bbox"":[27,145,191,196]}",0.933333,0.945274,"[-0.5,-2.5]",0.066667,True,"[195,142]","[182,139]",0.933333,0.978873,0.066667,True,"[176,59]","[164,51]",0.931818,0.864407,0.135593,True
base_high,base,high,2,base_main,1,appointment,任命,임명,1,258,"{""bbox"":[7,3,202,205],""size"":[195,202],""center"":[104.5,104.0],""pixels"":30926,""component_count"":1,""label_band_start_y"":145,""body_band_proxy_bbox"":[7,3,202,145],""label_band_proxy_bbox"":[16,145,192,205]}","{""bbox"":[15,4,193,194],""size"":[178,190],""center"":[104.0,99.0],""pixels"":24437,""component_count"":10,""label_band_start_y"":145,""body_band_proxy_bbox"":[15,4,193,145],""label_band_proxy_bbox"":[35,145,181,194]}",0.912821,0.940594,"[-0.5,-5.0]",0.087179,True,"[195,142]","[178,141]",0.912821,0.992958,0.087179,True,"[176,60]","[146,49]",0.829545,0.816667,0.183333,True
base_high,base,high,2,base_main,1,appointment,任命,임명,2,259,"{""bbox"":[7,3,202,205],""size"":[195,202],""center"":[104.5,104.0],""pixels"":30926,""component_count"":1,""label_band_start_y"":145,""body_band_proxy_bbox"":[7,3,202,145],""label_band_proxy_bbox"":[16,145,192,205]}","{""bbox"":[16,4,192,196],""size"":[176,192],""center"":[104.0,100.0],""pixels"":25128,""component_count"":11,""label_band_start_y"":145,""body_band_proxy_bbox"":[16,4,192,145],""label_band_proxy_bbox"":[37,145,188,196]}",0.902564,0.950495,"[-0.5,-4.0]",0.097436,True,"[195,142]","[176,141]",0.902564,0.992958,0.097436,True,"[176,60]","[151,51]",0.857955,0.85,0.15,True
base_high,base,high,2,base_main,1,appointment,任命,임명,3,260,"{""bbox"":[7,3,202,205],""size"":[195,202],""center"":[104.5,104.0],""pixels"":30926,""component_count"":1,""label_band_start_y"":145,""body_band_proxy_bbox"":[7,3,202,145],""label_band_proxy_bbox"":[16,145,192,205]}","{""bbox"":[15,4,194,196],""size"":[179,192],""center"":[104.5,100.0],""pixels"":25378,""component_count"":10,""label_band_start_y"":145,""body_band_proxy_bbox"":[15,4,194,145],""label_band_proxy_bbox"":[35,145,189,196]}",0.917949,0.950495,"[0.0,-4.0]",0.082051,True,"[195,142]","[179,141]",0.917949,0.992958,0.082051,True,"[176,60]","[154,51]",0.875,0.85,0.15,True
base_high,base,high,2,base_main,1,appointment,任命,임명,4,261,"{""bbox"":[7,3,202,205],""size"":[195,202],""center"":[104.5,104.0],""pixels"":30926,""component_count"":1,""label_band_start_y"":145,""body_band_proxy_bbox"":[7,3,202,145],""label_band_proxy_bbox"":[16,145,192,205]}","{""bbox"":[15,4,193,194],""size"":[178,190],""center"":[104.0,99.0],""pixels"":24497,""component_count"":14,""label_band_start_y"":145,""body_band_proxy_bbox"":[15,4,193,145],""label_band_proxy_bbox"":[34,145,182,194]}",0.912821,0.940594,"[-0.5,-5.0]",0.087179,True,"[195,142]","[178,141]",0.912821,0.992958,0.087179,True,"[176,60]","[148,49]",0.840909,0.816667,0.183333,True
base_high,base,high,2,base_main,1,appointment,任命,임명,5,262,"{""bbox"":[7,3,202,205],""size"":[195,202],""center"":[104.5,104.0],""pixels"":30926,""component_count"":1,""label_band_start_y"":145,""body_band_proxy_bbox"":[7,3,202,145],""label_band_proxy_bbox"":[16,145,192,205]}","{""bbox"":[16,4,193,196],""size"":[177,192],""center"":[104.5,100.0],""pixels"":25072,""component_count"":12,""label_band_start_y"":145,""body_band_proxy_bbox"":[16,4,193,145],""label_band_proxy_bbox"":[37,145,188,196]}",0.907692,0.950495,"[0.0,-4.0]",0.092308,True,"[195,142]","[177,141]",0.907692,0.992958,0.092308,True,"[176,60]","[151,51]",0.857955,0.85,0.15,True
base_high,base,high,2,base_main,1,appointment,任命,임명,6,263,"{""bbox"":[7,3,202,205],""size"":[195,202],""center"":[104.5,104.0],""pixels"":30926,""component_count"":1,""label_band_start_y"":145,""body_band_proxy_bbox"":[7,3,202,145],""label_band_proxy_bbox"":[16,145,192,205]}","{""bbox"":[15,4,193,194],""size"":[178,190],""center"":[104.0,99.0],""pixels"":24351,""component_count"":6,""label_band_start_y"":145,""body_band_proxy_bbox"":[15,4,193,145],""label_band_proxy_bbox"":[34,145,180,194]}",0.912821,0.940594,"[-0.5,-5.0]",0.087179,True,"[195,142]","[178,141]",0.912821,0.992958,0.087179,True,"[176,60]","[146,49]",0.829545,0.816667,0.183333,True
base_high,base,high,2,base_main,2,military,軍事,군사,1,264,"{""bbox"":[7,3,202,205],""size"":[195,202],""center"":[104.5,104.0],""pixels"":30779,""component_count"":1,""label_band_start_y"":145,""body_band_proxy_bbox"":[7,3,202,145],""label_band_proxy_bbox"":[16,145,192,205]}","{""bbox"":[17,8,191,199],""size"":[174,191],""center"":[104.0,103.5],""pixels"":24717,""component_count"":7,""label_band_start_y"":145,""body_band_proxy_bbox"":[17,8,191,145],""label_band_proxy_bbox"":[32,145,174,199]}",0.892308,0.945545,"[-0.5,-0.5]",0.107692,True,"[195,142]","[174,137]",0.892308,0.964789,0.107692,True,"[176,60]","[142,54]",0.806818,0.9,0.193182,True
base_high,base,high,2,base_main,2,military,軍事,군사,2,265,"{""bbox"":[7,3,202,205],""size"":[195,202],""center"":[104.5,104.0],""pixels"":30779,""component_count"":1,""label_band_start_y"":145,""body_band_proxy_bbox"":[7,3,202,145],""label_band_proxy_bbox"":[16,145,192,205]}","{""bbox"":[15,6,193,203],""size"":[178,197],""center"":[104.0,104.5],""pixels"":26207,""component_count"":8,""label_band_start_y"":145,""body_band_proxy_bbox"":[15,6,193,145],""label_band_proxy_bbox"":[28,145,178,203]}",0.912821,0.975248,"[-0.5,0.5]",0.087179,True,"[195,142]","[178,139]",0.912821,0.978873,0.087179,True,"[176,60]","[150,58]",0.852273,0.966667,0.147727,True
base_high,base,high,2,base_main,2,military,軍事,군사,3,266,"{""bbox"":[7,3,202,205],""size"":[195,202],""center"":[104.5,104.0],""pixels"":30779,""component_count"":1,""label_band_start_y"":145,""body_band_proxy_bbox"":[7,3,202,145],""label_band_proxy_bbox"":[16,145,192,205]}","{""bbox"":[14,4,195,204],""size"":[181,200],""center"":[104.5,104.0],""pixels"":26965,""component_count"":12,""label_band_start_y"":145,""body_band_proxy_bbox"":[14,4,195,145],""label_band_proxy_bbox"":[25,145,179,204]}",0.928205,0.990099,"[0.0,0.0]",0.071795,True,"[195,142]","[181,141]",0.928205,0.992958,0.071795,True,"[176,60]","[154,59]",0.875,0.983333,0.125,True
base_high,base,high,2,base_main,2,military,軍事,군사,4,267,"{""bbox"":[7,3,202,205],""size"":[195,202],""center"":[104.5,104.0],""pixels"":30779,""component_count"":1,""label_band_start_y"":145,""body_band_proxy_bbox"":[7,3,202,145],""label_band_proxy_bbox"":[16,145,192,205]}","{""bbox"":[14,5,193,203],""size"":[179,198],""center"":[103.5,104.0],""pixels"":26400,""component_count"":11,""label_band_start_y"":145,""body_band_proxy_bbox"":[14,5,193,145],""label_band_proxy_bbox"":[26,145,177,203]}",0.917949,0.980198,"[-1.0,0.0]",0.082051,True,"[195,142]","[179,140]",0.917949,0.985915,0.082051,True,"[176,60]","[151,58]",0.857955,0.966667,0.142045,True
base_high,base,high,2,base_main,2,military,軍事,군사,5,268,"{""bbox"":[7,3,202,205],""size"":[195,202],""center"":[104.5,104.0],""pixels"":30779,""component_count"":1,""label_band_start_y"":145,""body_band_proxy_bbox"":[7,3,202,145],""label_band_proxy_bbox"":[16,145,192,205]}","{""bbox"":[14,5,193,203],""size"":[179,198],""center"":[103.5,104.0],""pixels"":26473,""component_count"":12,""label_band_start_y"":145,""body_band_proxy_bbox"":[14,5,193,145],""label_band_proxy_bbox"":[24,145,177,203]}",0.917949,0.980198,"[-1.0,0.0]",0.082051,True,"[195,142]","[179,140]",0.917949,0.985915,0.082051,True,"[176,60]","[153,58]",0.869318,0.966667,0.130682,True
base_high,base,high,2,base_main,2,military,軍事,군사,6,269,"{""bbox"":[7,3,202,205],""size"":[195,202],""center"":[104.5,104.0],""pixels"":30779,""component_count"":1,""label_band_start_y"":145,""body_band_proxy_bbox"":[7,3,202,145],""label_band_proxy_bbox"":[16,145,192,205]}","{""bbox"":[14,6,193,203],""size"":[179,197],""center"":[103.5,104.5],""pixels"":26211,""component_count"":8,""label_band_start_y"":145,""body_band_proxy_bbox"":[14,6,193,145],""label_band_proxy_bbox"":[26,145,177,203]}",0.917949,0.975248,"[-1.0,0.5]",0.082051,True,"[195,142]","[179,139]",0.917949,0.978873,0.082051,True,"[176,60]","[151,58]",0.857955,0.966667,0.142045,True
base_high,base,high,2,base_main,3,domestic,内政,내정,1,270,"{""bbox"":[7,3,202,204],""size"":[195,201],""center"":[104.5,103.5],""pixels"":31176,""component_count"":1,""label_band_start_y"":145,""body_band_proxy_bbox"":[7,3,202,145],""label_band_proxy_bbox"":[16,145,192,204]}","{""bbox"":[15,3,193,199],""size"":[178,196],""center"":[104.0,101.0],""pixels"":25695,""component_count"":6,""label_band_start_y"":145,""body_band_proxy_bbox"":[15,3,190,145],""label_band_proxy_bbox"":[29,145,193,199]}",0.912821,0.975124,"[-0.5,-2.5]",0.087179,True,"[195,142]","[175,142]",0.897436,1.0,0.102564,True,"[176,59]","[164,54]",0.931818,0.915254,0.084746,False
base_high,base,high,2,base_main,3,domestic,内政,내정,2,271,"{""bbox"":[7,3,202,204],""size"":[195,201],""center"":[104.5,103.5],""pixels"":31176,""component_count"":1,""label_band_start_y"":145,""body_band_proxy_bbox"":[7,3,202,145],""label_band_proxy_bbox"":[16,145,192,204]}","{""bbox"":[16,3,191,199],""size"":[175,196],""center"":[103.5,101.0],""pixels"":25183,""component_count"":8,""label_band_start_y"":145,""body_band_proxy_bbox"":[16,3,188,145],""label_band_proxy_bbox"":[32,145,191,199]}",0.897436,0.975124,"[-1.0,-2.5]",0.102564,True,"[195,142]","[172,142]",0.882051,1.0,0.117949,True,"[176,59]","[159,54]",0.903409,0.915254,0.096591,False
base_high,base,high,2,base_main,3,domestic,内政,내정,3,272,"{""bbox"":[7,3,202,204],""size"":[195,201],""center"":[104.5,103.5],""pixels"":31176,""component_count"":1,""label_band_start_y"":145,""body_band_proxy_bbox"":[7,3,202,145],""label_band_proxy_bbox"":[16,145,192,204]}","{""bbox"":[16,3,191,199],""size"":[175,196],""center"":[103.5,101.0],""pixels"":25245,""component_count"":13,""label_band_start_y"":145,""body_band_proxy_bbox"":[16,3,188,145],""label_band_proxy_bbox"":[31,145,191,199]}",0.897436,0.975124,"[-1.0,-2.5]",0.102564,True,"[195,142]","[172,142]",0.882051,1.0,0.117949,True,"[176,59]","[160,54]",0.909091,0.915254,0.090909,False
base_high,base,high,2,base_main,3,domestic,内政,내정,4,273,"{""bbox"":[7,3,202,204],""size"":[195,201],""center"":[104.5,103.5],""pixels"":31176,""component_count"":1,""label_band_start_y"":145,""body_band_proxy_bbox"":[7,3,202,145],""label_band_proxy_bbox"":[16,145,192,204]}","{""bbox"":[16,3,192,199],""size"":[176,196],""center"":[104.0,101.0],""pixels"":25496,""component_count"":9,""label_band_start_y"":145,""body_band_proxy_bbox"":[16,3,190,145],""label_band_proxy_bbox"":[30,145,192,199]}",0.902564,0.975124,"[-0.5,-2.5]",0.097436,True,"[195,142]","[174,142]",0.892308,1.0,0.107692,True,"[176,59]","[162,54]",0.920455,0.915254,0.084746,False
base_high,base,high,2,base_main,3,domestic,内政,내정,5,274,"{""bbox"":[7,3,202,204],""size"":[195,201],""center"":[104.5,103.5],""pixels"":31176,""component_count"":1,""label_band_start_y"":145,""body_band_proxy_bbox"":[7,3,202,145],""label_band_proxy_bbox"":[16,145,192,204]}","{""bbox"":[16,3,193,199],""size"":[177,196],""center"":[104.5,101.0],""pixels"":24999,""component_count"":15,""label_band_start_y"":145,""body_band_proxy_bbox"":[16,3,187,145],""label_band_proxy_bbox"":[30,145,193,199]}",0.907692,0.975124,"[0.0,-2.5]",0.092308,True,"[195,142]","[171,142]",0.876923,1.0,0.123077,True,"[176,59]","[163,54]",0.926136,0.915254,0.084746,False
base_high,base,high,2,base_main,3,domestic,内政,내정,6,275,"{""bbox"":[7,3,202,204],""size"":[195,201],""center"":[104.5,103.5],""pixels"":31176,""component_count"":1,""label_band_start_y"":145,""body_band_proxy_bbox"":[7,3,202,145],""label_band_proxy_bbox"":[16,145,192,204]}","{""bbox"":[16,3,192,199],""size"":[176,196],""center"":[104.0,101.0],""pixels"":25526,""component_count"":9,""label_band_start_y"":145,""body_band_proxy_bbox"":[16,3,190,145],""label_band_proxy_bbox"":[29,145,192,199]}",0.902564,0.975124,"[-0.5,-2.5]",0.097436,True,"[195,142]","[174,142]",0.892308,1.0,0.107692,True,"[176,59]","[163,54]",0.926136,0.915254,0.084746,False
base_high,base,high,2,base_main,4,diplomacy,外交,외교,1,276,"{""bbox"":[7,3,202,204],""size"":[195,201],""center"":[104.5,103.5],""pixels"":31090,""component_count"":1,""label_band_start_y"":145,""body_band_proxy_bbox"":[7,3,202,145],""label_band_proxy_bbox"":[16,145,192,204]}","{""bbox"":[12,3,196,199],""size"":[184,196],""center"":[104.0,101.0],""pixels"":26259,""component_count"":17,""label_band_start_y"":145,""body_band_proxy_bbox"":[12,3,196,145],""label_band_proxy_bbox"":[27,145,193,199]}",0.94359,0.975124,"[-0.5,-2.5]",0.05641,True,"[195,142]","[184,142]",0.94359,1.0,0.05641,True,"[176,59]","[166,54]",0.943182,0.915254,0.084746,False
base_high,base,high,2,base_main,4,diplomacy,外交,외교,2,277,"{""bbox"":[7,3,202,204],""size"":[195,201],""center"":[104.5,103.5],""pixels"":31090,""component_count"":1,""label_band_start_y"":145,""body_band_proxy_bbox"":[7,3,202,145],""label_band_proxy_bbox"":[16,145,192,204]}","{""bbox"":[13,3,195,199],""size"":[182,196],""center"":[104.0,101.0],""pixels"":26188,""component_count"":17,""label_band_start_y"":145,""body_band_proxy_bbox"":[13,3,195,145],""label_band_proxy_bbox"":[29,145,193,199]}",0.933333,0.975124,"[-0.5,-2.5]",0.066667,True,"[195,142]","[182,142]",0.933333,1.0,0.066667,True,"[176,59]","[164,54]",0.931818,0.915254,0.084746,False
base_high,base,high,2,base_main,4,diplomacy,外交,외교,3,278,"{""bbox"":[7,3,202,204],""size"":[195,201],""center"":[104.5,103.5],""pixels"":31090,""component_count"":1,""label_band_start_y"":145,""body_band_proxy_bbox"":[7,3,202,145],""label_band_proxy_bbox"":[16,145,192,204]}","{""bbox"":[14,3,195,199],""size"":[181,196],""center"":[104.5,101.0],""pixels"":26013,""component_count"":18,""label_band_start_y"":145,""body_band_proxy_bbox"":[14,3,195,145],""label_band_proxy_bbox"":[30,145,193,199]}",0.928205,0.975124,"[0.0,-2.5]",0.071795,True,"[195,142]","[181,142]",0.928205,1.0,0.071795,True,"[176,59]","[163,54]",0.926136,0.915254,0.084746,False
base_high,base,high,2,base_main,4,diplomacy,外交,외교,4,279,"{""bbox"":[7,3,202,204],""size"":[195,201],""center"":[104.5,103.5],""pixels"":31090,""component_count"":1,""label_band_start_y"":145,""body_band_proxy_bbox"":[7,3,202,145],""label_band_proxy_bbox"":[16,145,192,204]}","{""bbox"":[12,3,195,199],""size"":[183,196],""center"":[103.5,101.0],""pixels"":26114,""component_count"":13,""label_band_start_y"":145,""body_band_proxy_bbox"":[12,3,195,145],""label_band_proxy_bbox"":[27,145,193,199]}",0.938462,0.975124,"[-1.0,-2.5]",0.061538,True,"[195,142]","[183,142]",0.938462,1.0,0.061538,True,"[176,59]","[166,54]",0.943182,0.915254,0.084746,False
base_high,base,high,2,base_main,4,diplomacy,外交,외교,5,280,"{""bbox"":[7,3,202,204],""size"":[195,201],""center"":[104.5,103.5],""pixels"":31090,""component_count"":1,""label_band_start_y"":145,""body_band_proxy_bbox"":[7,3,202,145],""label_band_proxy_bbox"":[16,145,192,204]}","{""bbox"":[14,3,194,199],""size"":[180,196],""center"":[104.0,101.0],""pixels"":25791,""component_count"":14,""label_band_start_y"":145,""body_band_proxy_bbox"":[14,3,194,145],""label_band_proxy_bbox"":[30,145,192,199]}",0.923077,0.975124,"[-0.5,-2.5]",0.076923,True,"[195,142]","[180,142]",0.923077,1.0,0.076923,True,"[176,59]","[162,54]",0.920455,0.915254,0.084746,False
base_high,base,high,2,base_main,4,diplomacy,外交,외교,6,281,"{""bbox"":[7,3,202,204],""size"":[195,201],""center"":[104.5,103.5],""pixels"":31090,""component_count"":1,""label_band_start_y"":145,""body_band_proxy_bbox"":[7,3,202,145],""label_band_proxy_bbox"":[16,145,192,204]}","{""bbox"":[12,3,197,199],""size"":[185,196],""center"":[104.5,101.0],""pixels"":26479,""component_count"":15,""label_band_start_y"":145,""body_band_proxy_bbox"":[12,3,197,145],""label_band_proxy_bbox"":[26,145,195,199]}",0.948718,0.975124,"[0.0,-2.5]",0.051282,True,"[195,142]","[185,142]",0.948718,1.0,0.051282,True,"[176,59]","[169,54]",0.960227,0.915254,0.084746,False
pk_low,pk,low,1,pk_detail,0,joint_battle,,공투,1,0,"{""bbox"":[11,7,93,91],""size"":[82,84],""center"":[52.0,49.0],""pixels"":5312,""component_count"":1,""label_band_start_y"":67,""body_band_proxy_bbox"":[11,7,93,67],""label_band_proxy_bbox"":[15,67,89,91]}","{""bbox"":[13,9,90,89],""size"":[77,80],""center"":[51.5,49.0],""pixels"":4515,""component_count"":1,""label_band_start_y"":67,""body_band_proxy_bbox"":[13,9,90,67],""label_band_proxy_bbox"":[19,67,84,89]}",0.939024,0.952381,"[-0.5,0.0]",0.060976,True,"[82,60]","[77,58]",0.939024,0.966667,0.060976,True,"[74,24]","[65,22]",0.878378,0.916667,0.121622,True
pk_low,pk,low,1,pk_detail,0,joint_battle,,공투,2,1,"{""bbox"":[11,7,93,91],""size"":[82,84],""center"":[52.0,49.0],""pixels"":5312,""component_count"":1,""label_band_start_y"":67,""body_band_proxy_bbox"":[11,7,93,67],""label_band_proxy_bbox"":[15,67,89,91]}","{""bbox"":[14,9,91,89],""size"":[77,80],""center"":[52.5,49.0],""pixels"":4471,""component_count"":1,""label_band_start_y"":67,""body_band_proxy_bbox"":[14,9,91,67],""label_band_proxy_bbox"":[20,67,84,89]}",0.939024,0.952381,"[0.5,0.0]",0.060976,True,"[82,60]","[77,58]",0.939024,0.966667,0.060976,True,"[74,24]","[64,22]",0.864865,0.916667,0.135135,True
pk_low,pk,low,1,pk_detail,0,joint_battle,,공투,3,2,"{""bbox"":[11,7,93,91],""size"":[82,84],""center"":[52.0,49.0],""pixels"":5322,""component_count"":1,""label_band_start_y"":67,""body_band_proxy_bbox"":[11,7,93,67],""label_band_proxy_bbox"":[15,67,89,91]}","{""bbox"":[14,9,90,89],""size"":[76,80],""center"":[52.0,49.0],""pixels"":4477,""component_count"":1,""label_band_start_y"":67,""body_band_proxy_bbox"":[14,9,90,67],""label_band_proxy_bbox"":[20,67,84,89]}",0.926829,0.952381,"[0.0,0.0]",0.073171,True,"[82,60]","[76,58]",0.926829,0.966667,0.073171,True,"[74,24]","[64,22]",0.864865,0.916667,0.135135,True
pk_low,pk,low,1,pk_detail,0,joint_battle,,공투,4,3,"{""bbox"":[11,7,93,91],""size"":[82,84],""center"":[52.0,49.0],""pixels"":5314,""component_count"":1,""label_band_start_y"":67,""body_band_proxy_bbox"":[11,7,93,67],""label_band_proxy_bbox"":[15,67,89,91]}","{""bbox"":[13,9,90,89],""size"":[77,80],""center"":[51.5,49.0],""pixels"":4442,""component_count"":1,""label_band_start_y"":67,""body_band_proxy_bbox"":[13,9,90,67],""label_band_proxy_bbox"":[19,67,84,89]}",0.939024,0.952381,"[-0.5,0.0]",0.060976,True,"[82,60]","[77,58]",0.939024,0.966667,0.060976,True,"[74,24]","[65,22]",0.878378,0.916667,0.121622,True
pk_low,pk,low,1,pk_detail,0,joint_battle,,공투,5,4,"{""bbox"":[11,7,93,91],""size"":[82,84],""center"":[52.0,49.0],""pixels"":5312,""component_count"":1,""label_band_start_y"":67,""body_band_proxy_bbox"":[11,7,93,67],""label_band_proxy_bbox"":[15,67,89,91]}","{""bbox"":[14,9,90,89],""size"":[76,80],""center"":[52.0,49.0],""pixels"":4467,""component_count"":1,""label_band_start_y"":67,""body_band_proxy_bbox"":[14,9,90,67],""label_band_proxy_bbox"":[20,67,84,89]}",0.926829,0.952381,"[0.0,0.0]",0.073171,True,"[82,60]","[76,58]",0.926829,0.966667,0.073171,True,"[74,24]","[64,22]",0.864865,0.916667,0.135135,True
pk_low,pk,low,1,pk_detail,0,joint_battle,,공투,6,5,"{""bbox"":[11,7,93,91],""size"":[82,84],""center"":[52.0,49.0],""pixels"":5314,""component_count"":1,""label_band_start_y"":67,""body_band_proxy_bbox"":[11,7,93,67],""label_band_proxy_bbox"":[15,67,89,91]}","{""bbox"":[12,8,90,89],""size"":[78,81],""center"":[51.0,48.5],""pixels"":4521,""component_count"":1,""label_band_start_y"":67,""body_band_proxy_bbox"":[12,8,90,67],""label_band_proxy_bbox"":[19,67,84,89]}",0.95122,0.964286,"[-1.0,-0.5]",0.04878,False,"[82,60]","[78,59]",0.95122,0.983333,0.04878,False,"[74,24]","[65,22]",0.878378,0.916667,0.121622,True
pk_low,pk,low,1,pk_detail,1,reinforcement,,증원,1,12,"{""bbox"":[11,7,93,91],""size"":[82,84],""center"":[52.0,49.0],""pixels"":5328,""component_count"":1,""label_band_start_y"":67,""body_band_proxy_bbox"":[11,7,93,67],""label_band_proxy_bbox"":[15,67,89,91]}","{""bbox"":[14,9,90,89],""size"":[76,80],""center"":[52.0,49.0],""pixels"":4469,""component_count"":2,""label_band_start_y"":67,""body_band_proxy_bbox"":[14,9,90,67],""label_band_proxy_bbox"":[20,67,83,89]}",0.926829,0.952381,"[0.0,0.0]",0.073171,True,"[82,60]","[76,58]",0.926829,0.966667,0.073171,True,"[74,24]","[63,22]",0.851351,0.916667,0.148649,True
pk_low,pk,low,1,pk_detail,1,reinforcement,,증원,2,13,"{""bbox"":[11,7,93,91],""size"":[82,84],""center"":[52.0,49.0],""pixels"":5328,""component_count"":1,""label_band_start_y"":67,""body_band_proxy_bbox"":[11,7,93,67],""label_band_proxy_bbox"":[15,67,89,91]}","{""bbox"":[15,9,90,89],""size"":[75,80],""center"":[52.5,49.0],""pixels"":4385,""component_count"":1,""label_band_start_y"":67,""body_band_proxy_bbox"":[15,9,90,67],""label_band_proxy_bbox"":[22,67,83,89]}",0.914634,0.952381,"[0.5,0.0]",0.085366,True,"[82,60]","[75,58]",0.914634,0.966667,0.085366,True,"[74,24]","[61,22]",0.824324,0.916667,0.175676,True
pk_low,pk,low,1,pk_detail,1,reinforcement,,증원,3,14,"{""bbox"":[11,7,93,91],""size"":[82,84],""center"":[52.0,49.0],""pixels"":5330,""component_count"":1,""label_band_start_y"":67,""body_band_proxy_bbox"":[11,7,93,67],""label_band_proxy_bbox"":[15,67,89,91]}","{""bbox"":[14,9,90,89],""size"":[76,80],""center"":[52.0,49.0],""pixels"":4431,""component_count"":2,""label_band_start_y"":67,""body_band_proxy_bbox"":[14,9,90,67],""label_band_proxy_bbox"":[21,67,83,89]}",0.926829,0.952381,"[0.0,0.0]",0.073171,True,"[82,60]","[76,58]",0.926829,0.966667,0.073171,True,"[74,24]","[62,22]",0.837838,0.916667,0.162162,True
pk_low,pk,low,1,pk_detail,1,reinforcement,,증원,4,15,"{""bbox"":[11,7,93,91],""size"":[82,84],""center"":[52.0,49.0],""pixels"":5330,""component_count"":1,""label_band_start_y"":67,""body_band_proxy_bbox"":[11,7,93,67],""label_band_proxy_bbox"":[15,67,89,91]}","{""bbox"":[14,8,90,90],""size"":[76,82],""center"":[52.0,49.0],""pixels"":4435,""component_count"":1,""label_band_start_y"":67,""body_band_proxy_bbox"":[14,8,90,67],""label_band_proxy_bbox"":[21,67,83,90]}",0.926829,0.97619,"[0.0,0.0]",0.073171,True,"[82,60]","[76,59]",0.926829,0.983333,0.073171,True,"[74,24]","[62,23]",0.837838,0.958333,0.162162,True
pk_low,pk,low,1,pk_detail,1,reinforcement,,증원,5,16,"{""bbox"":[11,7,93,91],""size"":[82,84],""center"":[52.0,49.0],""pixels"":5328,""component_count"":1,""label_band_start_y"":67,""body_band_proxy_bbox"":[11,7,93,67],""label_band_proxy_bbox"":[15,67,89,91]}","{""bbox"":[14,8,91,89],""size"":[77,81],""center"":[52.5,48.5],""pixels"":4438,""component_count"":1,""label_band_start_y"":67,""body_band_proxy_bbox"":[14,8,91,67],""label_band_proxy_bbox"":[22,67,83,89]}",0.939024,0.964286,"[0.5,-0.5]",0.060976,True,"[82,60]","[77,59]",0.939024,0.983333,0.060976,True,"[74,24]","[61,22]",0.824324,0.916667,0.175676,True
pk_low,pk,low,1,pk_detail,1,reinforcement,,증원,6,17,"{""bbox"":[11,7,93,91],""size"":[82,84],""center"":[52.0,49.0],""pixels"":5330,""component_count"":1,""label_band_start_y"":67,""body_band_proxy_bbox"":[11,7,93,67],""label_band_proxy_bbox"":[15,67,89,91]}","{""bbox"":[14,8,90,89],""size"":[76,81],""center"":[52.0,48.5],""pixels"":4464,""component_count"":1,""label_band_start_y"":67,""body_band_proxy_bbox"":[14,8,90,67],""label_band_proxy_bbox"":[21,67,84,89]}",0.926829,0.964286,"[0.0,-0.5]",0.073171,True,"[82,60]","[76,59]",0.926829,0.983333,0.073171,True,"[74,24]","[63,22]",0.851351,0.916667,0.148649,True
pk_low,pk,low,1,pk_detail,2,standby,,대기,1,18,"{""bbox"":[11,7,93,91],""size"":[82,84],""center"":[52.0,49.0],""pixels"":5313,""component_count"":1,""label_band_start_y"":67,""body_band_proxy_bbox"":[11,7,93,67],""label_band_proxy_bbox"":[15,67,89,91]}","{""bbox"":[15,9,90,89],""size"":[75,80],""center"":[52.5,49.0],""pixels"":4356,""component_count"":1,""label_band_start_y"":67,""body_band_proxy_bbox"":[15,9,90,67],""label_band_proxy_bbox"":[21,67,83,89]}",0.914634,0.952381,"[0.5,0.0]",0.085366,True,"[82,60]","[75,58]",0.914634,0.966667,0.085366,True,"[74,24]","[62,22]",0.837838,0.916667,0.162162,True
pk_low,pk,low,1,pk_detail,2,standby,,대기,2,19,"{""bbox"":[11,7,93,91],""size"":[82,84],""center"":[52.0,49.0],""pixels"":5313,""component_count"":1,""label_band_start_y"":67,""body_band_proxy_bbox"":[11,7,93,67],""label_band_proxy_bbox"":[15,67,89,91]}","{""bbox"":[15,9,89,89],""size"":[74,80],""center"":[52.0,49.0],""pixels"":4242,""component_count"":3,""label_band_start_y"":67,""body_band_proxy_bbox"":[15,9,89,67],""label_band_proxy_bbox"":[22,67,82,89]}",0.902439,0.952381,"[0.0,0.0]",0.097561,True,"[82,60]","[74,58]",0.902439,0.966667,0.097561,True,"[74,24]","[60,22]",0.810811,0.916667,0.189189,True
pk_low,pk,low,1,pk_detail,2,standby,,대기,3,20,"{""bbox"":[11,7,93,91],""size"":[82,84],""center"":[52.0,49.0],""pixels"":5316,""component_count"":1,""label_band_start_y"":67,""body_band_proxy_bbox"":[11,7,93,67],""label_band_proxy_bbox"":[15,67,89,91]}","{""bbox"":[15,8,89,89],""size"":[74,81],""center"":[52.0,48.5],""pixels"":4277,""component_count"":1,""label_band_start_y"":67,""body_band_proxy_bbox"":[15,8,89,67],""label_band_proxy_bbox"":[22,67,82,89]}",0.902439,0.964286,"[0.0,-0.5]",0.097561,True,"[82,60]","[74,59]",0.902439,0.983333,0.097561,True,"[74,24]","[60,22]",0.810811,0.916667,0.189189,True
pk_low,pk,low,1,pk_detail,2,standby,,대기,4,21,"{""bbox"":[11,7,93,91],""size"":[82,84],""center"":[52.0,49.0],""pixels"":5315,""component_count"":1,""label_band_start_y"":67,""body_band_proxy_bbox"":[11,7,93,67],""label_band_proxy_bbox"":[15,67,89,91]}","{""bbox"":[15,9,90,89],""size"":[75,80],""center"":[52.5,49.0],""pixels"":4286,""component_count"":2,""label_band_start_y"":67,""body_band_proxy_bbox"":[15,9,90,67],""label_band_proxy_bbox"":[21,67,83,89]}",0.914634,0.952381,"[0.5,0.0]",0.085366,True,"[82,60]","[75,58]",0.914634,0.966667,0.085366,True,"[74,24]","[62,22]",0.837838,0.916667,0.162162,True
pk_low,pk,low,1,pk_detail,2,standby,,대기,5,22,"{""bbox"":[11,7,93,91],""size"":[82,84],""center"":[52.0,49.0],""pixels"":5313,""component_count"":1,""label_band_start_y"":67,""body_band_proxy_bbox"":[11,7,93,67],""label_band_proxy_bbox"":[15,67,89,91]}","{""bbox"":[15,9,89,89],""size"":[74,80],""center"":[52.0,49.0],""pixels"":4216,""component_count"":1,""label_band_start_y"":67,""body_band_proxy_bbox"":[15,9,89,67],""label_band_proxy_bbox"":[23,67,81,89]}",0.902439,0.952381,"[0.0,0.0]",0.097561,True,"[82,60]","[74,58]",0.902439,0.966667,0.097561,True,"[74,24]","[58,22]",0.783784,0.916667,0.216216,True
pk_low,pk,low,1,pk_detail,2,standby,,대기,6,23,"{""bbox"":[11,7,93,91],""size"":[82,84],""center"":[52.0,49.0],""pixels"":5315,""component_count"":1,""label_band_start_y"":67,""body_band_proxy_bbox"":[11,7,93,67],""label_band_proxy_bbox"":[15,67,89,91]}","{""bbox"":[14,9,90,89],""size"":[76,80],""center"":[52.0,49.0],""pixels"":4292,""component_count"":2,""label_band_start_y"":67,""body_band_proxy_bbox"":[14,9,90,67],""label_band_proxy_bbox"":[21,67,83,89]}",0.926829,0.952381,"[0.0,0.0]",0.073171,True,"[82,60]","[76,58]",0.926829,0.966667,0.073171,True,"[74,24]","[62,22]",0.837838,0.916667,0.162162,True
pk_low,pk,low,1,pk_detail,3,siege_battle,,공성전,1,24,"{""bbox"":[11,7,93,91],""size"":[82,84],""center"":[52.0,49.0],""pixels"":5642,""component_count"":1,""label_band_start_y"":67,""body_band_proxy_bbox"":[11,7,93,67],""label_band_proxy_bbox"":[14,67,91,91]}","{""bbox"":[17,9,89,89],""size"":[72,80],""center"":[53.0,49.0],""pixels"":4513,""component_count"":1,""label_band_start_y"":67,""body_band_proxy_bbox"":[17,9,89,67],""label_band_proxy_bbox"":[22,67,83,89]}",0.878049,0.952381,"[1.0,0.0]",0.121951,True,"[82,60]","[72,58]",0.878049,0.966667,0.121951,True,"[77,24]","[61,22]",0.792208,0.916667,0.207792,True
pk_low,pk,low,1,pk_detail,3,siege_battle,,공성전,2,25,"{""bbox"":[11,7,93,91],""size"":[82,84],""center"":[52.0,49.0],""pixels"":5642,""component_count"":1,""label_band_start_y"":67,""body_band_proxy_bbox"":[11,7,93,67],""label_band_proxy_bbox"":[14,67,91,91]}","{""bbox"":[17,9,88,89],""size"":[71,80],""center"":[52.5,49.0],""pixels"":4478,""component_count"":1,""label_band_start_y"":67,""body_band_proxy_bbox"":[17,9,88,67],""label_band_proxy_bbox"":[22,67,82,89]}",0.865854,0.952381,"[0.5,0.0]",0.134146,True,"[82,60]","[71,58]",0.865854,0.966667,0.134146,True,"[77,24]","[60,22]",0.779221,0.916667,0.220779,True
pk_low,pk,low,1,pk_detail,3,siege_battle,,공성전,3,26,"{""bbox"":[11,7,93,91],""size"":[82,84],""center"":[52.0,49.0],""pixels"":5644,""component_count"":1,""label_band_start_y"":67,""body_band_proxy_bbox"":[11,7,93,67],""label_band_proxy_bbox"":[14,67,91,91]}","{""bbox"":[17,8,88,89],""size"":[71,81],""center"":[52.5,48.5],""pixels"":4473,""component_count"":1,""label_band_start_y"":67,""body_band_proxy_bbox"":[17,8,88,67],""label_band_proxy_bbox"":[23,67,83,89]}",0.865854,0.964286,"[0.5,-0.5]",0.134146,True,"[82,60]","[71,59]",0.865854,0.983333,0.134146,True,"[77,24]","[60,22]",0.779221,0.916667,0.220779,True
pk_low,pk,low,1,pk_detail,3,siege_battle,,공성전,4,27,"{""bbox"":[11,7,93,91],""size"":[82,84],""center"":[52.0,49.0],""pixels"":5644,""component_count"":1,""label_band_start_y"":67,""body_band_proxy_bbox"":[11,7,93,67],""label_band_proxy_bbox"":[14,67,91,91]}","{""bbox"":[17,9,89,89],""size"":[72,80],""center"":[53.0,49.0],""pixels"":4464,""component_count"":1,""label_band_start_y"":67,""body_band_proxy_bbox"":[17,9,89,67],""label_band_proxy_bbox"":[22,67,83,89]}",0.878049,0.952381,"[1.0,0.0]",0.121951,True,"[82,60]","[72,58]",0.878049,0.966667,0.121951,True,"[77,24]","[61,22]",0.792208,0.916667,0.207792,True
pk_low,pk,low,1,pk_detail,3,siege_battle,,공성전,5,28,"{""bbox"":[11,7,93,91],""size"":[82,84],""center"":[52.0,49.0],""pixels"":5642,""component_count"":1,""label_band_start_y"":67,""body_band_proxy_bbox"":[11,7,93,67],""label_band_proxy_bbox"":[14,67,91,91]}","{""bbox"":[17,9,89,89],""size"":[72,80],""center"":[53.0,49.0],""pixels"":4476,""component_count"":1,""label_band_start_y"":67,""body_band_proxy_bbox"":[17,9,89,67],""label_band_proxy_bbox"":[23,67,83,89]}",0.878049,0.952381,"[1.0,0.0]",0.121951,True,"[82,60]","[72,58]",0.878049,0.966667,0.121951,True,"[77,24]","[60,22]",0.779221,0.916667,0.220779,True
pk_low,pk,low,1,pk_detail,3,siege_battle,,공성전,6,29,"{""bbox"":[11,7,93,91],""size"":[82,84],""center"":[52.0,49.0],""pixels"":5644,""component_count"":1,""label_band_start_y"":67,""body_band_proxy_bbox"":[11,7,93,67],""label_band_proxy_bbox"":[14,67,91,91]}","{""bbox"":[17,9,89,89],""size"":[72,80],""center"":[53.0,49.0],""pixels"":4481,""component_count"":1,""label_band_start_y"":67,""body_band_proxy_bbox"":[17,9,89,67],""label_band_proxy_bbox"":[22,67,83,89]}",0.878049,0.952381,"[1.0,0.0]",0.121951,True,"[82,60]","[72,58]",0.878049,0.966667,0.121951,True,"[77,24]","[61,22]",0.792208,0.916667,0.207792,True
pk_low,pk,low,1,pk_detail,4,castle_role,,성역할,1,30,"{""bbox"":[11,7,93,91],""size"":[82,84],""center"":[52.0,49.0],""pixels"":5622,""component_count"":1,""label_band_start_y"":67,""body_band_proxy_bbox"":[11,7,93,67],""label_band_proxy_bbox"":[13,67,89,91]}","{""bbox"":[14,9,91,89],""size"":[77,80],""center"":[52.5,49.0],""pixels"":4684,""component_count"":1,""label_band_start_y"":67,""body_band_proxy_bbox"":[14,9,91,67],""label_band_proxy_bbox"":[21,67,84,89]}",0.939024,0.952381,"[0.5,0.0]",0.060976,True,"[82,60]","[77,58]",0.939024,0.966667,0.060976,True,"[76,24]","[63,22]",0.828947,0.916667,0.171053,True
pk_low,pk,low,1,pk_detail,4,castle_role,,성역할,2,31,"{""bbox"":[11,7,93,91],""size"":[82,84],""center"":[52.0,49.0],""pixels"":5622,""component_count"":1,""label_band_start_y"":67,""body_band_proxy_bbox"":[11,7,93,67],""label_band_proxy_bbox"":[13,67,89,91]}","{""bbox"":[15,8,91,89],""size"":[76,81],""center"":[53.0,48.5],""pixels"":4646,""component_count"":1,""label_band_start_y"":67,""body_band_proxy_bbox"":[15,8,91,67],""label_band_proxy_bbox"":[22,67,86,89]}",0.926829,0.964286,"[1.0,-0.5]",0.073171,True,"[82,60]","[76,59]",0.926829,0.983333,0.073171,True,"[76,24]","[64,22]",0.842105,0.916667,0.157895,True
pk_low,pk,low,1,pk_detail,4,castle_role,,성역할,3,32,"{""bbox"":[11,7,93,91],""size"":[82,84],""center"":[52.0,49.0],""pixels"":5624,""component_count"":1,""label_band_start_y"":67,""body_band_proxy_bbox"":[11,7,93,67],""label_band_proxy_bbox"":[13,67,89,91]}","{""bbox"":[15,9,91,89],""size"":[76,80],""center"":[53.0,49.0],""pixels"":4625,""component_count"":1,""label_band_start_y"":67,""body_band_proxy_bbox"":[15,9,91,67],""label_band_proxy_bbox"":[22,67,85,89]}",0.926829,0.952381,"[1.0,0.0]",0.073171,True,"[82,60]","[76,58]",0.926829,0.966667,0.073171,True,"[76,24]","[63,22]",0.828947,0.916667,0.171053,True
pk_low,pk,low,1,pk_detail,4,castle_role,,성역할,4,33,"{""bbox"":[11,7,93,91],""size"":[82,84],""center"":[52.0,49.0],""pixels"":5624,""component_count"":1,""label_band_start_y"":67,""body_band_proxy_bbox"":[11,7,93,67],""label_band_proxy_bbox"":[13,67,89,91]}","{""bbox"":[14,8,90,89],""size"":[76,81],""center"":[52.0,48.5],""pixels"":4697,""component_count"":1,""label_band_start_y"":67,""body_band_proxy_bbox"":[14,8,90,67],""label_band_proxy_bbox"":[20,67,84,89]}",0.926829,0.964286,"[0.0,-0.5]",0.073171,True,"[82,60]","[76,59]",0.926829,0.983333,0.073171,True,"[76,24]","[64,22]",0.842105,0.916667,0.157895,True
pk_low,pk,low,1,pk_detail,4,castle_role,,성역할,5,34,"{""bbox"":[11,7,93,91],""size"":[82,84],""center"":[52.0,49.0],""pixels"":5622,""component_count"":1,""label_band_start_y"":67,""body_band_proxy_bbox"":[11,7,93,67],""label_band_proxy_bbox"":[13,67,89,91]}","{""bbox"":[15,9,90,89],""size"":[75,80],""center"":[52.5,49.0],""pixels"":4626,""component_count"":1,""label_band_start_y"":67,""body_band_proxy_bbox"":[15,9,90,67],""label_band_proxy_bbox"":[22,67,86,89]}",0.914634,0.952381,"[0.5,0.0]",0.085366,True,"[82,60]","[75,58]",0.914634,0.966667,0.085366,True,"[76,24]","[64,22]",0.842105,0.916667,0.157895,True
pk_low,pk,low,1,pk_detail,4,castle_role,,성역할,6,35,"{""bbox"":[11,7,93,91],""size"":[82,84],""center"":[52.0,49.0],""pixels"":5624,""component_count"":1,""label_band_start_y"":67,""body_band_proxy_bbox"":[11,7,93,67],""label_band_proxy_bbox"":[13,67,89,91]}","{""bbox"":[14,9,90,89],""size"":[76,80],""center"":[52.0,49.0],""pixels"":4663,""component_count"":1,""label_band_start_y"":67,""body_band_proxy_bbox"":[14,9,90,67],""label_band_proxy_bbox"":[20,67,84,89]}",0.926829,0.952381,"[0.0,0.0]",0.073171,True,"[82,60]","[76,58]",0.926829,0.966667,0.073171,True,"[76,24]","[64,22]",0.842105,0.916667,0.157895,True
pk_low,pk,low,1,pk_detail,5,edit_castle_role,,편집,1,36,"{""bbox"":[11,7,93,91],""size"":[82,84],""center"":[52.0,49.0],""pixels"":5319,""component_count"":1,""label_band_start_y"":67,""body_band_proxy_bbox"":[11,7,93,67],""label_band_proxy_bbox"":[15,67,89,91]}","{""bbox"":[12,8,92,89],""size"":[80,81],""center"":[52.0,48.5],""pixels"":4553,""component_count"":1,""label_band_start_y"":67,""body_band_proxy_bbox"":[12,8,92,67],""label_band_proxy_bbox"":[19,67,84,89]}",0.97561,0.964286,"[0.0,-0.5]",0.035714,False,"[82,60]","[80,59]",0.97561,0.983333,0.02439,False,"[74,24]","[65,22]",0.878378,0.916667,0.121622,True
pk_low,pk,low,1,pk_detail,5,edit_castle_role,,편집,2,37,"{""bbox"":[11,7,93,91],""size"":[82,84],""center"":[52.0,49.0],""pixels"":5319,""component_count"":1,""label_band_start_y"":67,""body_band_proxy_bbox"":[11,7,93,67],""label_band_proxy_bbox"":[15,67,89,91]}","{""bbox"":[13,9,90,89],""size"":[77,80],""center"":[51.5,49.0],""pixels"":4533,""component_count"":1,""label_band_start_y"":67,""body_band_proxy_bbox"":[13,9,90,67],""label_band_proxy_bbox"":[20,67,83,89]}",0.939024,0.952381,"[-0.5,0.0]",0.060976,True,"[82,60]","[77,58]",0.939024,0.966667,0.060976,True,"[74,24]","[63,22]",0.851351,0.916667,0.148649,True
pk_low,pk,low,1,pk_detail,5,edit_castle_role,,편집,3,38,"{""bbox"":[11,7,93,91],""size"":[82,84],""center"":[52.0,49.0],""pixels"":5321,""component_count"":1,""label_band_start_y"":67,""body_band_proxy_bbox"":[11,7,93,67],""label_band_proxy_bbox"":[15,67,89,91]}","{""bbox"":[12,9,90,89],""size"":[78,80],""center"":[51.0,49.0],""pixels"":4508,""component_count"":2,""label_band_start_y"":67,""body_band_proxy_bbox"":[12,9,90,67],""label_band_proxy_bbox"":[20,67,83,89]}",0.95122,0.952381,"[-1.0,0.0]",0.04878,False,"[82,60]","[78,58]",0.95122,0.966667,0.04878,False,"[74,24]","[63,22]",0.851351,0.916667,0.148649,True
pk_low,pk,low,1,pk_detail,5,edit_castle_role,,편집,4,39,"{""bbox"":[11,7,93,91],""size"":[82,84],""center"":[52.0,49.0],""pixels"":5321,""component_count"":1,""label_band_start_y"":67,""body_band_proxy_bbox"":[11,7,93,67],""label_band_proxy_bbox"":[15,67,89,91]}","{""bbox"":[12,8,92,89],""size"":[80,81],""center"":[52.0,48.5],""pixels"":4495,""component_count"":1,""label_band_start_y"":67,""body_band_proxy_bbox"":[12,8,92,67],""label_band_proxy_bbox"":[20,67,84,89]}",0.97561,0.964286,"[0.0,-0.5]",0.035714,False,"[82,60]","[80,59]",0.97561,0.983333,0.02439,False,"[74,24]","[64,22]",0.864865,0.916667,0.135135,True
pk_low,pk,low,1,pk_detail,5,edit_castle_role,,편집,5,40,"{""bbox"":[11,7,93,91],""size"":[82,84],""center"":[52.0,49.0],""pixels"":5319,""component_count"":1,""label_band_start_y"":67,""body_band_proxy_bbox"":[11,7,93,67],""label_band_proxy_bbox"":[15,67,89,91]}","{""bbox"":[17,16,87,89],""size"":[70,73],""center"":[52.0,52.5],""pixels"":3720,""component_count"":1,""label_band_start_y"":67,""body_band_proxy_bbox"":[17,16,87,67],""label_band_proxy_bbox"":[22,67,82,89]}",0.853659,0.869048,"[0.0,3.5]",0.146341,True,"[82,60]","[70,51]",0.853659,0.85,0.15,True,"[74,24]","[60,22]",0.810811,0.916667,0.189189,True
pk_low,pk,low,1,pk_detail,5,edit_castle_role,,편집,6,41,"{""bbox"":[11,7,93,91],""size"":[82,84],""center"":[52.0,49.0],""pixels"":5321,""component_count"":1,""label_band_start_y"":67,""body_band_proxy_bbox"":[11,7,93,67],""label_band_proxy_bbox"":[15,67,89,91]}","{""bbox"":[12,8,92,89],""size"":[80,81],""center"":[52.0,48.5],""pixels"":4525,""component_count"":2,""label_band_start_y"":67,""body_band_proxy_bbox"":[12,8,92,67],""label_band_proxy_bbox"":[20,67,84,89]}",0.97561,0.964286,"[0.0,-0.5]",0.035714,False,"[82,60]","[80,59]",0.97561,0.983333,0.02439,False,"[74,24]","[64,22]",0.864865,0.916667,0.135135,True
pk_low,pk,low,1,pk_detail,6,clear_castle_role,,해제,1,42,"{""bbox"":[11,7,93,91],""size"":[82,84],""center"":[52.0,49.0],""pixels"":5312,""component_count"":1,""label_band_start_y"":67,""body_band_proxy_bbox"":[11,7,93,67],""label_band_proxy_bbox"":[15,67,89,91]}","{""bbox"":[13,9,90,89],""size"":[77,80],""center"":[51.5,49.0],""pixels"":4481,""component_count"":2,""label_band_start_y"":67,""body_band_proxy_bbox"":[13,9,90,67],""label_band_proxy_bbox"":[19,67,84,89]}",0.939024,0.952381,"[-0.5,0.0]",0.060976,True,"[82,60]","[77,58]",0.939024,0.966667,0.060976,True,"[74,24]","[65,22]",0.878378,0.916667,0.121622,True
pk_low,pk,low,1,pk_detail,6,clear_castle_role,,해제,2,43,"{""bbox"":[11,7,93,91],""size"":[82,84],""center"":[52.0,49.0],""pixels"":5312,""component_count"":1,""label_band_start_y"":67,""body_band_proxy_bbox"":[11,7,93,67],""label_band_proxy_bbox"":[15,67,89,91]}","{""bbox"":[14,9,90,89],""size"":[76,80],""center"":[52.0,49.0],""pixels"":4457,""component_count"":1,""label_band_start_y"":67,""body_band_proxy_bbox"":[14,9,90,67],""label_band_proxy_bbox"":[21,67,83,89]}",0.926829,0.952381,"[0.0,0.0]",0.073171,True,"[82,60]","[76,58]",0.926829,0.966667,0.073171,True,"[74,24]","[62,22]",0.837838,0.916667,0.162162,True
pk_low,pk,low,1,pk_detail,6,clear_castle_role,,해제,3,44,"{""bbox"":[11,7,93,91],""size"":[82,84],""center"":[52.0,49.0],""pixels"":5315,""component_count"":1,""label_band_start_y"":67,""body_band_proxy_bbox"":[11,7,93,67],""label_band_proxy_bbox"":[15,67,89,91]}","{""bbox"":[14,9,90,89],""size"":[76,80],""center"":[52.0,49.0],""pixels"":4441,""component_count"":2,""label_band_start_y"":67,""body_band_proxy_bbox"":[14,9,90,67],""label_band_proxy_bbox"":[21,67,83,89]}",0.926829,0.952381,"[0.0,0.0]",0.073171,True,"[82,60]","[76,58]",0.926829,0.966667,0.073171,True,"[74,24]","[62,22]",0.837838,0.916667,0.162162,True
pk_low,pk,low,1,pk_detail,6,clear_castle_role,,해제,4,45,"{""bbox"":[11,7,93,91],""size"":[82,84],""center"":[52.0,49.0],""pixels"":5315,""component_count"":1,""label_band_start_y"":67,""body_band_proxy_bbox"":[11,7,93,67],""label_band_proxy_bbox"":[15,67,89,91]}","{""bbox"":[13,9,90,89],""size"":[77,80],""center"":[51.5,49.0],""pixels"":4471,""component_count"":1,""label_band_start_y"":67,""body_band_proxy_bbox"":[13,9,90,67],""label_band_proxy_bbox"":[20,67,84,89]}",0.939024,0.952381,"[-0.5,0.0]",0.060976,True,"[82,60]","[77,58]",0.939024,0.966667,0.060976,True,"[74,24]","[64,22]",0.864865,0.916667,0.135135,True
pk_low,pk,low,1,pk_detail,6,clear_castle_role,,해제,5,46,"{""bbox"":[11,7,93,91],""size"":[82,84],""center"":[52.0,49.0],""pixels"":5312,""component_count"":1,""label_band_start_y"":67,""body_band_proxy_bbox"":[11,7,93,67],""label_band_proxy_bbox"":[15,67,89,91]}","{""bbox"":[14,8,90,89],""size"":[76,81],""center"":[52.0,48.5],""pixels"":4422,""component_count"":1,""label_band_start_y"":67,""body_band_proxy_bbox"":[14,8,90,67],""label_band_proxy_bbox"":[21,67,83,89]}",0.926829,0.964286,"[0.0,-0.5]",0.073171,True,"[82,60]","[76,59]",0.926829,0.983333,0.073171,True,"[74,24]","[62,22]",0.837838,0.916667,0.162162,True
pk_low,pk,low,1,pk_detail,6,clear_castle_role,,해제,6,47,"{""bbox"":[11,7,93,91],""size"":[82,84],""center"":[52.0,49.0],""pixels"":5315,""component_count"":1,""label_band_start_y"":67,""body_band_proxy_bbox"":[11,7,93,67],""label_band_proxy_bbox"":[15,67,89,91]}","{""bbox"":[14,9,90,89],""size"":[76,80],""center"":[52.0,49.0],""pixels"":4455,""component_count"":2,""label_band_start_y"":67,""body_band_proxy_bbox"":[14,9,90,67],""label_band_proxy_bbox"":[20,67,84,89]}",0.926829,0.952381,"[0.0,0.0]",0.073171,True,"[82,60]","[76,58]",0.926829,0.966667,0.073171,True,"[74,24]","[64,22]",0.864865,0.916667,0.135135,True
pk_low,pk,low,1,pk_detail,7,supply_base,,보급거점,1,48,"{""bbox"":[4,7,100,91],""size"":[96,84],""center"":[52.0,49.0],""pixels"":6146,""component_count"":1,""label_band_start_y"":67,""body_band_proxy_bbox"":[5,7,98,67],""label_band_proxy_bbox"":[4,67,100,91]}","{""bbox"":[14,9,90,89],""size"":[76,80],""center"":[52.0,49.0],""pixels"":4887,""component_count"":1,""label_band_start_y"":67,""body_band_proxy_bbox"":[14,9,89,67],""label_band_proxy_bbox"":[14,67,90,89]}",0.791667,0.952381,"[0.0,0.0]",0.208333,True,"[93,60]","[75,58]",0.806452,0.966667,0.193548,True,"[96,24]","[76,22]",0.791667,0.916667,0.208333,True
pk_low,pk,low,1,pk_detail,7,supply_base,,보급거점,2,49,"{""bbox"":[4,7,100,91],""size"":[96,84],""center"":[52.0,49.0],""pixels"":6146,""component_count"":1,""label_band_start_y"":67,""body_band_proxy_bbox"":[5,7,98,67],""label_band_proxy_bbox"":[4,67,100,91]}","{""bbox"":[14,8,90,89],""size"":[76,81],""center"":[52.0,48.5],""pixels"":4861,""component_count"":1,""label_band_start_y"":67,""body_band_proxy_bbox"":[15,8,89,67],""label_band_proxy_bbox"":[14,67,90,89]}",0.791667,0.964286,"[0.0,-0.5]",0.208333,True,"[93,60]","[74,59]",0.795699,0.983333,0.204301,True,"[96,24]","[76,22]",0.791667,0.916667,0.208333,True
pk_low,pk,low,1,pk_detail,7,supply_base,,보급거점,3,50,"{""bbox"":[4,7,100,91],""size"":[96,84],""center"":[52.0,49.0],""pixels"":6162,""component_count"":1,""label_band_start_y"":67,""body_band_proxy_bbox"":[5,7,98,67],""label_band_proxy_bbox"":[4,67,100,91]}","{""bbox"":[14,9,90,89],""size"":[76,80],""center"":[52.0,49.0],""pixels"":4860,""component_count"":1,""label_band_start_y"":67,""body_band_proxy_bbox"":[15,9,89,67],""label_band_proxy_bbox"":[14,67,90,89]}",0.791667,0.952381,"[0.0,0.0]",0.208333,True,"[93,60]","[74,58]",0.795699,0.966667,0.204301,True,"[96,24]","[76,22]",0.791667,0.916667,0.208333,True
pk_low,pk,low,1,pk_detail,7,supply_base,,보급거점,4,51,"{""bbox"":[4,7,100,91],""size"":[96,84],""center"":[52.0,49.0],""pixels"":6148,""component_count"":1,""label_band_start_y"":67,""body_band_proxy_bbox"":[5,7,98,67],""label_band_proxy_bbox"":[4,67,100,91]}","{""bbox"":[14,9,90,89],""size"":[76,80],""center"":[52.0,49.0],""pixels"":4851,""component_count"":1,""label_band_start_y"":67,""body_band_proxy_bbox"":[15,9,89,67],""label_band_proxy_bbox"":[14,67,90,89]}",0.791667,0.952381,"[0.0,0.0]",0.208333,True,"[93,60]","[74,58]",0.795699,0.966667,0.204301,True,"[96,24]","[76,22]",0.791667,0.916667,0.208333,True
pk_low,pk,low,1,pk_detail,7,supply_base,,보급거점,5,52,"{""bbox"":[4,7,100,91],""size"":[96,84],""center"":[52.0,49.0],""pixels"":6146,""component_count"":1,""label_band_start_y"":67,""body_band_proxy_bbox"":[5,7,98,67],""label_band_proxy_bbox"":[4,67,100,91]}","{""bbox"":[14,9,90,89],""size"":[76,80],""center"":[52.0,49.0],""pixels"":4845,""component_count"":1,""label_band_start_y"":67,""body_band_proxy_bbox"":[16,9,89,67],""label_band_proxy_bbox"":[14,67,90,89]}",0.791667,0.952381,"[0.0,0.0]",0.208333,True,"[93,60]","[73,58]",0.784946,0.966667,0.215054,True,"[96,24]","[76,22]",0.791667,0.916667,0.208333,True
pk_low,pk,low,1,pk_detail,7,supply_base,,보급거점,6,53,"{""bbox"":[4,7,100,91],""size"":[96,84],""center"":[52.0,49.0],""pixels"":6148,""component_count"":1,""label_band_start_y"":67,""body_band_proxy_bbox"":[5,7,98,67],""label_band_proxy_bbox"":[4,67,100,91]}","{""bbox"":[14,9,90,89],""size"":[76,80],""center"":[52.0,49.0],""pixels"":4852,""component_count"":1,""label_band_start_y"":67,""body_band_proxy_bbox"":[14,9,89,67],""label_band_proxy_bbox"":[14,67,90,89]}",0.791667,0.952381,"[0.0,0.0]",0.208333,True,"[93,60]","[75,58]",0.806452,0.966667,0.193548,True,"[96,24]","[76,22]",0.791667,0.916667,0.208333,True
pk_low,pk,low,1,pk_detail,8,clear_supply_base,,해제,1,54,"{""bbox"":[11,7,93,91],""size"":[82,84],""center"":[52.0,49.0],""pixels"":5312,""component_count"":1,""label_band_start_y"":67,""body_band_proxy_bbox"":[11,7,93,67],""label_band_proxy_bbox"":[15,67,89,91]}","{""bbox"":[15,9,90,89],""size"":[75,80],""center"":[52.5,49.0],""pixels"":4398,""component_count"":2,""label_band_start_y"":67,""body_band_proxy_bbox"":[15,9,90,67],""label_band_proxy_bbox"":[22,67,83,89]}",0.914634,0.952381,"[0.5,0.0]",0.085366,True,"[82,60]","[75,58]",0.914634,0.966667,0.085366,True,"[74,24]","[61,22]",0.824324,0.916667,0.175676,True
pk_low,pk,low,1,pk_detail,8,clear_supply_base,,해제,2,55,"{""bbox"":[11,7,93,91],""size"":[82,84],""center"":[52.0,49.0],""pixels"":5312,""component_count"":1,""label_band_start_y"":67,""body_band_proxy_bbox"":[11,7,93,67],""label_band_proxy_bbox"":[15,67,89,91]}","{""bbox"":[15,9,89,89],""size"":[74,80],""center"":[52.0,49.0],""pixels"":4295,""component_count"":1,""label_band_start_y"":67,""body_band_proxy_bbox"":[15,9,89,67],""label_band_proxy_bbox"":[23,67,80,89]}",0.902439,0.952381,"[0.0,0.0]",0.097561,True,"[82,60]","[74,58]",0.902439,0.966667,0.097561,True,"[74,24]","[57,22]",0.77027,0.916667,0.22973,True
pk_low,pk,low,1,pk_detail,8,clear_supply_base,,해제,3,56,"{""bbox"":[11,7,93,91],""size"":[82,84],""center"":[52.0,49.0],""pixels"":5326,""component_count"":1,""label_band_start_y"":67,""body_band_proxy_bbox"":[11,7,93,67],""label_band_proxy_bbox"":[15,67,89,91]}","{""bbox"":[15,9,89,89],""size"":[74,80],""center"":[52.0,49.0],""pixels"":4297,""component_count"":2,""label_band_start_y"":67,""body_band_proxy_bbox"":[15,9,89,67],""label_band_proxy_bbox"":[23,67,81,89]}",0.902439,0.952381,"[0.0,0.0]",0.097561,True,"[82,60]","[74,58]",0.902439,0.966667,0.097561,True,"[74,24]","[58,22]",0.783784,0.916667,0.216216,True
pk_low,pk,low,1,pk_detail,8,clear_supply_base,,해제,4,57,"{""bbox"":[11,7,93,91],""size"":[82,84],""center"":[52.0,49.0],""pixels"":5315,""component_count"":1,""label_band_start_y"":67,""body_band_proxy_bbox"":[11,7,93,67],""label_band_proxy_bbox"":[15,67,89,91]}","{""bbox"":[14,9,90,89],""size"":[76,80],""center"":[52.0,49.0],""pixels"":4313,""component_count"":2,""label_band_start_y"":67,""body_band_proxy_bbox"":[14,9,90,67],""label_band_proxy_bbox"":[22,67,82,89]}",0.926829,0.952381,"[0.0,0.0]",0.073171,True,"[82,60]","[76,58]",0.926829,0.966667,0.073171,True,"[74,24]","[60,22]",0.810811,0.916667,0.189189,True
pk_low,pk,low,1,pk_detail,8,clear_supply_base,,해제,5,58,"{""bbox"":[11,7,93,91],""size"":[82,84],""center"":[52.0,49.0],""pixels"":5312,""component_count"":1,""label_band_start_y"":67,""body_band_proxy_bbox"":[11,7,93,67],""label_band_proxy_bbox"":[15,67,89,91]}","{""bbox"":[15,9,89,89],""size"":[74,80],""center"":[52.0,49.0],""pixels"":4280,""component_count"":2,""label_band_start_y"":67,""body_band_proxy_bbox"":[15,9,89,67],""label_band_proxy_bbox"":[23,67,80,89]}",0.902439,0.952381,"[0.0,0.0]",0.097561,True,"[82,60]","[74,58]",0.902439,0.966667,0.097561,True,"[74,24]","[57,22]",0.77027,0.916667,0.22973,True
pk_low,pk,low,1,pk_detail,8,clear_supply_base,,해제,6,59,"{""bbox"":[11,7,93,91],""size"":[82,84],""center"":[52.0,49.0],""pixels"":5315,""component_count"":1,""label_band_start_y"":67,""body_band_proxy_bbox"":[11,7,93,67],""label_band_proxy_bbox"":[15,67,89,91]}","{""bbox"":[14,8,90,89],""size"":[76,81],""center"":[52.0,48.5],""pixels"":4333,""component_count"":1,""label_band_start_y"":67,""body_band_proxy_bbox"":[14,8,90,67],""label_band_proxy_bbox"":[22,67,82,89]}",0.926829,0.964286,"[0.0,-0.5]",0.073171,True,"[82,60]","[76,59]",0.926829,0.983333,0.073171,True,"[74,24]","[60,22]",0.810811,0.916667,0.189189,True
pk_low,pk,low,1,pk_detail,9,defense_base,,방어거점,1,60,"{""bbox"":[5,7,100,91],""size"":[95,84],""center"":[52.5,49.0],""pixels"":6137,""component_count"":1,""label_band_start_y"":67,""body_band_proxy_bbox"":[5,7,98,67],""label_band_proxy_bbox"":[5,67,100,91]}","{""bbox"":[14,8,91,89],""size"":[77,81],""center"":[52.5,48.5],""pixels"":4925,""component_count"":1,""label_band_start_y"":67,""body_band_proxy_bbox"":[14,8,91,67],""label_band_proxy_bbox"":[18,67,90,89]}",0.810526,0.964286,"[0.0,-0.5]",0.189474,True,"[93,60]","[77,59]",0.827957,0.983333,0.172043,True,"[95,24]","[72,22]",0.757895,0.916667,0.242105,True
pk_low,pk,low,1,pk_detail,9,defense_base,,방어거점,2,61,"{""bbox"":[5,7,100,91],""size"":[95,84],""center"":[52.5,49.0],""pixels"":6137,""component_count"":1,""label_band_start_y"":67,""body_band_proxy_bbox"":[5,7,98,67],""label_band_proxy_bbox"":[5,67,100,91]}","{""bbox"":[15,9,91,89],""size"":[76,80],""center"":[53.0,49.0],""pixels"":4897,""component_count"":1,""label_band_start_y"":67,""body_band_proxy_bbox"":[15,9,91,67],""label_band_proxy_bbox"":[16,67,88,89]}",0.8,0.952381,"[0.5,0.0]",0.2,True,"[93,60]","[76,58]",0.817204,0.966667,0.182796,True,"[95,24]","[72,22]",0.757895,0.916667,0.242105,True
pk_low,pk,low,1,pk_detail,9,defense_base,,방어거점,3,62,"{""bbox"":[5,7,100,91],""size"":[95,84],""center"":[52.5,49.0],""pixels"":6139,""component_count"":1,""label_band_start_y"":67,""body_band_proxy_bbox"":[5,7,98,67],""label_band_proxy_bbox"":[5,67,100,91]}","{""bbox"":[15,8,92,89],""size"":[77,81],""center"":[53.5,48.5],""pixels"":4909,""component_count"":1,""label_band_start_y"":67,""body_band_proxy_bbox"":[15,8,92,67],""label_band_proxy_bbox"":[17,67,89,89]}",0.810526,0.964286,"[1.0,-0.5]",0.189474,True,"[93,60]","[77,59]",0.827957,0.983333,0.172043,True,"[95,24]","[72,22]",0.757895,0.916667,0.242105,True
pk_low,pk,low,1,pk_detail,9,defense_base,,방어거점,4,63,"{""bbox"":[5,7,100,91],""size"":[95,84],""center"":[52.5,49.0],""pixels"":6139,""component_count"":1,""label_band_start_y"":67,""body_band_proxy_bbox"":[5,7,98,67],""label_band_proxy_bbox"":[5,67,100,91]}","{""bbox"":[15,9,92,89],""size"":[77,80],""center"":[53.5,49.0],""pixels"":4890,""component_count"":1,""label_band_start_y"":67,""body_band_proxy_bbox"":[15,9,92,67],""label_band_proxy_bbox"":[18,67,89,89]}",0.810526,0.952381,"[1.0,0.0]",0.189474,True,"[93,60]","[77,58]",0.827957,0.966667,0.172043,True,"[95,24]","[71,22]",0.747368,0.916667,0.252632,True
pk_low,pk,low,1,pk_detail,9,defense_base,,방어거점,5,64,"{""bbox"":[5,7,100,91],""size"":[95,84],""center"":[52.5,49.0],""pixels"":6137,""component_count"":1,""label_band_start_y"":67,""body_band_proxy_bbox"":[5,7,98,67],""label_band_proxy_bbox"":[5,67,100,91]}","{""bbox"":[15,9,92,89],""size"":[77,80],""center"":[53.5,49.0],""pixels"":4927,""component_count"":2,""label_band_start_y"":67,""body_band_proxy_bbox"":[15,9,92,67],""label_band_proxy_bbox"":[17,67,89,89]}",0.810526,0.952381,"[1.0,0.0]",0.189474,True,"[93,60]","[77,58]",0.827957,0.966667,0.172043,True,"[95,24]","[72,22]",0.757895,0.916667,0.242105,True
pk_low,pk,low,1,pk_detail,9,defense_base,,방어거점,6,65,"{""bbox"":[5,7,100,91],""size"":[95,84],""center"":[52.5,49.0],""pixels"":6139,""component_count"":1,""label_band_start_y"":67,""body_band_proxy_bbox"":[5,7,98,67],""label_band_proxy_bbox"":[5,67,100,91]}","{""bbox"":[14,8,91,89],""size"":[77,81],""center"":[52.5,48.5],""pixels"":4953,""component_count"":1,""label_band_start_y"":67,""body_band_proxy_bbox"":[14,8,91,67],""label_band_proxy_bbox"":[18,67,89,89]}",0.810526,0.964286,"[0.0,-0.5]",0.189474,True,"[93,60]","[77,59]",0.827957,0.983333,0.172043,True,"[95,24]","[71,22]",0.747368,0.916667,0.252632,True
pk_low,pk,low,1,pk_detail,10,clear_defense_base,,해제,1,66,"{""bbox"":[11,7,93,91],""size"":[82,84],""center"":[52.0,49.0],""pixels"":5312,""component_count"":1,""label_band_start_y"":67,""body_band_proxy_bbox"":[11,7,93,67],""label_band_proxy_bbox"":[15,67,89,91]}","{""bbox"":[13,9,90,89],""size"":[77,80],""center"":[51.5,49.0],""pixels"":4479,""component_count"":2,""label_band_start_y"":67,""body_band_proxy_bbox"":[13,9,90,67],""label_band_proxy_bbox"":[21,67,83,89]}",0.939024,0.952381,"[-0.5,0.0]",0.060976,True,"[82,60]","[77,58]",0.939024,0.966667,0.060976,True,"[74,24]","[62,22]",0.837838,0.916667,0.162162,True
pk_low,pk,low,1,pk_detail,10,clear_defense_base,,해제,2,67,"{""bbox"":[11,7,93,91],""size"":[82,84],""center"":[52.0,49.0],""pixels"":5312,""component_count"":1,""label_band_start_y"":67,""body_band_proxy_bbox"":[11,7,93,67],""label_band_proxy_bbox"":[15,67,89,91]}","{""bbox"":[15,8,90,89],""size"":[75,81],""center"":[52.5,48.5],""pixels"":4396,""component_count"":1,""label_band_start_y"":67,""body_band_proxy_bbox"":[15,8,90,67],""label_band_proxy_bbox"":[23,67,82,89]}",0.914634,0.964286,"[0.5,-0.5]",0.085366,True,"[82,60]","[75,59]",0.914634,0.983333,0.085366,True,"[74,24]","[59,22]",0.797297,0.916667,0.202703,True
pk_low,pk,low,1,pk_detail,10,clear_defense_base,,해제,3,68,"{""bbox"":[11,7,93,91],""size"":[82,84],""center"":[52.0,49.0],""pixels"":5315,""component_count"":1,""label_band_start_y"":67,""body_band_proxy_bbox"":[11,7,93,67],""label_band_proxy_bbox"":[15,67,89,91]}","{""bbox"":[14,8,90,89],""size"":[76,81],""center"":[52.0,48.5],""pixels"":4435,""component_count"":1,""label_band_start_y"":67,""body_band_proxy_bbox"":[14,8,90,67],""label_band_proxy_bbox"":[22,67,82,89]}",0.926829,0.964286,"[0.0,-0.5]",0.073171,True,"[82,60]","[76,59]",0.926829,0.983333,0.073171,True,"[74,24]","[60,22]",0.810811,0.916667,0.189189,True
pk_low,pk,low,1,pk_detail,10,clear_defense_base,,해제,4,69,"{""bbox"":[11,7,93,91],""size"":[82,84],""center"":[52.0,49.0],""pixels"":5315,""component_count"":1,""label_band_start_y"":67,""body_band_proxy_bbox"":[11,7,93,67],""label_band_proxy_bbox"":[15,67,89,91]}","{""bbox"":[14,9,90,89],""size"":[76,80],""center"":[52.0,49.0],""pixels"":4418,""component_count"":2,""label_band_start_y"":67,""body_band_proxy_bbox"":[14,9,90,67],""label_band_proxy_bbox"":[21,67,82,89]}",0.926829,0.952381,"[0.0,0.0]",0.073171,True,"[82,60]","[76,58]",0.926829,0.966667,0.073171,True,"[74,24]","[61,22]",0.824324,0.916667,0.175676,True
pk_low,pk,low,1,pk_detail,10,clear_defense_base,,해제,5,70,"{""bbox"":[11,7,93,91],""size"":[82,84],""center"":[52.0,49.0],""pixels"":5312,""component_count"":1,""label_band_start_y"":67,""body_band_proxy_bbox"":[11,7,93,67],""label_band_proxy_bbox"":[15,67,89,91]}","{""bbox"":[15,8,90,89],""size"":[75,81],""center"":[52.5,48.5],""pixels"":4364,""component_count"":2,""label_band_start_y"":67,""body_band_proxy_bbox"":[15,8,90,67],""label_band_proxy_bbox"":[23,67,82,89]}",0.914634,0.964286,"[0.5,-0.5]",0.085366,True,"[82,60]","[75,59]",0.914634,0.983333,0.085366,True,"[74,24]","[59,22]",0.797297,0.916667,0.202703,True
pk_low,pk,low,1,pk_detail,10,clear_defense_base,,해제,6,71,"{""bbox"":[11,7,93,91],""size"":[82,84],""center"":[52.0,49.0],""pixels"":5315,""component_count"":1,""label_band_start_y"":67,""body_band_proxy_bbox"":[11,7,93,67],""label_band_proxy_bbox"":[15,67,89,91]}","{""bbox"":[12,9,90,89],""size"":[78,80],""center"":[51.0,49.0],""pixels"":4482,""component_count"":2,""label_band_start_y"":67,""body_band_proxy_bbox"":[12,9,90,67],""label_band_proxy_bbox"":[20,67,83,89]}",0.95122,0.952381,"[-1.0,0.0]",0.04878,False,"[82,60]","[78,58]",0.95122,0.966667,0.04878,False,"[74,24]","[63,22]",0.851351,0.916667,0.148649,True
pk_low,pk,low,1,pk_detail,11,edit_defense_base,,편집,1,72,"{""bbox"":[11,7,93,91],""size"":[82,84],""center"":[52.0,49.0],""pixels"":5319,""component_count"":1,""label_band_start_y"":67,""body_band_proxy_bbox"":[11,7,93,67],""label_band_proxy_bbox"":[15,67,89,91]}","{""bbox"":[13,9,90,89],""size"":[77,80],""center"":[51.5,49.0],""pixels"":4553,""component_count"":1,""label_band_start_y"":67,""body_band_proxy_bbox"":[13,9,90,67],""label_band_proxy_bbox"":[19,67,84,89]}",0.939024,0.952381,"[-0.5,0.0]",0.060976,True,"[82,60]","[77,58]",0.939024,0.966667,0.060976,True,"[74,24]","[65,22]",0.878378,0.916667,0.121622,True
pk_low,pk,low,1,pk_detail,11,edit_defense_base,,편집,2,73,"{""bbox"":[11,7,93,91],""size"":[82,84],""center"":[52.0,49.0],""pixels"":5319,""component_count"":1,""label_band_start_y"":67,""body_band_proxy_bbox"":[11,7,93,67],""label_band_proxy_bbox"":[15,67,89,91]}","{""bbox"":[14,9,90,89],""size"":[76,80],""center"":[52.0,49.0],""pixels"":4489,""component_count"":1,""label_band_start_y"":67,""body_band_proxy_bbox"":[14,9,90,67],""label_band_proxy_bbox"":[21,67,83,89]}",0.926829,0.952381,"[0.0,0.0]",0.073171,True,"[82,60]","[76,58]",0.926829,0.966667,0.073171,True,"[74,24]","[62,22]",0.837838,0.916667,0.162162,True
pk_low,pk,low,1,pk_detail,11,edit_defense_base,,편집,3,74,"{""bbox"":[11,7,93,91],""size"":[82,84],""center"":[52.0,49.0],""pixels"":5321,""component_count"":1,""label_band_start_y"":67,""body_band_proxy_bbox"":[11,7,93,67],""label_band_proxy_bbox"":[15,67,89,91]}","{""bbox"":[15,9,90,89],""size"":[75,80],""center"":[52.5,49.0],""pixels"":4445,""component_count"":1,""label_band_start_y"":67,""body_band_proxy_bbox"":[15,9,90,67],""label_band_proxy_bbox"":[22,67,83,89]}",0.914634,0.952381,"[0.5,0.0]",0.085366,True,"[82,60]","[75,58]",0.914634,0.966667,0.085366,True,"[74,24]","[61,22]",0.824324,0.916667,0.175676,True
pk_low,pk,low,1,pk_detail,11,edit_defense_base,,편집,4,75,"{""bbox"":[11,7,93,91],""size"":[82,84],""center"":[52.0,49.0],""pixels"":5321,""component_count"":1,""label_band_start_y"":67,""body_band_proxy_bbox"":[11,7,93,67],""label_band_proxy_bbox"":[15,67,89,91]}","{""bbox"":[14,9,90,89],""size"":[76,80],""center"":[52.0,49.0],""pixels"":4474,""component_count"":2,""label_band_start_y"":67,""body_band_proxy_bbox"":[14,9,90,67],""label_band_proxy_bbox"":[20,67,83,89]}",0.926829,0.952381,"[0.0,0.0]",0.073171,True,"[82,60]","[76,58]",0.926829,0.966667,0.073171,True,"[74,24]","[63,22]",0.851351,0.916667,0.148649,True
pk_low,pk,low,1,pk_detail,11,edit_defense_base,,편집,5,76,"{""bbox"":[11,7,93,91],""size"":[82,84],""center"":[52.0,49.0],""pixels"":5319,""component_count"":1,""label_band_start_y"":67,""body_band_proxy_bbox"":[11,7,93,67],""label_band_proxy_bbox"":[15,67,89,91]}","{""bbox"":[15,9,89,89],""size"":[74,80],""center"":[52.0,49.0],""pixels"":4397,""component_count"":1,""label_band_start_y"":67,""body_band_proxy_bbox"":[15,9,89,67],""label_band_proxy_bbox"":[22,67,82,89]}",0.902439,0.952381,"[0.0,0.0]",0.097561,True,"[82,60]","[74,58]",0.902439,0.966667,0.097561,True,"[74,24]","[60,22]",0.810811,0.916667,0.189189,True
pk_low,pk,low,1,pk_detail,11,edit_defense_base,,편집,6,77,"{""bbox"":[11,7,93,91],""size"":[82,84],""center"":[52.0,49.0],""pixels"":5321,""component_count"":1,""label_band_start_y"":67,""body_band_proxy_bbox"":[11,7,93,67],""label_band_proxy_bbox"":[15,67,89,91]}","{""bbox"":[13,9,90,89],""size"":[77,80],""center"":[51.5,49.0],""pixels"":4498,""component_count"":1,""label_band_start_y"":67,""body_band_proxy_bbox"":[13,9,90,67],""label_band_proxy_bbox"":[20,67,83,89]}",0.939024,0.952381,"[-0.5,0.0]",0.060976,True,"[82,60]","[77,58]",0.939024,0.966667,0.060976,True,"[74,24]","[63,22]",0.851351,0.916667,0.148649,True
pk_low,pk,low,1,pk_main,0,wide_area,,광역,1,6,"{""bbox"":[11,7,93,91],""size"":[82,84],""center"":[52.0,49.0],""pixels"":5351,""component_count"":1,""label_band_start_y"":67,""body_band_proxy_bbox"":[11,7,93,67],""label_band_proxy_bbox"":[15,67,89,91]}","{""bbox"":[13,9,91,89],""size"":[78,80],""center"":[52.0,49.0],""pixels"":4603,""component_count"":2,""label_band_start_y"":67,""body_band_proxy_bbox"":[13,9,91,67],""label_band_proxy_bbox"":[18,67,86,89]}",0.95122,0.952381,"[0.0,0.0]",0.04878,False,"[82,60]","[78,58]",0.95122,0.966667,0.04878,False,"[74,24]","[68,22]",0.918919,0.916667,0.083333,False
pk_low,pk,low,1,pk_main,0,wide_area,,광역,2,7,"{""bbox"":[11,7,93,91],""size"":[82,84],""center"":[52.0,49.0],""pixels"":5351,""component_count"":1,""label_band_start_y"":67,""body_band_proxy_bbox"":[11,7,93,67],""label_band_proxy_bbox"":[15,67,89,91]}","{""bbox"":[13,9,90,89],""size"":[77,80],""center"":[51.5,49.0],""pixels"":4532,""component_count"":2,""label_band_start_y"":67,""body_band_proxy_bbox"":[13,9,90,67],""label_band_proxy_bbox"":[19,67,85,89]}",0.939024,0.952381,"[-0.5,0.0]",0.060976,True,"[82,60]","[77,58]",0.939024,0.966667,0.060976,True,"[74,24]","[66,22]",0.891892,0.916667,0.108108,True
pk_low,pk,low,1,pk_main,0,wide_area,,광역,3,8,"{""bbox"":[11,7,93,91],""size"":[82,84],""center"":[52.0,49.0],""pixels"":5353,""component_count"":1,""label_band_start_y"":67,""body_band_proxy_bbox"":[11,7,93,67],""label_band_proxy_bbox"":[15,67,89,91]}","{""bbox"":[13,9,90,89],""size"":[77,80],""center"":[51.5,49.0],""pixels"":4561,""component_count"":1,""label_band_start_y"":67,""body_band_proxy_bbox"":[13,9,90,67],""label_band_proxy_bbox"":[18,67,85,89]}",0.939024,0.952381,"[-0.5,0.0]",0.060976,True,"[82,60]","[77,58]",0.939024,0.966667,0.060976,True,"[74,24]","[67,22]",0.905405,0.916667,0.094595,False
pk_low,pk,low,1,pk_main,0,wide_area,,광역,4,9,"{""bbox"":[11,7,93,91],""size"":[82,84],""center"":[52.0,49.0],""pixels"":5353,""component_count"":1,""label_band_start_y"":67,""body_band_proxy_bbox"":[11,7,93,67],""label_band_proxy_bbox"":[15,67,89,91]}","{""bbox"":[13,9,92,89],""size"":[79,80],""center"":[52.5,49.0],""pixels"":4581,""component_count"":1,""label_band_start_y"":67,""body_band_proxy_bbox"":[13,9,92,67],""label_band_proxy_bbox"":[18,67,86,89]}",0.963415,0.952381,"[0.5,0.0]",0.047619,False,"[82,60]","[79,58]",0.963415,0.966667,0.036585,False,"[74,24]","[68,22]",0.918919,0.916667,0.083333,False
pk_low,pk,low,1,pk_main,0,wide_area,,광역,5,10,"{""bbox"":[11,7,93,91],""size"":[82,84],""center"":[52.0,49.0],""pixels"":5351,""component_count"":1,""label_band_start_y"":67,""body_band_proxy_bbox"":[11,7,93,67],""label_band_proxy_bbox"":[15,67,89,91]}","{""bbox"":[13,9,90,89],""size"":[77,80],""center"":[51.5,49.0],""pixels"":4518,""component_count"":1,""label_band_start_y"":67,""body_band_proxy_bbox"":[13,9,90,67],""label_band_proxy_bbox"":[18,67,84,89]}",0.939024,0.952381,"[-0.5,0.0]",0.060976,True,"[82,60]","[77,58]",0.939024,0.966667,0.060976,True,"[74,24]","[66,22]",0.891892,0.916667,0.108108,True
pk_low,pk,low,1,pk_main,0,wide_area,,광역,6,11,"{""bbox"":[11,7,93,91],""size"":[82,84],""center"":[52.0,49.0],""pixels"":5353,""component_count"":1,""label_band_start_y"":67,""body_band_proxy_bbox"":[11,7,93,67],""label_band_proxy_bbox"":[15,67,89,91]}","{""bbox"":[13,9,92,89],""size"":[79,80],""center"":[52.5,49.0],""pixels"":4579,""component_count"":1,""label_band_start_y"":67,""body_band_proxy_bbox"":[13,9,92,67],""label_band_proxy_bbox"":[18,67,86,89]}",0.963415,0.952381,"[0.5,0.0]",0.047619,False,"[82,60]","[79,58]",0.963415,0.966667,0.036585,False,"[74,24]","[68,22]",0.918919,0.916667,0.083333,False
pk_high,pk,high,2,pk_detail,0,joint_battle,,공투,1,0,"{""bbox"":[18,10,182,178],""size"":[164,168],""center"":[100.0,94.0],""pixels"":21168,""component_count"":1,""label_band_start_y"":128,""body_band_proxy_bbox"":[18,10,182,128],""label_band_proxy_bbox"":[25,128,175,178]}","{""bbox"":[21,11,179,177],""size"":[158,166],""center"":[100.0,94.0],""pixels"":18711,""component_count"":6,""label_band_start_y"":128,""body_band_proxy_bbox"":[21,11,179,128],""label_band_proxy_bbox"":[31,128,169,177]}",0.963415,0.988095,"[0.0,0.0]",0.036585,False,"[164,118]","[158,117]",0.963415,0.991525,0.036585,False,"[150,50]","[138,49]",0.92,0.98,0.08,False
pk_high,pk,high,2,pk_detail,0,joint_battle,,공투,2,1,"{""bbox"":[18,10,182,178],""size"":[164,168],""center"":[100.0,94.0],""pixels"":21168,""component_count"":1,""label_band_start_y"":128,""body_band_proxy_bbox"":[18,10,182,128],""label_band_proxy_bbox"":[25,128,175,178]}","{""bbox"":[22,11,178,177],""size"":[156,166],""center"":[100.0,94.0],""pixels"":18501,""component_count"":6,""label_band_start_y"":128,""body_band_proxy_bbox"":[22,11,178,128],""label_band_proxy_bbox"":[32,128,168,177]}",0.95122,0.988095,"[0.0,0.0]",0.04878,False,"[164,118]","[156,117]",0.95122,0.991525,0.04878,False,"[150,50]","[136,49]",0.906667,0.98,0.093333,False
pk_high,pk,high,2,pk_detail,0,joint_battle,,공투,3,2,"{""bbox"":[18,10,182,178],""size"":[164,168],""center"":[100.0,94.0],""pixels"":21170,""component_count"":1,""label_band_start_y"":128,""body_band_proxy_bbox"":[18,10,182,128],""label_band_proxy_bbox"":[25,128,175,178]}","{""bbox"":[22,11,179,177],""size"":[157,166],""center"":[100.5,94.0],""pixels"":18564,""component_count"":9,""label_band_start_y"":128,""body_band_proxy_bbox"":[22,11,179,128],""label_band_proxy_bbox"":[32,128,169,177]}",0.957317,0.988095,"[0.5,0.0]",0.042683,False,"[164,118]","[157,117]",0.957317,0.991525,0.042683,False,"[150,50]","[137,49]",0.913333,0.98,0.086667,False
pk_high,pk,high,2,pk_detail,0,joint_battle,,공투,4,3,"{""bbox"":[18,10,182,178],""size"":[164,168],""center"":[100.0,94.0],""pixels"":21168,""component_count"":1,""label_band_start_y"":128,""body_band_proxy_bbox"":[18,10,182,128],""label_band_proxy_bbox"":[25,128,175,178]}","{""bbox"":[20,11,179,177],""size"":[159,166],""center"":[99.5,94.0],""pixels"":18564,""component_count"":7,""label_band_start_y"":128,""body_band_proxy_bbox"":[20,11,179,128],""label_band_proxy_bbox"":[30,128,169,177]}",0.969512,0.988095,"[-0.5,0.0]",0.030488,False,"[164,118]","[159,117]",0.969512,0.991525,0.030488,False,"[150,50]","[139,49]",0.926667,0.98,0.073333,False
pk_high,pk,high,2,pk_detail,0,joint_battle,,공투,5,4,"{""bbox"":[18,10,182,178],""size"":[164,168],""center"":[100.0,94.0],""pixels"":21168,""component_count"":1,""label_band_start_y"":128,""body_band_proxy_bbox"":[18,10,182,128],""label_band_proxy_bbox"":[25,128,175,178]}","{""bbox"":[22,11,179,177],""size"":[157,166],""center"":[100.5,94.0],""pixels"":18504,""component_count"":9,""label_band_start_y"":128,""body_band_proxy_bbox"":[22,11,179,128],""label_band_proxy_bbox"":[33,128,169,177]}",0.957317,0.988095,"[0.5,0.0]",0.042683,False,"[164,118]","[157,117]",0.957317,0.991525,0.042683,False,"[150,50]","[136,49]",0.906667,0.98,0.093333,False
pk_high,pk,high,2,pk_detail,0,joint_battle,,공투,6,5,"{""bbox"":[18,10,182,178],""size"":[164,168],""center"":[100.0,94.0],""pixels"":21168,""component_count"":1,""label_band_start_y"":128,""body_band_proxy_bbox"":[18,10,182,128],""label_band_proxy_bbox"":[25,128,175,178]}","{""bbox"":[21,11,179,177],""size"":[158,166],""center"":[100.0,94.0],""pixels"":18644,""component_count"":6,""label_band_start_y"":128,""body_band_proxy_bbox"":[21,11,179,128],""label_band_proxy_bbox"":[30,128,170,177]}",0.963415,0.988095,"[0.0,0.0]",0.036585,False,"[164,118]","[158,117]",0.963415,0.991525,0.036585,False,"[150,50]","[140,49]",0.933333,0.98,0.066667,False
pk_high,pk,high,2,pk_detail,1,reinforcement,,증원,1,12,"{""bbox"":[18,10,182,178],""size"":[164,168],""center"":[100.0,94.0],""pixels"":21205,""component_count"":1,""label_band_start_y"":128,""body_band_proxy_bbox"":[18,10,182,128],""label_band_proxy_bbox"":[25,128,175,178]}","{""bbox"":[22,11,179,177],""size"":[157,166],""center"":[100.5,94.0],""pixels"":18607,""component_count"":8,""label_band_start_y"":128,""body_band_proxy_bbox"":[22,11,179,128],""label_band_proxy_bbox"":[33,128,169,177]}",0.957317,0.988095,"[0.5,0.0]",0.042683,False,"[164,118]","[157,117]",0.957317,0.991525,0.042683,False,"[150,50]","[136,49]",0.906667,0.98,0.093333,False
pk_high,pk,high,2,pk_detail,1,reinforcement,,증원,2,13,"{""bbox"":[18,10,182,178],""size"":[164,168],""center"":[100.0,94.0],""pixels"":21205,""component_count"":1,""label_band_start_y"":128,""body_band_proxy_bbox"":[18,10,182,128],""label_band_proxy_bbox"":[25,128,175,178]}","{""bbox"":[23,11,177,177],""size"":[154,166],""center"":[100.0,94.0],""pixels"":18146,""component_count"":10,""label_band_start_y"":128,""body_band_proxy_bbox"":[23,11,177,128],""label_band_proxy_bbox"":[35,128,165,177]}",0.939024,0.988095,"[0.0,0.0]",0.060976,True,"[164,118]","[154,117]",0.939024,0.991525,0.060976,True,"[150,50]","[130,49]",0.866667,0.98,0.133333,True
pk_high,pk,high,2,pk_detail,1,reinforcement,,증원,3,14,"{""bbox"":[18,10,182,178],""size"":[164,168],""center"":[100.0,94.0],""pixels"":21205,""component_count"":1,""label_band_start_y"":128,""body_band_proxy_bbox"":[18,10,182,128],""label_band_proxy_bbox"":[25,128,175,178]}","{""bbox"":[22,11,177,177],""size"":[155,166],""center"":[99.5,94.0],""pixels"":18310,""component_count"":10,""label_band_start_y"":128,""body_band_proxy_bbox"":[22,11,177,128],""label_band_proxy_bbox"":[33,128,166,177]}",0.945122,0.988095,"[-0.5,0.0]",0.054878,True,"[164,118]","[155,117]",0.945122,0.991525,0.054878,True,"[150,50]","[133,49]",0.886667,0.98,0.113333,True
pk_high,pk,high,2,pk_detail,1,reinforcement,,증원,4,15,"{""bbox"":[18,10,182,178],""size"":[164,168],""center"":[100.0,94.0],""pixels"":21205,""component_count"":1,""label_band_start_y"":128,""body_band_proxy_bbox"":[18,10,182,128],""label_band_proxy_bbox"":[25,128,175,178]}","{""bbox"":[22,11,179,177],""size"":[157,166],""center"":[100.5,94.0],""pixels"":18399,""component_count"":4,""label_band_start_y"":128,""body_band_proxy_bbox"":[22,11,179,128],""label_band_proxy_bbox"":[33,128,168,177]}",0.957317,0.988095,"[0.5,0.0]",0.042683,False,"[164,118]","[157,117]",0.957317,0.991525,0.042683,False,"[150,50]","[135,49]",0.9,0.98,0.1,False
pk_high,pk,high,2,pk_detail,1,reinforcement,,증원,5,16,"{""bbox"":[18,10,182,178],""size"":[164,168],""center"":[100.0,94.0],""pixels"":21205,""component_count"":1,""label_band_start_y"":128,""body_band_proxy_bbox"":[18,10,182,128],""label_band_proxy_bbox"":[25,128,175,178]}","{""bbox"":[22,11,177,177],""size"":[155,166],""center"":[99.5,94.0],""pixels"":18340,""component_count"":10,""label_band_start_y"":128,""body_band_proxy_bbox"":[22,11,177,128],""label_band_proxy_bbox"":[34,128,166,177]}",0.945122,0.988095,"[-0.5,0.0]",0.054878,True,"[164,118]","[155,117]",0.945122,0.991525,0.054878,True,"[150,50]","[132,49]",0.88,0.98,0.12,True
pk_high,pk,high,2,pk_detail,1,reinforcement,,증원,6,17,"{""bbox"":[18,10,182,178],""size"":[164,168],""center"":[100.0,94.0],""pixels"":21205,""component_count"":1,""label_band_start_y"":128,""body_band_proxy_bbox"":[18,10,182,128],""label_band_proxy_bbox"":[25,128,175,178]}","{""bbox"":[22,11,179,177],""size"":[157,166],""center"":[100.5,94.0],""pixels"":18483,""component_count"":7,""label_band_start_y"":128,""body_band_proxy_bbox"":[22,11,179,128],""label_band_proxy_bbox"":[33,128,169,177]}",0.957317,0.988095,"[0.5,0.0]",0.042683,False,"[164,118]","[157,117]",0.957317,0.991525,0.042683,False,"[150,50]","[136,49]",0.906667,0.98,0.093333,False
pk_high,pk,high,2,pk_detail,2,standby,,대기,1,18,"{""bbox"":[18,10,182,178],""size"":[164,168],""center"":[100.0,94.0],""pixels"":21176,""component_count"":1,""label_band_start_y"":128,""body_band_proxy_bbox"":[18,10,182,128],""label_band_proxy_bbox"":[25,128,175,178]}","{""bbox"":[24,11,176,178],""size"":[152,167],""center"":[100.0,94.5],""pixels"":17986,""component_count"":6,""label_band_start_y"":128,""body_band_proxy_bbox"":[24,11,176,128],""label_band_proxy_bbox"":[34,128,167,178]}",0.926829,0.994048,"[0.0,0.5]",0.073171,True,"[164,118]","[152,117]",0.926829,0.991525,0.073171,True,"[150,50]","[133,50]",0.886667,1.0,0.113333,True
pk_high,pk,high,2,pk_detail,2,standby,,대기,2,19,"{""bbox"":[18,10,182,178],""size"":[164,168],""center"":[100.0,94.0],""pixels"":21176,""component_count"":1,""label_band_start_y"":128,""body_band_proxy_bbox"":[18,10,182,128],""label_band_proxy_bbox"":[25,128,175,178]}","{""bbox"":[25,11,175,177],""size"":[150,166],""center"":[100.0,94.0],""pixels"":17629,""component_count"":6,""label_band_start_y"":128,""body_band_proxy_bbox"":[25,11,175,128],""label_band_proxy_bbox"":[36,128,164,177]}",0.914634,0.988095,"[0.0,0.0]",0.085366,True,"[164,118]","[150,117]",0.914634,0.991525,0.085366,True,"[150,50]","[128,49]",0.853333,0.98,0.146667,True
pk_high,pk,high,2,pk_detail,2,standby,,대기,3,20,"{""bbox"":[18,10,182,178],""size"":[164,168],""center"":[100.0,94.0],""pixels"":21181,""component_count"":1,""label_band_start_y"":128,""body_band_proxy_bbox"":[18,10,182,128],""label_band_proxy_bbox"":[25,128,175,178]}","{""bbox"":[24,11,175,177],""size"":[151,166],""center"":[99.5,94.0],""pixels"":17754,""component_count"":7,""label_band_start_y"":128,""body_band_proxy_bbox"":[24,11,175,128],""label_band_proxy_bbox"":[35,128,165,177]}",0.920732,0.988095,"[-0.5,0.0]",0.079268,True,"[164,118]","[151,117]",0.920732,0.991525,0.079268,True,"[150,50]","[130,49]",0.866667,0.98,0.133333,True
pk_high,pk,high,2,pk_detail,2,standby,,대기,4,21,"{""bbox"":[18,10,182,178],""size"":[164,168],""center"":[100.0,94.0],""pixels"":21176,""component_count"":1,""label_band_start_y"":128,""body_band_proxy_bbox"":[18,10,182,128],""label_band_proxy_bbox"":[25,128,175,178]}","{""bbox"":[24,11,176,177],""size"":[152,166],""center"":[100.0,94.0],""pixels"":17752,""component_count"":4,""label_band_start_y"":128,""body_band_proxy_bbox"":[24,11,176,128],""label_band_proxy_bbox"":[34,128,166,177]}",0.926829,0.988095,"[0.0,0.0]",0.073171,True,"[164,118]","[152,117]",0.926829,0.991525,0.073171,True,"[150,50]","[132,49]",0.88,0.98,0.12,True
pk_high,pk,high,2,pk_detail,2,standby,,대기,5,22,"{""bbox"":[18,10,182,178],""size"":[164,168],""center"":[100.0,94.0],""pixels"":21176,""component_count"":1,""label_band_start_y"":128,""body_band_proxy_bbox"":[18,10,182,128],""label_band_proxy_bbox"":[25,128,175,178]}","{""bbox"":[26,11,175,177],""size"":[149,166],""center"":[100.5,94.0],""pixels"":17462,""component_count"":3,""label_band_start_y"":128,""body_band_proxy_bbox"":[26,11,175,128],""label_band_proxy_bbox"":[37,128,165,177]}",0.908537,0.988095,"[0.5,0.0]",0.091463,True,"[164,118]","[149,117]",0.908537,0.991525,0.091463,True,"[150,50]","[128,49]",0.853333,0.98,0.146667,True
pk_high,pk,high,2,pk_detail,2,standby,,대기,6,23,"{""bbox"":[18,10,182,178],""size"":[164,168],""center"":[100.0,94.0],""pixels"":21176,""component_count"":1,""label_band_start_y"":128,""body_band_proxy_bbox"":[18,10,182,128],""label_band_proxy_bbox"":[25,128,175,178]}","{""bbox"":[24,11,176,177],""size"":[152,166],""center"":[100.0,94.0],""pixels"":17758,""component_count"":7,""label_band_start_y"":128,""body_band_proxy_bbox"":[24,11,176,128],""label_band_proxy_bbox"":[34,128,167,177]}",0.926829,0.988095,"[0.0,0.0]",0.073171,True,"[164,118]","[152,117]",0.926829,0.991525,0.073171,True,"[150,50]","[133,49]",0.886667,0.98,0.113333,True
pk_high,pk,high,2,pk_detail,3,siege_battle,,공성전,1,24,"{""bbox"":[18,10,182,178],""size"":[164,168],""center"":[100.0,94.0],""pixels"":22495,""component_count"":1,""label_band_start_y"":128,""body_band_proxy_bbox"":[18,10,182,128],""label_band_proxy_bbox"":[24,128,177,178]}","{""bbox"":[26,11,173,177],""size"":[147,166],""center"":[99.5,94.0],""pixels"":18675,""component_count"":6,""label_band_start_y"":128,""body_band_proxy_bbox"":[26,11,173,128],""label_band_proxy_bbox"":[34,128,165,177]}",0.896341,0.988095,"[-0.5,0.0]",0.103659,True,"[164,118]","[147,117]",0.896341,0.991525,0.103659,True,"[153,50]","[131,49]",0.856209,0.98,0.143791,True
pk_high,pk,high,2,pk_detail,3,siege_battle,,공성전,2,25,"{""bbox"":[18,10,182,178],""size"":[164,168],""center"":[100.0,94.0],""pixels"":22495,""component_count"":1,""label_band_start_y"":128,""body_band_proxy_bbox"":[18,10,182,128],""label_band_proxy_bbox"":[24,128,177,178]}","{""bbox"":[28,11,173,177],""size"":[145,166],""center"":[100.5,94.0],""pixels"":18505,""component_count"":8,""label_band_start_y"":128,""body_band_proxy_bbox"":[28,11,173,128],""label_band_proxy_bbox"":[37,128,164,177]}",0.884146,0.988095,"[0.5,0.0]",0.115854,True,"[164,118]","[145,117]",0.884146,0.991525,0.115854,True,"[153,50]","[127,49]",0.830065,0.98,0.169935,True
pk_high,pk,high,2,pk_detail,3,siege_battle,,공성전,3,26,"{""bbox"":[18,10,182,178],""size"":[164,168],""center"":[100.0,94.0],""pixels"":22495,""component_count"":1,""label_band_start_y"":128,""body_band_proxy_bbox"":[18,10,182,128],""label_band_proxy_bbox"":[24,128,177,178]}","{""bbox"":[28,11,173,177],""size"":[145,166],""center"":[100.5,94.0],""pixels"":18562,""component_count"":2,""label_band_start_y"":128,""body_band_proxy_bbox"":[28,11,173,128],""label_band_proxy_bbox"":[37,128,164,177]}",0.884146,0.988095,"[0.5,0.0]",0.115854,True,"[164,118]","[145,117]",0.884146,0.991525,0.115854,True,"[153,50]","[127,49]",0.830065,0.98,0.169935,True
pk_high,pk,high,2,pk_detail,3,siege_battle,,공성전,4,27,"{""bbox"":[18,10,182,178],""size"":[164,168],""center"":[100.0,94.0],""pixels"":22495,""component_count"":1,""label_band_start_y"":128,""body_band_proxy_bbox"":[18,10,182,128],""label_band_proxy_bbox"":[24,128,177,178]}","{""bbox"":[26,11,173,177],""size"":[147,166],""center"":[99.5,94.0],""pixels"":18472,""component_count"":8,""label_band_start_y"":128,""body_band_proxy_bbox"":[26,11,173,128],""label_band_proxy_bbox"":[35,128,164,177]}",0.896341,0.988095,"[-0.5,0.0]",0.103659,True,"[164,118]","[147,117]",0.896341,0.991525,0.103659,True,"[153,50]","[129,49]",0.843137,0.98,0.156863,True
pk_high,pk,high,2,pk_detail,3,siege_battle,,공성전,5,28,"{""bbox"":[18,10,182,178],""size"":[164,168],""center"":[100.0,94.0],""pixels"":22495,""component_count"":1,""label_band_start_y"":128,""body_band_proxy_bbox"":[18,10,182,128],""label_band_proxy_bbox"":[24,128,177,178]}","{""bbox"":[28,11,173,177],""size"":[145,166],""center"":[100.5,94.0],""pixels"":18471,""component_count"":6,""label_band_start_y"":128,""body_band_proxy_bbox"":[28,11,173,128],""label_band_proxy_bbox"":[38,128,164,177]}",0.884146,0.988095,"[0.5,0.0]",0.115854,True,"[164,118]","[145,117]",0.884146,0.991525,0.115854,True,"[153,50]","[126,49]",0.823529,0.98,0.176471,True
pk_high,pk,high,2,pk_detail,3,siege_battle,,공성전,6,29,"{""bbox"":[18,10,182,178],""size"":[164,168],""center"":[100.0,94.0],""pixels"":22495,""component_count"":1,""label_band_start_y"":128,""body_band_proxy_bbox"":[18,10,182,128],""label_band_proxy_bbox"":[24,128,177,178]}","{""bbox"":[26,11,173,177],""size"":[147,166],""center"":[99.5,94.0],""pixels"":18523,""component_count"":9,""label_band_start_y"":128,""body_band_proxy_bbox"":[26,11,173,128],""label_band_proxy_bbox"":[35,128,165,177]}",0.896341,0.988095,"[-0.5,0.0]",0.103659,True,"[164,118]","[147,117]",0.896341,0.991525,0.103659,True,"[153,50]","[130,49]",0.849673,0.98,0.150327,True
pk_high,pk,high,2,pk_detail,4,castle_role,,성역할,1,30,"{""bbox"":[18,10,182,178],""size"":[164,168],""center"":[100.0,94.0],""pixels"":22415,""component_count"":1,""label_band_start_y"":128,""body_band_proxy_bbox"":[18,10,182,128],""label_band_proxy_bbox"":[21,128,175,178]}","{""bbox"":[22,11,177,177],""size"":[155,166],""center"":[99.5,94.0],""pixels"":19340,""component_count"":8,""label_band_start_y"":128,""body_band_proxy_bbox"":[22,11,177,128],""label_band_proxy_bbox"":[32,128,166,177]}",0.945122,0.988095,"[-0.5,0.0]",0.054878,True,"[164,118]","[155,117]",0.945122,0.991525,0.054878,True,"[154,50]","[134,49]",0.87013,0.98,0.12987,True
pk_high,pk,high,2,pk_detail,4,castle_role,,성역할,2,31,"{""bbox"":[18,10,182,178],""size"":[164,168],""center"":[100.0,94.0],""pixels"":22415,""component_count"":1,""label_band_start_y"":128,""body_band_proxy_bbox"":[18,10,182,128],""label_band_proxy_bbox"":[21,128,175,178]}","{""bbox"":[23,11,177,177],""size"":[154,166],""center"":[100.0,94.0],""pixels"":19262,""component_count"":8,""label_band_start_y"":128,""body_band_proxy_bbox"":[23,11,177,128],""label_band_proxy_bbox"":[34,128,168,177]}",0.939024,0.988095,"[0.0,0.0]",0.060976,True,"[164,118]","[154,117]",0.939024,0.991525,0.060976,True,"[154,50]","[134,49]",0.87013,0.98,0.12987,True
pk_high,pk,high,2,pk_detail,4,castle_role,,성역할,3,32,"{""bbox"":[18,10,182,178],""size"":[164,168],""center"":[100.0,94.0],""pixels"":22415,""component_count"":1,""label_band_start_y"":128,""body_band_proxy_bbox"":[18,10,182,128],""label_band_proxy_bbox"":[21,128,175,178]}","{""bbox"":[23,11,177,177],""size"":[154,166],""center"":[100.0,94.0],""pixels"":19169,""component_count"":5,""label_band_start_y"":128,""body_band_proxy_bbox"":[23,11,177,128],""label_band_proxy_bbox"":[34,128,167,177]}",0.939024,0.988095,"[0.0,0.0]",0.060976,True,"[164,118]","[154,117]",0.939024,0.991525,0.060976,True,"[154,50]","[133,49]",0.863636,0.98,0.136364,True
pk_high,pk,high,2,pk_detail,4,castle_role,,성역할,4,33,"{""bbox"":[18,10,182,178],""size"":[164,168],""center"":[100.0,94.0],""pixels"":22415,""component_count"":1,""label_band_start_y"":128,""body_band_proxy_bbox"":[18,10,182,128],""label_band_proxy_bbox"":[21,128,175,178]}","{""bbox"":[22,11,179,177],""size"":[157,166],""center"":[100.5,94.0],""pixels"":19462,""component_count"":12,""label_band_start_y"":128,""body_band_proxy_bbox"":[22,11,179,128],""label_band_proxy_bbox"":[33,128,169,177]}",0.957317,0.988095,"[0.5,0.0]",0.042683,False,"[164,118]","[157,117]",0.957317,0.991525,0.042683,False,"[154,50]","[136,49]",0.883117,0.98,0.116883,True
pk_high,pk,high,2,pk_detail,4,castle_role,,성역할,5,34,"{""bbox"":[18,10,182,178],""size"":[164,168],""center"":[100.0,94.0],""pixels"":22415,""component_count"":1,""label_band_start_y"":128,""body_band_proxy_bbox"":[18,10,182,128],""label_band_proxy_bbox"":[21,128,175,178]}","{""bbox"":[23,11,177,177],""size"":[154,166],""center"":[100.0,94.0],""pixels"":19206,""component_count"":11,""label_band_start_y"":128,""body_band_proxy_bbox"":[23,11,177,128],""label_band_proxy_bbox"":[35,128,168,177]}",0.939024,0.988095,"[0.0,0.0]",0.060976,True,"[164,118]","[154,117]",0.939024,0.991525,0.060976,True,"[154,50]","[133,49]",0.863636,0.98,0.136364,True
pk_high,pk,high,2,pk_detail,4,castle_role,,성역할,6,35,"{""bbox"":[18,10,182,178],""size"":[164,168],""center"":[100.0,94.0],""pixels"":22415,""component_count"":1,""label_band_start_y"":128,""body_band_proxy_bbox"":[18,10,182,128],""label_band_proxy_bbox"":[21,128,175,178]}","{""bbox"":[22,11,179,177],""size"":[157,166],""center"":[100.5,94.0],""pixels"":19364,""component_count"":6,""label_band_start_y"":128,""body_band_proxy_bbox"":[22,11,179,128],""label_band_proxy_bbox"":[33,128,169,177]}",0.957317,0.988095,"[0.5,0.0]",0.042683,False,"[164,118]","[157,117]",0.957317,0.991525,0.042683,False,"[154,50]","[136,49]",0.883117,0.98,0.116883,True
pk_high,pk,high,2,pk_detail,5,edit_castle_role,,편집,1,36,"{""bbox"":[18,10,182,178],""size"":[164,168],""center"":[100.0,94.0],""pixels"":21224,""component_count"":1,""label_band_start_y"":128,""body_band_proxy_bbox"":[18,10,182,128],""label_band_proxy_bbox"":[25,128,175,178]}","{""bbox"":[19,12,181,177],""size"":[162,165],""center"":[100.0,94.5],""pixels"":19201,""component_count"":5,""label_band_start_y"":128,""body_band_proxy_bbox"":[19,12,181,128],""label_band_proxy_bbox"":[29,128,171,177]}",0.987805,0.982143,"[0.0,0.5]",0.017857,False,"[164,118]","[162,116]",0.987805,0.983051,0.016949,False,"[150,50]","[142,49]",0.946667,0.98,0.053333,False
pk_high,pk,high,2,pk_detail,5,edit_castle_role,,편집,2,37,"{""bbox"":[18,10,182,178],""size"":[164,168],""center"":[100.0,94.0],""pixels"":21224,""component_count"":1,""label_band_start_y"":128,""body_band_proxy_bbox"":[18,10,182,128],""label_band_proxy_bbox"":[25,128,175,178]}","{""bbox"":[20,11,179,177],""size"":[159,166],""center"":[99.5,94.0],""pixels"":18972,""component_count"":4,""label_band_start_y"":128,""body_band_proxy_bbox"":[20,11,179,128],""label_band_proxy_bbox"":[31,128,168,177]}",0.969512,0.988095,"[-0.5,0.0]",0.030488,False,"[164,118]","[159,117]",0.969512,0.991525,0.030488,False,"[150,50]","[137,49]",0.913333,0.98,0.086667,False
pk_high,pk,high,2,pk_detail,5,edit_castle_role,,편집,3,38,"{""bbox"":[18,10,182,178],""size"":[164,168],""center"":[100.0,94.0],""pixels"":21224,""component_count"":1,""label_band_start_y"":128,""body_band_proxy_bbox"":[18,10,182,128],""label_band_proxy_bbox"":[25,128,175,178]}","{""bbox"":[20,11,179,178],""size"":[159,167],""center"":[99.5,94.5],""pixels"":18924,""component_count"":4,""label_band_start_y"":128,""body_band_proxy_bbox"":[20,11,179,128],""label_band_proxy_bbox"":[29,128,168,178]}",0.969512,0.994048,"[-0.5,0.5]",0.030488,False,"[164,118]","[159,117]",0.969512,0.991525,0.030488,False,"[150,50]","[139,50]",0.926667,1.0,0.073333,False
pk_high,pk,high,2,pk_detail,5,edit_castle_role,,편집,4,39,"{""bbox"":[18,10,182,178],""size"":[164,168],""center"":[100.0,94.0],""pixels"":21224,""component_count"":1,""label_band_start_y"":128,""body_band_proxy_bbox"":[18,10,182,128],""label_band_proxy_bbox"":[25,128,175,178]}","{""bbox"":[18,11,181,177],""size"":[163,166],""center"":[99.5,94.0],""pixels"":19139,""component_count"":5,""label_band_start_y"":128,""body_band_proxy_bbox"":[18,11,181,128],""label_band_proxy_bbox"":[29,128,171,177]}",0.993902,0.988095,"[-0.5,0.0]",0.011905,False,"[164,118]","[163,117]",0.993902,0.991525,0.008475,False,"[150,50]","[142,49]",0.946667,0.98,0.053333,False
pk_high,pk,high,2,pk_detail,5,edit_castle_role,,편집,5,40,"{""bbox"":[18,10,182,178],""size"":[164,168],""center"":[100.0,94.0],""pixels"":21224,""component_count"":1,""label_band_start_y"":128,""body_band_proxy_bbox"":[18,10,182,128],""label_band_proxy_bbox"":[25,128,175,178]}","{""bbox"":[30,29,171,178],""size"":[141,149],""center"":[100.5,103.5],""pixels"":14968,""component_count"":11,""label_band_start_y"":128,""body_band_proxy_bbox"":[30,29,171,128],""label_band_proxy_bbox"":[36,128,165,178]}",0.859756,0.886905,"[0.5,9.5]",0.140244,True,"[164,118]","[141,99]",0.859756,0.838983,0.161017,True,"[150,50]","[129,50]",0.86,1.0,0.14,True
pk_high,pk,high,2,pk_detail,5,edit_castle_role,,편집,6,41,"{""bbox"":[18,10,182,178],""size"":[164,168],""center"":[100.0,94.0],""pixels"":21224,""component_count"":1,""label_band_start_y"":128,""body_band_proxy_bbox"":[18,10,182,128],""label_band_proxy_bbox"":[25,128,175,178]}","{""bbox"":[19,11,181,177],""size"":[162,166],""center"":[100.0,94.0],""pixels"":19251,""component_count"":9,""label_band_start_y"":128,""body_band_proxy_bbox"":[19,11,181,128],""label_band_proxy_bbox"":[29,128,171,177]}",0.987805,0.988095,"[0.0,0.0]",0.012195,False,"[164,118]","[162,117]",0.987805,0.991525,0.012195,False,"[150,50]","[142,49]",0.946667,0.98,0.053333,False
pk_high,pk,high,2,pk_detail,6,clear_castle_role,,해제,1,42,"{""bbox"":[18,10,182,178],""size"":[164,168],""center"":[100.0,94.0],""pixels"":21159,""component_count"":1,""label_band_start_y"":128,""body_band_proxy_bbox"":[18,10,182,128],""label_band_proxy_bbox"":[25,128,175,178]}","{""bbox"":[20,11,179,177],""size"":[159,166],""center"":[99.5,94.0],""pixels"":18849,""component_count"":8,""label_band_start_y"":128,""body_band_proxy_bbox"":[20,11,179,128],""label_band_proxy_bbox"":[30,128,169,177]}",0.969512,0.988095,"[-0.5,0.0]",0.030488,False,"[164,118]","[159,117]",0.969512,0.991525,0.030488,False,"[150,50]","[139,49]",0.926667,0.98,0.073333,False
pk_high,pk,high,2,pk_detail,6,clear_castle_role,,해제,2,43,"{""bbox"":[18,10,182,178],""size"":[164,168],""center"":[100.0,94.0],""pixels"":21159,""component_count"":1,""label_band_start_y"":128,""body_band_proxy_bbox"":[18,10,182,128],""label_band_proxy_bbox"":[25,128,175,178]}","{""bbox"":[22,11,178,177],""size"":[156,166],""center"":[100.0,94.0],""pixels"":18460,""component_count"":5,""label_band_start_y"":128,""body_band_proxy_bbox"":[22,11,178,128],""label_band_proxy_bbox"":[33,128,167,177]}",0.95122,0.988095,"[0.0,0.0]",0.04878,False,"[164,118]","[156,117]",0.95122,0.991525,0.04878,False,"[150,50]","[134,49]",0.893333,0.98,0.106667,True
pk_high,pk,high,2,pk_detail,6,clear_castle_role,,해제,3,44,"{""bbox"":[18,10,182,178],""size"":[164,168],""center"":[100.0,94.0],""pixels"":21159,""component_count"":1,""label_band_start_y"":128,""body_band_proxy_bbox"":[18,10,182,128],""label_band_proxy_bbox"":[25,128,175,178]}","{""bbox"":[22,11,178,177],""size"":[156,166],""center"":[100.0,94.0],""pixels"":18412,""component_count"":8,""label_band_start_y"":128,""body_band_proxy_bbox"":[22,11,178,128],""label_band_proxy_bbox"":[33,128,167,177]}",0.95122,0.988095,"[0.0,0.0]",0.04878,False,"[164,118]","[156,117]",0.95122,0.991525,0.04878,False,"[150,50]","[134,49]",0.893333,0.98,0.106667,True
pk_high,pk,high,2,pk_detail,6,clear_castle_role,,해제,4,45,"{""bbox"":[18,10,182,178],""size"":[164,168],""center"":[100.0,94.0],""pixels"":21159,""component_count"":1,""label_band_start_y"":128,""body_band_proxy_bbox"":[18,10,182,128],""label_band_proxy_bbox"":[25,128,175,178]}","{""bbox"":[21,11,179,177],""size"":[158,166],""center"":[100.0,94.0],""pixels"":18559,""component_count"":5,""label_band_start_y"":128,""body_band_proxy_bbox"":[21,11,179,128],""label_band_proxy_bbox"":[30,128,169,177]}",0.963415,0.988095,"[0.0,0.0]",0.036585,False,"[164,118]","[158,117]",0.963415,0.991525,0.036585,False,"[150,50]","[139,49]",0.926667,0.98,0.073333,False
pk_high,pk,high,2,pk_detail,6,clear_castle_role,,해제,5,46,"{""bbox"":[18,10,182,178],""size"":[164,168],""center"":[100.0,94.0],""pixels"":21159,""component_count"":1,""label_band_start_y"":128,""body_band_proxy_bbox"":[18,10,182,128],""label_band_proxy_bbox"":[25,128,175,178]}","{""bbox"":[22,11,177,177],""size"":[155,166],""center"":[99.5,94.0],""pixels"":18251,""component_count"":8,""label_band_start_y"":128,""body_band_proxy_bbox"":[22,11,177,128],""label_band_proxy_bbox"":[34,128,166,177]}",0.945122,0.988095,"[-0.5,0.0]",0.054878,True,"[164,118]","[155,117]",0.945122,0.991525,0.054878,True,"[150,50]","[132,49]",0.88,0.98,0.12,True
pk_high,pk,high,2,pk_detail,6,clear_castle_role,,해제,6,47,"{""bbox"":[18,10,182,178],""size"":[164,168],""center"":[100.0,94.0],""pixels"":21159,""component_count"":1,""label_band_start_y"":128,""body_band_proxy_bbox"":[18,10,182,128],""label_band_proxy_bbox"":[25,128,175,178]}","{""bbox"":[22,11,179,178],""size"":[157,167],""center"":[100.5,94.5],""pixels"":18535,""component_count"":8,""label_band_start_y"":128,""body_band_proxy_bbox"":[22,11,179,128],""label_band_proxy_bbox"":[32,128,169,178]}",0.957317,0.994048,"[0.5,0.5]",0.042683,False,"[164,118]","[157,117]",0.957317,0.991525,0.042683,False,"[150,50]","[137,50]",0.913333,1.0,0.086667,False
pk_high,pk,high,2,pk_detail,7,supply_base,,보급거점,1,48,"{""bbox"":[4,10,196,178],""size"":[192,168],""center"":[100.0,94.0],""pixels"":24585,""component_count"":1,""label_band_start_y"":128,""body_band_proxy_bbox"":[5,10,193,128],""label_band_proxy_bbox"":[4,128,196,178]}","{""bbox"":[22,11,178,177],""size"":[156,166],""center"":[100.0,94.0],""pixels"":20273,""component_count"":3,""label_band_start_y"":128,""body_band_proxy_bbox"":[24,11,176,128],""label_band_proxy_bbox"":[22,128,178,177]}",0.8125,0.988095,"[0.0,0.0]",0.1875,True,"[188,118]","[152,117]",0.808511,0.991525,0.191489,True,"[192,50]","[156,49]",0.8125,0.98,0.1875,True
pk_high,pk,high,2,pk_detail,7,supply_base,,보급거점,2,49,"{""bbox"":[4,10,196,178],""size"":[192,168],""center"":[100.0,94.0],""pixels"":24585,""component_count"":1,""label_band_start_y"":128,""body_band_proxy_bbox"":[5,10,193,128],""label_band_proxy_bbox"":[4,128,196,178]}","{""bbox"":[22,11,179,177],""size"":[157,166],""center"":[100.5,94.0],""pixels"":20157,""component_count"":3,""label_band_start_y"":128,""body_band_proxy_bbox"":[26,11,175,128],""label_band_proxy_bbox"":[22,128,179,177]}",0.817708,0.988095,"[0.5,0.0]",0.182292,True,"[188,118]","[149,117]",0.792553,0.991525,0.207447,True,"[192,50]","[157,49]",0.817708,0.98,0.182292,True
pk_high,pk,high,2,pk_detail,7,supply_base,,보급거점,3,50,"{""bbox"":[4,10,196,178],""size"":[192,168],""center"":[100.0,94.0],""pixels"":24587,""component_count"":1,""label_band_start_y"":128,""body_band_proxy_bbox"":[5,10,193,128],""label_band_proxy_bbox"":[4,128,196,178]}","{""bbox"":[22,11,180,177],""size"":[158,166],""center"":[101.0,94.0],""pixels"":20163,""component_count"":4,""label_band_start_y"":128,""body_band_proxy_bbox"":[25,11,175,128],""label_band_proxy_bbox"":[22,128,180,177]}",0.822917,0.988095,"[1.0,0.0]",0.177083,True,"[188,118]","[150,117]",0.797872,0.991525,0.202128,True,"[192,50]","[158,49]",0.822917,0.98,0.177083,True
pk_high,pk,high,2,pk_detail,7,supply_base,,보급거점,4,51,"{""bbox"":[4,10,196,178],""size"":[192,168],""center"":[100.0,94.0],""pixels"":24585,""component_count"":1,""label_band_start_y"":128,""body_band_proxy_bbox"":[5,10,193,128],""label_band_proxy_bbox"":[4,128,196,178]}","{""bbox"":[22,11,178,177],""size"":[156,166],""center"":[100.0,94.0],""pixels"":20103,""component_count"":7,""label_band_start_y"":128,""body_band_proxy_bbox"":[25,11,176,128],""label_band_proxy_bbox"":[22,128,178,177]}",0.8125,0.988095,"[0.0,0.0]",0.1875,True,"[188,118]","[151,117]",0.803191,0.991525,0.196809,True,"[192,50]","[156,49]",0.8125,0.98,0.1875,True
pk_high,pk,high,2,pk_detail,7,supply_base,,보급거점,5,52,"{""bbox"":[4,10,196,178],""size"":[192,168],""center"":[100.0,94.0],""pixels"":24585,""component_count"":1,""label_band_start_y"":128,""body_band_proxy_bbox"":[5,10,193,128],""label_band_proxy_bbox"":[4,128,196,178]}","{""bbox"":[22,11,179,178],""size"":[157,167],""center"":[100.5,94.5],""pixels"":20150,""component_count"":10,""label_band_start_y"":128,""body_band_proxy_bbox"":[26,11,175,128],""label_band_proxy_bbox"":[22,128,179,178]}",0.817708,0.994048,"[0.5,0.5]",0.182292,True,"[188,118]","[149,117]",0.792553,0.991525,0.207447,True,"[192,50]","[157,50]",0.817708,1.0,0.182292,True
pk_high,pk,high,2,pk_detail,7,supply_base,,보급거점,6,53,"{""bbox"":[4,10,196,178],""size"":[192,168],""center"":[100.0,94.0],""pixels"":24585,""component_count"":1,""label_band_start_y"":128,""body_band_proxy_bbox"":[5,10,193,128],""label_band_proxy_bbox"":[4,128,196,178]}","{""bbox"":[22,11,178,177],""size"":[156,166],""center"":[100.0,94.0],""pixels"":20128,""component_count"":2,""label_band_start_y"":128,""body_band_proxy_bbox"":[24,11,175,128],""label_band_proxy_bbox"":[22,128,178,177]}",0.8125,0.988095,"[0.0,0.0]",0.1875,True,"[188,118]","[151,117]",0.803191,0.991525,0.196809,True,"[192,50]","[156,49]",0.8125,0.98,0.1875,True
pk_high,pk,high,2,pk_detail,8,clear_supply_base,,해제,1,54,"{""bbox"":[18,10,182,178],""size"":[164,168],""center"":[100.0,94.0],""pixels"":21159,""component_count"":1,""label_band_start_y"":128,""body_band_proxy_bbox"":[18,10,182,128],""label_band_proxy_bbox"":[25,128,175,178]}","{""bbox"":[23,11,177,177],""size"":[154,166],""center"":[100.0,94.0],""pixels"":18228,""component_count"":6,""label_band_start_y"":128,""body_band_proxy_bbox"":[23,11,177,128],""label_band_proxy_bbox"":[35,128,165,177]}",0.939024,0.988095,"[0.0,0.0]",0.060976,True,"[164,118]","[154,117]",0.939024,0.991525,0.060976,True,"[150,50]","[130,49]",0.866667,0.98,0.133333,True
pk_high,pk,high,2,pk_detail,8,clear_supply_base,,해제,2,55,"{""bbox"":[18,10,182,178],""size"":[164,168],""center"":[100.0,94.0],""pixels"":21159,""component_count"":1,""label_band_start_y"":128,""body_band_proxy_bbox"":[18,10,182,128],""label_band_proxy_bbox"":[25,128,175,178]}","{""bbox"":[24,11,175,178],""size"":[151,167],""center"":[99.5,94.5],""pixels"":17874,""component_count"":8,""label_band_start_y"":128,""body_band_proxy_bbox"":[24,11,175,128],""label_band_proxy_bbox"":[37,128,162,178]}",0.920732,0.994048,"[-0.5,0.5]",0.079268,True,"[164,118]","[151,117]",0.920732,0.991525,0.079268,True,"[150,50]","[125,50]",0.833333,1.0,0.166667,True
pk_high,pk,high,2,pk_detail,8,clear_supply_base,,해제,3,56,"{""bbox"":[18,10,182,178],""size"":[164,168],""center"":[100.0,94.0],""pixels"":21161,""component_count"":1,""label_band_start_y"":128,""body_band_proxy_bbox"":[18,10,182,128],""label_band_proxy_bbox"":[25,128,175,178]}","{""bbox"":[24,11,176,177],""size"":[152,166],""center"":[100.0,94.0],""pixels"":17894,""component_count"":8,""label_band_start_y"":128,""body_band_proxy_bbox"":[24,11,176,128],""label_band_proxy_bbox"":[37,128,163,177]}",0.926829,0.988095,"[0.0,0.0]",0.073171,True,"[164,118]","[152,117]",0.926829,0.991525,0.073171,True,"[150,50]","[126,49]",0.84,0.98,0.16,True
pk_high,pk,high,2,pk_detail,8,clear_supply_base,,해제,4,57,"{""bbox"":[18,10,182,178],""size"":[164,168],""center"":[100.0,94.0],""pixels"":21159,""component_count"":1,""label_band_start_y"":128,""body_band_proxy_bbox"":[18,10,182,128],""label_band_proxy_bbox"":[25,128,175,178]}","{""bbox"":[24,11,176,177],""size"":[152,166],""center"":[100.0,94.0],""pixels"":17819,""component_count"":9,""label_band_start_y"":128,""body_band_proxy_bbox"":[24,11,176,128],""label_band_proxy_bbox"":[35,128,164,177]}",0.926829,0.988095,"[0.0,0.0]",0.073171,True,"[164,118]","[152,117]",0.926829,0.991525,0.073171,True,"[150,50]","[129,49]",0.86,0.98,0.14,True
pk_high,pk,high,2,pk_detail,8,clear_supply_base,,해제,5,58,"{""bbox"":[18,10,182,178],""size"":[164,168],""center"":[100.0,94.0],""pixels"":21159,""component_count"":1,""label_band_start_y"":128,""body_band_proxy_bbox"":[18,10,182,128],""label_band_proxy_bbox"":[25,128,175,178]}","{""bbox"":[24,11,175,177],""size"":[151,166],""center"":[99.5,94.0],""pixels"":17780,""component_count"":7,""label_band_start_y"":128,""body_band_proxy_bbox"":[24,11,175,128],""label_band_proxy_bbox"":[38,128,161,177]}",0.920732,0.988095,"[-0.5,0.0]",0.079268,True,"[164,118]","[151,117]",0.920732,0.991525,0.079268,True,"[150,50]","[123,49]",0.82,0.98,0.18,True
pk_high,pk,high,2,pk_detail,8,clear_supply_base,,해제,6,59,"{""bbox"":[18,10,182,178],""size"":[164,168],""center"":[100.0,94.0],""pixels"":21159,""component_count"":1,""label_band_start_y"":128,""body_band_proxy_bbox"":[18,10,182,128],""label_band_proxy_bbox"":[25,128,175,178]}","{""bbox"":[24,11,177,177],""size"":[153,166],""center"":[100.5,94.0],""pixels"":17919,""component_count"":3,""label_band_start_y"":128,""body_band_proxy_bbox"":[24,11,177,128],""label_band_proxy_bbox"":[36,128,165,177]}",0.932927,0.988095,"[0.5,0.0]",0.067073,True,"[164,118]","[153,117]",0.932927,0.991525,0.067073,True,"[150,50]","[129,49]",0.86,0.98,0.14,True
pk_high,pk,high,2,pk_detail,9,defense_base,,방어거점,1,60,"{""bbox"":[5,10,196,178],""size"":[191,168],""center"":[100.5,94.0],""pixels"":24540,""component_count"":1,""label_band_start_y"":128,""body_band_proxy_bbox"":[5,10,193,128],""label_band_proxy_bbox"":[5,128,196,178]}","{""bbox"":[22,11,179,177],""size"":[157,166],""center"":[100.5,94.0],""pixels"":20404,""component_count"":7,""label_band_start_y"":128,""body_band_proxy_bbox"":[22,11,179,128],""label_band_proxy_bbox"":[31,128,176,177]}",0.82199,0.988095,"[0.0,0.0]",0.17801,True,"[188,118]","[157,117]",0.835106,0.991525,0.164894,True,"[191,50]","[145,49]",0.759162,0.98,0.240838,True
pk_high,pk,high,2,pk_detail,9,defense_base,,방어거점,2,61,"{""bbox"":[5,10,196,178],""size"":[191,168],""center"":[100.5,94.0],""pixels"":24540,""component_count"":1,""label_band_start_y"":128,""body_band_proxy_bbox"":[5,10,193,128],""label_band_proxy_bbox"":[5,128,196,178]}","{""bbox"":[23,11,178,177],""size"":[155,166],""center"":[100.5,94.0],""pixels"":20272,""component_count"":14,""label_band_start_y"":128,""body_band_proxy_bbox"":[23,11,178,128],""label_band_proxy_bbox"":[26,128,173,177]}",0.811518,0.988095,"[0.0,0.0]",0.188482,True,"[188,118]","[155,117]",0.824468,0.991525,0.175532,True,"[191,50]","[147,49]",0.769634,0.98,0.230366,True
pk_high,pk,high,2,pk_detail,9,defense_base,,방어거점,3,62,"{""bbox"":[5,10,196,178],""size"":[191,168],""center"":[100.5,94.0],""pixels"":24540,""component_count"":1,""label_band_start_y"":128,""body_band_proxy_bbox"":[5,10,193,128],""label_band_proxy_bbox"":[5,128,196,178]}","{""bbox"":[22,11,178,177],""size"":[156,166],""center"":[100.0,94.0],""pixels"":20359,""component_count"":6,""label_band_start_y"":128,""body_band_proxy_bbox"":[22,11,178,128],""label_band_proxy_bbox"":[27,128,173,177]}",0.816754,0.988095,"[-0.5,0.0]",0.183246,True,"[188,118]","[156,117]",0.829787,0.991525,0.170213,True,"[191,50]","[146,49]",0.764398,0.98,0.235602,True
pk_high,pk,high,2,pk_detail,9,defense_base,,방어거점,4,63,"{""bbox"":[5,10,196,178],""size"":[191,168],""center"":[100.5,94.0],""pixels"":24540,""component_count"":1,""label_band_start_y"":128,""body_band_proxy_bbox"":[5,10,193,128],""label_band_proxy_bbox"":[5,128,196,178]}","{""bbox"":[22,11,179,177],""size"":[157,166],""center"":[100.5,94.0],""pixels"":20280,""component_count"":8,""label_band_start_y"":128,""body_band_proxy_bbox"":[22,11,179,128],""label_band_proxy_bbox"":[29,128,174,177]}",0.82199,0.988095,"[0.0,0.0]",0.17801,True,"[188,118]","[157,117]",0.835106,0.991525,0.164894,True,"[191,50]","[145,49]",0.759162,0.98,0.240838,True
pk_high,pk,high,2,pk_detail,9,defense_base,,방어거점,5,64,"{""bbox"":[5,10,196,178],""size"":[191,168],""center"":[100.5,94.0],""pixels"":24540,""component_count"":1,""label_band_start_y"":128,""body_band_proxy_bbox"":[5,10,193,128],""label_band_proxy_bbox"":[5,128,196,178]}","{""bbox"":[22,11,178,177],""size"":[156,166],""center"":[100.0,94.0],""pixels"":20437,""component_count"":7,""label_band_start_y"":128,""body_band_proxy_bbox"":[22,11,178,128],""label_band_proxy_bbox"":[26,128,174,177]}",0.816754,0.988095,"[-0.5,0.0]",0.183246,True,"[188,118]","[156,117]",0.829787,0.991525,0.170213,True,"[191,50]","[148,49]",0.774869,0.98,0.225131,True
pk_high,pk,high,2,pk_detail,9,defense_base,,방어거점,6,65,"{""bbox"":[5,10,196,178],""size"":[191,168],""center"":[100.5,94.0],""pixels"":24540,""component_count"":1,""label_band_start_y"":128,""body_band_proxy_bbox"":[5,10,193,128],""label_band_proxy_bbox"":[5,128,196,178]}","{""bbox"":[22,11,180,177],""size"":[158,166],""center"":[101.0,94.0],""pixels"":20452,""component_count"":6,""label_band_start_y"":128,""body_band_proxy_bbox"":[22,11,180,128],""label_band_proxy_bbox"":[31,128,175,177]}",0.827225,0.988095,"[0.5,0.0]",0.172775,True,"[188,118]","[158,117]",0.840426,0.991525,0.159574,True,"[191,50]","[144,49]",0.753927,0.98,0.246073,True
pk_high,pk,high,2,pk_detail,10,clear_defense_base,,해제,1,66,"{""bbox"":[18,10,182,178],""size"":[164,168],""center"":[100.0,94.0],""pixels"":21159,""component_count"":1,""label_band_start_y"":128,""body_band_proxy_bbox"":[18,10,182,128],""label_band_proxy_bbox"":[25,128,175,178]}","{""bbox"":[21,11,179,177],""size"":[158,166],""center"":[100.0,94.0],""pixels"":18646,""component_count"":5,""label_band_start_y"":128,""body_band_proxy_bbox"":[21,11,179,128],""label_band_proxy_bbox"":[33,128,167,177]}",0.963415,0.988095,"[0.0,0.0]",0.036585,False,"[164,118]","[158,117]",0.963415,0.991525,0.036585,False,"[150,50]","[134,49]",0.893333,0.98,0.106667,True
pk_high,pk,high,2,pk_detail,10,clear_defense_base,,해제,2,67,"{""bbox"":[18,10,182,178],""size"":[164,168],""center"":[100.0,94.0],""pixels"":21159,""component_count"":1,""label_band_start_y"":128,""body_band_proxy_bbox"":[18,10,182,128],""label_band_proxy_bbox"":[25,128,175,178]}","{""bbox"":[23,11,177,177],""size"":[154,166],""center"":[100.0,94.0],""pixels"":18168,""component_count"":5,""label_band_start_y"":128,""body_band_proxy_bbox"":[23,11,177,128],""label_band_proxy_bbox"":[36,128,165,177]}",0.939024,0.988095,"[0.0,0.0]",0.060976,True,"[164,118]","[154,117]",0.939024,0.991525,0.060976,True,"[150,50]","[129,49]",0.86,0.98,0.14,True
pk_high,pk,high,2,pk_detail,10,clear_defense_base,,해제,3,68,"{""bbox"":[18,10,182,178],""size"":[164,168],""center"":[100.0,94.0],""pixels"":21159,""component_count"":1,""label_band_start_y"":128,""body_band_proxy_bbox"":[18,10,182,128],""label_band_proxy_bbox"":[25,128,175,178]}","{""bbox"":[22,11,177,177],""size"":[155,166],""center"":[99.5,94.0],""pixels"":18282,""component_count"":9,""label_band_start_y"":128,""body_band_proxy_bbox"":[22,11,177,128],""label_band_proxy_bbox"":[34,128,165,177]}",0.945122,0.988095,"[-0.5,0.0]",0.054878,True,"[164,118]","[155,117]",0.945122,0.991525,0.054878,True,"[150,50]","[131,49]",0.873333,0.98,0.126667,True
pk_high,pk,high,2,pk_detail,10,clear_defense_base,,해제,4,69,"{""bbox"":[18,10,182,178],""size"":[164,168],""center"":[100.0,94.0],""pixels"":21159,""component_count"":1,""label_band_start_y"":128,""body_band_proxy_bbox"":[18,10,182,128],""label_band_proxy_bbox"":[25,128,175,178]}","{""bbox"":[22,11,178,178],""size"":[156,167],""center"":[100.0,94.5],""pixels"":18317,""component_count"":8,""label_band_start_y"":128,""body_band_proxy_bbox"":[22,11,178,128],""label_band_proxy_bbox"":[34,128,166,178]}",0.95122,0.994048,"[0.0,0.5]",0.04878,False,"[164,118]","[156,117]",0.95122,0.991525,0.04878,False,"[150,50]","[132,50]",0.88,1.0,0.12,True
pk_high,pk,high,2,pk_detail,10,clear_defense_base,,해제,5,70,"{""bbox"":[18,10,182,178],""size"":[164,168],""center"":[100.0,94.0],""pixels"":21159,""component_count"":1,""label_band_start_y"":128,""body_band_proxy_bbox"":[18,10,182,128],""label_band_proxy_bbox"":[25,128,175,178]}","{""bbox"":[23,11,177,177],""size"":[154,166],""center"":[100.0,94.0],""pixels"":18094,""component_count"":3,""label_band_start_y"":128,""body_band_proxy_bbox"":[23,11,177,128],""label_band_proxy_bbox"":[35,128,165,177]}",0.939024,0.988095,"[0.0,0.0]",0.060976,True,"[164,118]","[154,117]",0.939024,0.991525,0.060976,True,"[150,50]","[130,49]",0.866667,0.98,0.133333,True
pk_high,pk,high,2,pk_detail,10,clear_defense_base,,해제,6,71,"{""bbox"":[18,10,182,178],""size"":[164,168],""center"":[100.0,94.0],""pixels"":21159,""component_count"":1,""label_band_start_y"":128,""body_band_proxy_bbox"":[18,10,182,128],""label_band_proxy_bbox"":[25,128,175,178]}","{""bbox"":[21,11,179,177],""size"":[158,166],""center"":[100.0,94.0],""pixels"":18537,""component_count"":6,""label_band_start_y"":128,""body_band_proxy_bbox"":[21,11,179,128],""label_band_proxy_bbox"":[33,128,167,177]}",0.963415,0.988095,"[0.0,0.0]",0.036585,False,"[164,118]","[158,117]",0.963415,0.991525,0.036585,False,"[150,50]","[134,49]",0.893333,0.98,0.106667,True
pk_high,pk,high,2,pk_detail,11,edit_defense_base,,편집,1,72,"{""bbox"":[18,10,182,178],""size"":[164,168],""center"":[100.0,94.0],""pixels"":21224,""component_count"":1,""label_band_start_y"":128,""body_band_proxy_bbox"":[18,10,182,128],""label_band_proxy_bbox"":[25,128,175,178]}","{""bbox"":[20,11,180,178],""size"":[160,167],""center"":[100.0,94.5],""pixels"":19068,""component_count"":4,""label_band_start_y"":128,""body_band_proxy_bbox"":[20,11,180,128],""label_band_proxy_bbox"":[30,128,169,178]}",0.97561,0.994048,"[0.0,0.5]",0.02439,False,"[164,118]","[160,117]",0.97561,0.991525,0.02439,False,"[150,50]","[139,50]",0.926667,1.0,0.073333,False
pk_high,pk,high,2,pk_detail,11,edit_defense_base,,편집,2,73,"{""bbox"":[18,10,182,178],""size"":[164,168],""center"":[100.0,94.0],""pixels"":21224,""component_count"":1,""label_band_start_y"":128,""body_band_proxy_bbox"":[18,10,182,128],""label_band_proxy_bbox"":[25,128,175,178]}","{""bbox"":[22,11,177,178],""size"":[155,167],""center"":[99.5,94.5],""pixels"":18613,""component_count"":4,""label_band_start_y"":128,""body_band_proxy_bbox"":[22,11,177,128],""label_band_proxy_bbox"":[34,128,166,178]}",0.945122,0.994048,"[-0.5,0.5]",0.054878,True,"[164,118]","[155,117]",0.945122,0.991525,0.054878,True,"[150,50]","[132,50]",0.88,1.0,0.12,True
pk_high,pk,high,2,pk_detail,11,edit_defense_base,,편집,3,74,"{""bbox"":[18,10,182,178],""size"":[164,168],""center"":[100.0,94.0],""pixels"":21224,""component_count"":1,""label_band_start_y"":128,""body_band_proxy_bbox"":[18,10,182,128],""label_band_proxy_bbox"":[25,128,175,178]}","{""bbox"":[23,11,177,177],""size"":[154,166],""center"":[100.0,94.0],""pixels"":18436,""component_count"":5,""label_band_start_y"":128,""body_band_proxy_bbox"":[23,11,177,128],""label_band_proxy_bbox"":[34,128,166,177]}",0.939024,0.988095,"[0.0,0.0]",0.060976,True,"[164,118]","[154,117]",0.939024,0.991525,0.060976,True,"[150,50]","[132,49]",0.88,0.98,0.12,True
pk_high,pk,high,2,pk_detail,11,edit_defense_base,,편집,4,75,"{""bbox"":[18,10,182,178],""size"":[164,168],""center"":[100.0,94.0],""pixels"":21224,""component_count"":1,""label_band_start_y"":128,""body_band_proxy_bbox"":[18,10,182,128],""label_band_proxy_bbox"":[25,128,175,178]}","{""bbox"":[22,11,179,177],""size"":[157,166],""center"":[100.5,94.0],""pixels"":18558,""component_count"":10,""label_band_start_y"":128,""body_band_proxy_bbox"":[22,11,179,128],""label_band_proxy_bbox"":[33,128,168,177]}",0.957317,0.988095,"[0.5,0.0]",0.042683,False,"[164,118]","[157,117]",0.957317,0.991525,0.042683,False,"[150,50]","[135,49]",0.9,0.98,0.1,False
pk_high,pk,high,2,pk_detail,11,edit_defense_base,,편집,5,76,"{""bbox"":[18,10,182,178],""size"":[164,168],""center"":[100.0,94.0],""pixels"":21224,""component_count"":1,""label_band_start_y"":128,""body_band_proxy_bbox"":[18,10,182,128],""label_band_proxy_bbox"":[25,128,175,178]}","{""bbox"":[24,11,177,177],""size"":[153,166],""center"":[100.5,94.0],""pixels"":18257,""component_count"":4,""label_band_start_y"":128,""body_band_proxy_bbox"":[24,11,177,128],""label_band_proxy_bbox"":[34,128,166,177]}",0.932927,0.988095,"[0.5,0.0]",0.067073,True,"[164,118]","[153,117]",0.932927,0.991525,0.067073,True,"[150,50]","[132,49]",0.88,0.98,0.12,True
pk_high,pk,high,2,pk_detail,11,edit_defense_base,,편집,6,77,"{""bbox"":[18,10,182,178],""size"":[164,168],""center"":[100.0,94.0],""pixels"":21224,""component_count"":1,""label_band_start_y"":128,""body_band_proxy_bbox"":[18,10,182,128],""label_band_proxy_bbox"":[25,128,175,178]}","{""bbox"":[20,11,179,178],""size"":[159,167],""center"":[99.5,94.5],""pixels"":18829,""component_count"":8,""label_band_start_y"":128,""body_band_proxy_bbox"":[20,11,179,128],""label_band_proxy_bbox"":[30,128,171,178]}",0.969512,0.994048,"[-0.5,0.5]",0.030488,False,"[164,118]","[159,117]",0.969512,0.991525,0.030488,False,"[150,50]","[141,50]",0.94,1.0,0.06,False
pk_high,pk,high,2,pk_main,0,wide_area,,광역,1,6,"{""bbox"":[20,18,184,184],""size"":[164,166],""center"":[102.0,101.0],""pixels"":20904,""component_count"":1,""label_band_start_y"":131,""body_band_proxy_bbox"":[20,18,184,131],""label_band_proxy_bbox"":[25,131,179,184]}","{""bbox"":[22,19,182,183],""size"":[160,164],""center"":[102.0,101.0],""pixels"":18628,""component_count"":5,""label_band_start_y"":131,""body_band_proxy_bbox"":[22,19,182,131],""label_band_proxy_bbox"":[28,131,176,183]}",0.97561,0.987952,"[0.0,0.0]",0.02439,False,"[164,113]","[160,112]",0.97561,0.99115,0.02439,False,"[154,53]","[148,52]",0.961039,0.981132,0.038961,False
pk_high,pk,high,2,pk_main,0,wide_area,,광역,2,7,"{""bbox"":[20,18,184,184],""size"":[164,166],""center"":[102.0,101.0],""pixels"":20904,""component_count"":1,""label_band_start_y"":131,""body_band_proxy_bbox"":[20,18,184,131],""label_band_proxy_bbox"":[25,131,179,184]}","{""bbox"":[24,19,181,183],""size"":[157,164],""center"":[102.5,101.0],""pixels"":18256,""component_count"":7,""label_band_start_y"":131,""body_band_proxy_bbox"":[24,19,181,131],""label_band_proxy_bbox"":[32,131,174,183]}",0.957317,0.987952,"[0.5,0.0]",0.042683,False,"[164,113]","[157,112]",0.957317,0.99115,0.042683,False,"[154,53]","[142,52]",0.922078,0.981132,0.077922,False
pk_high,pk,high,2,pk_main,0,wide_area,,광역,3,8,"{""bbox"":[20,18,184,184],""size"":[164,166],""center"":[102.0,101.0],""pixels"":20904,""component_count"":1,""label_band_start_y"":131,""body_band_proxy_bbox"":[20,18,184,131],""label_band_proxy_bbox"":[25,131,179,184]}","{""bbox"":[24,19,181,183],""size"":[157,164],""center"":[102.5,101.0],""pixels"":18372,""component_count"":12,""label_band_start_y"":131,""body_band_proxy_bbox"":[24,19,181,131],""label_band_proxy_bbox"":[30,131,175,183]}",0.957317,0.987952,"[0.5,0.0]",0.042683,False,"[164,113]","[157,112]",0.957317,0.99115,0.042683,False,"[154,53]","[145,52]",0.941558,0.981132,0.058442,False
pk_high,pk,high,2,pk_main,0,wide_area,,광역,4,9,"{""bbox"":[20,18,184,184],""size"":[164,166],""center"":[102.0,101.0],""pixels"":20904,""component_count"":1,""label_band_start_y"":131,""body_band_proxy_bbox"":[20,18,184,131],""label_band_proxy_bbox"":[25,131,179,184]}","{""bbox"":[22,19,182,183],""size"":[160,164],""center"":[102.0,101.0],""pixels"":18525,""component_count"":11,""label_band_start_y"":131,""body_band_proxy_bbox"":[22,19,182,131],""label_band_proxy_bbox"":[29,131,176,183]}",0.97561,0.987952,"[0.0,0.0]",0.02439,False,"[164,113]","[160,112]",0.97561,0.99115,0.02439,False,"[154,53]","[147,52]",0.954545,0.981132,0.045455,False
pk_high,pk,high,2,pk_main,0,wide_area,,광역,5,10,"{""bbox"":[20,18,184,184],""size"":[164,166],""center"":[102.0,101.0],""pixels"":20904,""component_count"":1,""label_band_start_y"":131,""body_band_proxy_bbox"":[20,18,184,131],""label_band_proxy_bbox"":[25,131,179,184]}","{""bbox"":[24,19,180,183],""size"":[156,164],""center"":[102.0,101.0],""pixels"":18118,""component_count"":7,""label_band_start_y"":131,""body_band_proxy_bbox"":[24,19,180,131],""label_band_proxy_bbox"":[31,131,173,183]}",0.95122,0.987952,"[0.0,0.0]",0.04878,False,"[164,113]","[156,112]",0.95122,0.99115,0.04878,False,"[154,53]","[142,52]",0.922078,0.981132,0.077922,False
pk_high,pk,high,2,pk_main,0,wide_area,,광역,6,11,"{""bbox"":[20,18,184,184],""size"":[164,166],""center"":[102.0,101.0],""pixels"":20904,""component_count"":1,""label_band_start_y"":131,""body_band_proxy_bbox"":[20,18,184,131],""label_band_proxy_bbox"":[25,131,179,184]}","{""bbox"":[21,19,182,183],""size"":[161,164],""center"":[101.5,101.0],""pixels"":18538,""component_count"":9,""label_band_start_y"":131,""body_band_proxy_bbox"":[21,19,182,131],""label_band_proxy_bbox"":[29,131,176,183]}",0.981707,0.987952,"[-0.5,0.0]",0.018293,False,"[164,113]","[161,112]",0.981707,0.99115,0.018293,False,"[154,53]","[147,52]",0.954545,0.981132,0.045455,False
